bioguide,name,chamber,party,state,district,industry_labels,policy_topics,committees,subcommittees,official_url
B001314,Aaron Bean,House,Republican,FL,4,[],[],"[""House Committee on Ways and Means""]","[""Oversight"", ""Social Security"", ""Work and Welfare""]",https://bean.house.gov
H001098,Abraham J. Hamadeh,House,Republican,AZ,8,"[""Aerospace & defense"", ""Aircraft manufacturing"", ""Biotechnology"", ""Cybersecurity"", ""Defense aerospace"", ""Defense communications"", ""Defense electronics"", ""Defense systems"", ""Defense technology"", ""Health insurance"", ""Healthcare services"", ""Healthcare software"", ""Medical devices"", ""Medical diagnostics"", ""Military drones"", ""Military systems"", ""Missile systems"", ""Nuclear technology"", ""Pharmaceuticals"", ""Satellite communications"", ""Space systems""]","[""Classified intelligence"", ""FDA policy"", ""Ground combat systems"", ""Health insurance policy"", ""Military intelligence"", ""Military procurement"", ""Military space"", ""Missile defense"", ""National defense"", ""Nuclear deterrence"", ""Public health policy"", ""Special operations"", ""Tactical aviation""]","[""House Committee on Armed Services"", ""House Committee on Veterans' Affairs""]","[""Economic Opportunity"", ""Health"", ""Intelligence and Special Operations"", ""Strategic Forces"", ""Tactical Air and Land Forces""]",https://hamadeh.house.gov
G000605,Adam Gray,House,Democrat,CA,13,"[""Agriculture"", ""Animal nutrition"", ""Broad commodities"", ""Cryptocurrency exchange"", ""Derivatives"", ""Digital assets"", ""Farm supplies"", ""Forestry"", ""Futures-based commodity exposure"", ""Livestock health"", ""Mining royalties"", ""Natural-gas exploration & production"", ""Oil exploration & production"", ""Packaged foods"", ""Specialty minerals"", ""Water infrastructure"", ""Water utilities""]","[""Agricultural policy"", ""Commodity markets"", ""Dairy policy"", ""Digital asset policy"", ""Fisheries"", ""Food policy"", ""Forestry policy"", ""Horticulture policy"", ""Livestock policy"", ""Natural resources policy"", ""Poultry policy"", ""Public lands"", ""Rural development"", ""Water policy"", ""Wildlife""]","[""House Committee on Agriculture"", ""House Committee on Natural Resources""]","[""Commodity Markets, Digital Assets, and Rural Development"", ""Forestry and Horticulture"", ""Livestock, Dairy, and Poultry"", ""Water, Wildlife and Fisheries""]",https://gray.house.gov
S000510,Adam Smith,House,Democrat,WA,9,"[""Aerospace & defense"", ""Defense systems"", ""Defense technology""]","[""Military procurement"", ""National defense""]","[""House Committee on Armed Services""]",[],https://adamsmith.house.gov
M001240,Addison P. McDowell,House,Republican,NC,6,"[""Aerospace systems"", ""Air freight"", ""Aircraft manufacturing"", ""Commercial aerospace"", ""Forestry"", ""Infrastructure construction"", ""Logistics"", ""Maritime transportation"", ""Mining royalties"", ""Natural-gas exploration & production"", ""Oil exploration & production"", ""Passenger airlines"", ""Specialty minerals"", ""Transit systems"", ""Transportation infrastructure"", ""Water infrastructure"", ""Water utilities""]","[""Aviation safety"", ""Coast Guard"", ""FAA policy"", ""Fisheries"", ""Highway policy"", ""Infrastructure policy"", ""Maritime policy"", ""Natural resources policy"", ""Public lands"", ""Public transit"", ""Transportation policy"", ""Water policy"", ""Wildlife""]","[""House Committee on Natural Resources"", ""House Committee on Transportation and Infrastructure"", ""House Committee on the Budget""]","[""Aviation"", ""Coast Guard and Maritime Transportation"", ""Highways and Transit"", ""Indian and Insular Affairs"", ""Water, Wildlife and Fisheries""]",https://mcdowell.house.gov
G000606,Adelita S. Grijalva,House,Democrat,AZ,7,"[""Forestry"", ""Gold"", ""Iron ore"", ""Mining royalties"", ""Natural-gas exploration & production"", ""Oil exploration & production"", ""Silver"", ""Specialty minerals""]","[""Federal energy resources"", ""Mining policy"", ""Natural resources policy"", ""Public lands""]","[""House Committee on Education and Workforce"", ""House Committee on Natural Resources""]","[""Early Childhood, Elementary, and Secondary Education"", ""Energy and Mineral Resources"", ""Higher Education and Workforce Development"", ""Indian and Insular Affairs""]",https://grijalva.house.gov
S001172,Adrian Smith,House,Republican,NE,3,"[""Biotechnology"", ""Health insurance"", ""Healthcare services"", ""Healthcare software"", ""Managed care"", ""Medical devices"", ""Medical diagnostics"", ""Pharmaceuticals""]","[""Customs"", ""FDA policy"", ""Health insurance policy"", ""Health tax policy"", ""Medicare policy"", ""Public health policy"", ""Tariffs"", ""Trade policy""]","[""House Committee on Ways and Means"", ""Joint Committee on Taxation""]","[""Health"", ""Trade""]",https://adriansmith.house.gov
E000297,Adriano Espaillat,House,Democrat,NY,13,"[""Commercial aerospace"", ""Infrastructure construction"", ""Multifamily residential REIT"", ""Rail equipment"", ""Residential real estate"", ""Transportation infrastructure""]","[""Federal appropriations"", ""Housing policy"", ""Transportation funding""]","[""House Committee on Appropriations""]","[""Legislative Branch"", ""Transportation, Housing and Urban Development, and Related Agencies""]",https://espaillat.house.gov
W000832,Aisha Wahab,House,Democrat,CA,14,[],[],[],[],
G000553,Al Green,House,Democrat,TX,9,"[""Asset management"", ""Banking"", ""Commercial banking"", ""Consumer banking"", ""Consumer finance"", ""Credit cards"", ""Fintech"", ""Insurance"", ""Regional banking"", ""Securities exchanges""]","[""Bank regulation"", ""Consumer financial protection"", ""Financial regulation""]","[""House Committee on Financial Services"", ""House Committee on Homeland Security""]","[""Border Security and Enforcement"", ""Financial Institutions"", ""Oversight and Investigations"", ""Oversight, Investigations, and Accountability""]",https://algreen.house.gov
O000172,Alexandria Ocasio-Cortez,House,Democrat,NY,14,"[""Battery storage"", ""Biotechnology"", ""Electric utilities"", ""Health insurance"", ""Healthcare services"", ""Healthcare software"", ""Hydrogen energy"", ""Integrated oil & gas"", ""Medical devices"", ""Medical diagnostics"", ""Natural-gas exploration & production"", ""Nuclear power"", ""Oil & gas pipelines"", ""Pharmaceuticals"", ""Power generation"", ""Power transmission"", ""Solar energy"", ""Wind energy""]","[""Consumer protection"", ""Energy infrastructure"", ""Energy policy"", ""Energy regulation"", ""FDA policy"", ""Grid reliability"", ""Health insurance policy"", ""Interstate commerce"", ""Public health"", ""Public health policy"", ""Telecommunications policy""]","[""House Committee on Energy and Commerce""]","[""Energy"", ""Health"", ""Oversight and Investigations""]",https://ocasio-cortez.house.gov
A000370,Alma S. Adams,House,Democrat,NC,12,"[""Agriculture"", ""Animal health"", ""Animal nutrition"", ""Biotechnology"", ""Broad commodities"", ""Farm supplies"", ""Food brands"", ""Packaged foods""]","[""Agricultural biotechnology"", ""Agricultural policy"", ""Agricultural research"", ""Agricultural trade"", ""Conservation"", ""Food policy"", ""Nutrition policy"", ""Rural development""]","[""House Committee on Agriculture"", ""House Committee on Education and Workforce""]","[""Conservation, Research, and Biotechnology"", ""Early Childhood, Elementary, and Secondary Education"", ""Higher Education and Workforce Development"", ""Nutrition and Foreign Agriculture""]",https://adams.house.gov
B001287,Ami Bera,House,Democrat,CA,6,"[""Cybersecurity"", ""Defense communications"", ""Defense electronics"", ""Satellite communications"", ""Space systems""]","[""Classified intelligence"", ""Cyber intelligence"", ""National security""]","[""House Committee on Foreign Affairs"", ""House Permanent Select Committee on Intelligence""]","[""East Asia and Pacific"", ""National Intelligence Enterprise"", ""National Security Agency and Cyber"", ""South and Central Asia""]",https://bera.house.gov
M001246,Analilia Mejia,House,Democrat,NJ,11,[],[],"[""House Committee on Homeland Security"", ""House Committee on Small Business""]","[""Border Security and Enforcement""]",https://mejia.house.gov
S001226,Andrea Salinas,House,Democrat,OR,6,"[""Aerospace systems"", ""Agriculture"", ""Animal nutrition"", ""Artificial intelligence"", ""Battery storage"", ""Broad commodities"", ""Clean energy"", ""Commercial aerospace"", ""Electric utilities"", ""Farm supplies"", ""Food brands"", ""Forestry"", ""Hydrogen energy"", ""Integrated oil & gas"", ""Natural-gas exploration & production"", ""Nuclear power"", ""Oil & gas pipelines"", ""Packaged foods"", ""Power generation"", ""Power transmission"", ""Satellite communications"", ""Semiconductors"", ""Solar energy"", ""Space launch"", ""Space systems"", ""Wind energy""]","[""Agricultural policy"", ""Agricultural trade"", ""Commercial space policy"", ""Energy infrastructure"", ""Energy regulation"", ""Energy research"", ""Food policy"", ""Forestry policy"", ""Grid reliability"", ""Horticulture policy"", ""NASA"", ""Nutrition policy"", ""Rural development"", ""Science policy"", ""Space policy"", ""Technology policy""]","[""House Committee on Agriculture"", ""House Committee on Science, Space, and Technology""]","[""Energy"", ""Forestry and Horticulture"", ""Nutrition and Foreign Agriculture"", ""Space and Aeronautics""]",https://salinas.house.gov
O000175,Andrew Ogles,House,Republican,TN,5,"[""Asset management"", ""Banking"", ""Brokerage"", ""Cloud security"", ""Consumer finance"", ""Cybersecurity"", ""Electric-grid infrastructure"", ""Fintech"", ""Identity security"", ""Institutional investing"", ""Insurance"", ""Investment banking"", ""Market data"", ""Securities exchanges"", ""Telecom infrastructure""]","[""Capital markets regulation"", ""Critical infrastructure cybersecurity"", ""Financial regulation"", ""Homeland security""]","[""House Committee on Financial Services"", ""House Committee on Homeland Security""]","[""Border Security and Enforcement"", ""Capital Markets"", ""Cybersecurity and Infrastructure Protection"", ""National Security, Illicit Finance, and International Financial Institutions"", ""Oversight and Investigations"", ""Oversight, Investigations, and Accountability""]",https://ogles.house.gov
G000597,Andrew R. Garbarino,House,Republican,NY,2,"[""Asset management"", ""Banking"", ""Brokerage"", ""Consumer finance"", ""Fintech"", ""Institutional investing"", ""Insurance"", ""Investment banking"", ""Market data"", ""Mortgage technology"", ""Multifamily residential REIT"", ""Property & casualty insurance"", ""Residential real estate"", ""Securities exchanges""]","[""Capital markets regulation"", ""Financial regulation"", ""Housing finance"", ""Insurance regulation""]","[""House Committee on Ethics"", ""House Committee on Financial Services"", ""House Committee on Homeland Security""]","[""Capital Markets"", ""Housing and Insurance"", ""Oversight and Investigations""]",https://garbarino.house.gov
C001116,Andrew S. Clyde,House,Republican,GA,9,"[""Artificial intelligence"", ""Biotechnology"", ""Commercial aerospace"", ""Education services"", ""Health insurance"", ""Healthcare services"", ""Medical devices"", ""Medical diagnostics"", ""Pharmaceuticals"", ""Space launch"", ""Space systems""]","[""Commerce policy"", ""Education appropriations"", ""Federal appropriations"", ""Health appropriations"", ""Labor policy"", ""Science funding"", ""Space policy"", ""Technology policy""]","[""House Committee on Appropriations"", ""House Committee on the Budget""]","[""Commerce, Justice, Science, and Related Agencies"", ""Labor, Health and Human Services, Education, and Related Agencies""]",https://clyde.house.gov
C001072,André Carson,House,Democrat,IN,7,"[""Aerospace systems"", ""Air freight"", ""Aircraft manufacturing"", ""Commercial aerospace"", ""Cybersecurity"", ""Defense communications"", ""Defense electronics"", ""Hazardous-waste services"", ""Infrastructure construction"", ""Oil & gas pipelines"", ""Passenger airlines"", ""Pipeline construction"", ""Rail equipment"", ""Rail technology"", ""Satellite communications"", ""Space systems"", ""Transportation infrastructure""]","[""Aviation safety"", ""Classified intelligence"", ""Cyber intelligence"", ""FAA policy"", ""Hazardous materials"", ""Infrastructure policy"", ""National security"", ""Pipeline safety"", ""Rail safety"", ""Transportation policy""]","[""House Committee on Transportation and Infrastructure"", ""House Permanent Select Committee on Intelligence"", ""House Select Committee on the Strategic Competition Between the United States and the Chinese Communist Party""]","[""Aviation"", ""Railroads, Pipelines, and Hazardous Materials""]",https://carson.house.gov
B001282,Andy Barr,House,Republican,KY,6,"[""Asset management"", ""Banking"", ""Commercial banking"", ""Consumer banking"", ""Consumer finance"", ""Credit cards"", ""Fintech"", ""Insurance"", ""Regional banking"", ""Securities exchanges""]","[""Bank regulation"", ""Consumer financial protection"", ""Financial regulation""]","[""House Committee on Financial Services"", ""House Committee on Foreign Affairs"", ""House Select Committee on the Strategic Competition Between the United States and the Chinese Communist Party""]","[""East Asia and Pacific"", ""Financial Institutions"", ""National Security, Illicit Finance, and International Financial Institutions""]",https://barr.house.gov
B001302,Andy Biggs,House,Republican,AZ,5,[],[],"[""House Committee on Oversight and Government Reform"", ""House Committee on the Judiciary""]","[""Crime and Federal Government Surveillance"", ""Federal Law Enforcement"", ""Immigration Integrity, Security, and Enforcement"", ""Military and Foreign Affairs""]",https://biggs.house.gov
H001052,Andy Harris,House,Republican,MD,1,"[""Agriculture"", ""Biotechnology"", ""Education services"", ""Health insurance"", ""Healthcare services"", ""Medical devices"", ""Medical diagnostics"", ""Packaged foods"", ""Pharmaceuticals""]","[""Agricultural appropriations"", ""Education appropriations"", ""FDA appropriations"", ""Federal appropriations"", ""Health appropriations"", ""Labor policy""]","[""House Committee on Appropriations""]","[""Agriculture, Rural Development, Food and Drug Administration, and Related Agencies"", ""Labor, Health and Human Services, Education, and Related Agencies""]",https://harris.house.gov
C001119,Angie Craig,House,Democrat,MN,2,"[""Agriculture"", ""Animal nutrition"", ""Broad commodities"", ""Farm supplies"", ""Packaged foods""]","[""Agricultural policy"", ""Food policy"", ""Rural development""]","[""House Committee on Agriculture""]",[],https://craig.house.gov
W000812,Ann Wagner,House,Republican,MO,2,"[""Asset management"", ""Banking"", ""Brokerage"", ""Consumer finance"", ""Cybersecurity"", ""Defense communications"", ""Defense electronics"", ""Fintech"", ""Institutional investing"", ""Insurance"", ""Investment banking"", ""Market data"", ""Satellite communications"", ""Securities exchanges"", ""Space systems""]","[""Capital markets regulation"", ""Classified intelligence"", ""Cyber intelligence"", ""Financial regulation"", ""National security""]","[""House Committee on Financial Services"", ""House Permanent Select Committee on Intelligence""]","[""Capital Markets"", ""National Intelligence Enterprise"", ""Open Source Intelligence"", ""Oversight and Investigations""]",https://wagner.house.gov
L000596,Anna Paulina Luna,House,Republican,FL,13,[],[],"[""House Committee on Foreign Affairs"", ""House Committee on Oversight and Government Reform""]","[""Cybersecurity, Information Technology, and Government Innovation"", ""Delivering on Government Efficiency"", ""Europe"", ""Health Care and Financial Services"", ""Military and Foreign Affairs"", ""Oversight and Intelligence""]",https://luna.house.gov
M001232,April McClain Delaney,House,Democrat,MD,6,"[""Advanced materials"", ""Agriculture"", ""Animal health"", ""Animal nutrition"", ""Artificial intelligence"", ""Biotechnology"", ""Broad commodities"", ""Commercial aerospace"", ""Cryptocurrency exchange"", ""Derivatives"", ""Digital assets"", ""Farm supplies"", ""Futures-based commodity exposure"", ""Packaged foods"", ""Quantum technology"", ""Robotics & AI"", ""Semiconductors"", ""Space launch"", ""Space systems""]","[""Agricultural biotechnology"", ""Agricultural policy"", ""Agricultural research"", ""Commodity markets"", ""Conservation"", ""Digital asset policy"", ""Emerging technology"", ""Federal R&D"", ""Food policy"", ""Rural development"", ""Science policy"", ""Space policy"", ""Technology policy""]","[""House Committee on Agriculture"", ""House Committee on Science, Space, and Technology""]","[""Commodity Markets, Digital Assets, and Rural Development"", ""Conservation, Research, and Biotechnology"", ""Research and Technology""]",https://mcclaindelaney.house.gov
H001091,Ashley Hinson,House,Republican,IA,2,"[""Agriculture"", ""Asset management"", ""Banking"", ""Biotechnology"", ""Consumer finance"", ""Cybersecurity"", ""Defense communications"", ""Defense technology"", ""Fintech"", ""Insurance"", ""Medical devices"", ""Medical diagnostics"", ""Packaged foods"", ""Pharmaceuticals"", ""Securities exchanges""]","[""Agricultural appropriations"", ""Border security"", ""FDA appropriations"", ""Federal appropriations"", ""Financial regulation appropriations"", ""Homeland security appropriations""]","[""House Committee on Appropriations"", ""House Committee on Ethics"", ""House Select Committee on the Strategic Competition Between the United States and the Chinese Communist Party""]","[""Agriculture, Rural Development, Food and Drug Administration, and Related Agencies"", ""Financial Services and General Government"", ""Homeland Security""]",https://hinson.house.gov
P000048,August Pfluger,House,Republican,TX,11,"[""Battery storage"", ""Broadband & cable"", ""Digital media"", ""Electric utilities"", ""Environmental services"", ""Fiber broadband"", ""Hazardous-waste services"", ""Hydrogen energy"", ""Industrial pollution control"", ""Integrated oil & gas"", ""Natural-gas exploration & production"", ""Networking equipment"", ""Nuclear power"", ""Oil & gas pipelines"", ""Power generation"", ""Power transmission"", ""Satellite communications"", ""Solar energy"", ""Specialty chemicals"", ""Telecommunications"", ""Waste disposal"", ""Water treatment"", ""Wind energy"", ""Wireless telecommunications""]","[""Air quality"", ""Broadband policy"", ""Chemical regulation"", ""Consumer protection"", ""Energy infrastructure"", ""Energy policy"", ""Energy regulation"", ""Environmental regulation"", ""Grid reliability"", ""Interstate commerce"", ""Public health"", ""Spectrum policy"", ""Telecommunications policy"", ""Telecommunications regulation""]","[""House Committee on Energy and Commerce"", ""House Committee on Homeland Security""]","[""Communications and Technology"", ""Counterterrorism and Intelligence"", ""Energy"", ""Environment""]",https://pfluger.house.gov
R000600,Aumua Amata Coleman Radewagen,House,Republican,AS,0,"[""Forestry"", ""Mining royalties"", ""Natural-gas exploration & production"", ""Oil exploration & production"", ""Specialty minerals"", ""Water infrastructure"", ""Water utilities""]","[""Fisheries"", ""Natural resources policy"", ""Public lands"", ""Water policy"", ""Wildlife""]","[""House Committee on Foreign Affairs"", ""House Committee on Natural Resources"", ""House Committee on Veterans' Affairs""]","[""Africa"", ""Disability Assistance and Memorial Affairs"", ""East Asia and Pacific"", ""Indian and Insular Affairs"", ""Oversight and Investigations"", ""Water, Wildlife and Fisheries""]",https://radewagen.house.gov
S001189,Austin Scott,House,Republican,GA,8,"[""Aerospace & defense"", ""Agriculture"", ""Animal nutrition"", ""Broad commodities"", ""Commercial banking"", ""Cryptocurrency exchange"", ""Cybersecurity"", ""Defense communications"", ""Defense electronics"", ""Defense systems"", ""Defense technology"", ""Derivatives"", ""Digital assets"", ""Farm supplies"", ""Food brands"", ""Futures-based commodity exposure"", ""Logistics"", ""Military systems"", ""Packaged foods"", ""Risk management"", ""Satellite communications"", ""Space systems""]","[""Agricultural policy"", ""Agricultural risk management"", ""Agricultural trade"", ""Classified intelligence"", ""Commodity markets"", ""Cyber intelligence"", ""Defense logistics"", ""Digital asset policy"", ""Farm credit"", ""Food policy"", ""Military intelligence"", ""Military procurement"", ""Military readiness"", ""National defense"", ""National security"", ""Nutrition policy"", ""Rural development"", ""Special operations""]","[""House Committee on Agriculture"", ""House Committee on Armed Services"", ""House Committee on Rules"", ""House Permanent Select Committee on Intelligence""]","[""Central Intelligence Agency"", ""Commodity Markets, Digital Assets, and Rural Development"", ""General Farm Commodities, Risk Management, and Credit"", ""Intelligence and Special Operations"", ""National Intelligence Enterprise"", ""National Security Agency and Cyber"", ""Nutrition and Foreign Agriculture"", ""Readiness"", ""Rules and Organization of the House""]",https://austinscott.house.gov
P000617,Ayanna Pressley,House,Democrat,MA,7,"[""Artificial intelligence"", ""Asset management"", ""Banking"", ""Blockchain financial services"", ""Consumer finance"", ""Cryptocurrency exchange"", ""Digital assets"", ""Digital payments"", ""Fintech"", ""Insurance"", ""Mortgage technology"", ""Multifamily residential REIT"", ""Property & casualty insurance"", ""Residential real estate"", ""Securities exchanges""]","[""AI in financial services"", ""Digital asset regulation"", ""Financial regulation"", ""Fintech policy"", ""Housing finance"", ""Insurance regulation""]","[""House Committee on Financial Services"", ""House Committee on Oversight and Government Reform""]","[""Digital Assets, Financial Technology, and Artificial Intelligence"", ""Housing and Insurance""]",https://pressley.house.gov
L000583,Barry Loudermilk,House,Republican,GA,11,"[""Asset management"", ""Banking"", ""Commercial banking"", ""Consumer banking"", ""Consumer finance"", ""Credit cards"", ""Fintech"", ""Insurance"", ""Regional banking"", ""Securities exchanges""]","[""Bank regulation"", ""Consumer financial protection"", ""Financial regulation""]","[""House Committee on Financial Services"", ""House Committee on House Administration"", ""House Select Subcommittee to Investigate the Remaining Questions Surrounding January 6, 2021""]","[""Elections"", ""Financial Institutions"", ""Oversight and Investigations""]",https://loudermilk.house.gov
M001212,Barry Moore,House,Republican,AL,1,"[""Agriculture"", ""Animal nutrition"", ""Broad commodities"", ""Commercial banking"", ""Farm supplies"", ""Forestry"", ""Livestock health"", ""Packaged foods"", ""Risk management""]","[""Agricultural policy"", ""Agricultural risk management"", ""Dairy policy"", ""Farm credit"", ""Food policy"", ""Forestry policy"", ""Horticulture policy"", ""Livestock policy"", ""Poultry policy"", ""Rural development""]","[""House Committee on Agriculture"", ""House Committee on the Judiciary""]","[""Crime and Federal Government Surveillance"", ""Forestry and Horticulture"", ""General Farm Commodities, Risk Management, and Credit"", ""Immigration Integrity, Security, and Enforcement"", ""Livestock, Dairy, and Poultry"", ""Oversight""]",https://barrymoore.house.gov
B001318,Becca Balint,House,Democrat,VT,0,[],[],"[""House Committee on the Budget"", ""House Committee on the Judiciary""]","[""The Administrative State, Regulatory Reform, and Antitrust"", ""The Constitution and Limited Government""]",https://balint.house.gov
C001118,Ben Cline,House,Republican,VA,6,"[""Agriculture"", ""Artificial intelligence"", ""Biotechnology"", ""Cloud computing"", ""Commercial aerospace"", ""Cybersecurity"", ""Defense communications"", ""Defense electronics"", ""Digital advertising"", ""Enterprise software"", ""Medical devices"", ""Medical diagnostics"", ""Packaged foods"", ""Pharmaceuticals"", ""Satellite communications"", ""Semiconductors"", ""Social media"", ""Space launch"", ""Space systems""]","[""AI policy"", ""Agricultural appropriations"", ""Classified intelligence"", ""Commerce policy"", ""Cyber intelligence"", ""FDA appropriations"", ""Federal appropriations"", ""Intellectual property"", ""Internet policy"", ""National security"", ""Science funding"", ""Space policy"", ""Technology policy""]","[""House Committee on Appropriations"", ""House Committee on the Budget"", ""House Committee on the Judiciary"", ""House Permanent Select Committee on Intelligence""]","[""Agriculture, Rural Development, Food and Drug Administration, and Related Agencies"", ""Commerce, Justice, Science, and Related Agencies"", ""Courts, Intellectual Property, Artificial Intelligence, and the Internet"", ""Defense Intelligence and Overhead Architecture"", ""National Security Agency and Cyber"", ""The Administrative State, Regulatory Reform, and Antitrust""]",https://cline.house.gov
T000193,Bennie G. Thompson,House,Democrat,MS,2,[],[],"[""House Committee on Homeland Security""]",[],https://benniethompson.house.gov
V000134,Beth Van Duyne,House,Republican,TX,24,[],"[""Customs"", ""Tariffs"", ""Trade policy""]","[""House Committee on Small Business"", ""House Committee on Ways and Means""]","[""Economic Growth, Tax, and Capital Access"", ""Oversight"", ""Oversight, Investigations, and Regulations"", ""Tax"", ""Trade"", ""Work and Welfare""]",https://vanduyne.house.gov
M001143,Betty McCollum,House,Democrat,MN,4,"[""Defense aerospace"", ""Defense electronics"", ""Defense systems"", ""Defense technology"", ""Environmental services"", ""Industrial pollution control"", ""Military drones"", ""Mining royalties"", ""Missile systems"", ""Specialty chemicals"", ""Specialty minerals"", ""Water treatment""]","[""Defense appropriations"", ""Environmental appropriations"", ""Federal appropriations"", ""Military procurement"", ""Public lands""]","[""House Committee on Appropriations""]","[""Defense"", ""Interior, Environment, and Related Agencies""]",https://mccollum.house.gov
F000454,Bill Foster,House,Democrat,IL,11,"[""Artificial intelligence"", ""Asset management"", ""Banking"", ""Blockchain financial services"", ""Commercial aerospace"", ""Commercial banking"", ""Consumer banking"", ""Consumer finance"", ""Credit cards"", ""Cryptocurrency exchange"", ""Digital assets"", ""Digital payments"", ""Fintech"", ""Insurance"", ""Regional banking"", ""Securities exchanges"", ""Semiconductors"", ""Space launch"", ""Space systems""]","[""AI in financial services"", ""Bank regulation"", ""Consumer financial protection"", ""Digital asset regulation"", ""Financial regulation"", ""Fintech policy"", ""Science policy"", ""Space policy"", ""Technology policy""]","[""House Committee on Financial Services"", ""House Committee on Science, Space, and Technology""]","[""Digital Assets, Financial Technology, and Artificial Intelligence"", ""Financial Institutions"", ""National Security, Illicit Finance, and International Financial Institutions""]",https://foster.house.gov
H001058,Bill Huizenga,House,Republican,MI,4,"[""Artificial intelligence"", ""Asset management"", ""Banking"", ""Blockchain financial services"", ""Commercial banking"", ""Consumer banking"", ""Consumer finance"", ""Credit cards"", ""Cryptocurrency exchange"", ""Digital assets"", ""Digital payments"", ""Fintech"", ""Insurance"", ""Regional banking"", ""Securities exchanges""]","[""AI in financial services"", ""Bank regulation"", ""Consumer financial protection"", ""Digital asset regulation"", ""Financial regulation"", ""Fintech policy""]","[""House Committee on Financial Services"", ""House Committee on Foreign Affairs""]","[""Africa"", ""Digital Assets, Financial Technology, and Artificial Intelligence"", ""Financial Institutions"", ""South and Central Asia""]",https://huizenga.house.gov
M001213,Blake D. Moore,House,Republican,UT,1,"[""Biotechnology"", ""Health insurance"", ""Healthcare services"", ""Healthcare software"", ""Managed care"", ""Medical devices"", ""Medical diagnostics"", ""Pharmaceuticals""]","[""Customs"", ""FDA policy"", ""Health insurance policy"", ""Health tax policy"", ""Medicare policy"", ""Public health policy"", ""Tariffs"", ""Trade policy""]","[""House Committee on Ways and Means"", ""House Committee on the Budget""]","[""Health"", ""Social Security"", ""Trade""]",https://blakemoore.house.gov
W000822,Bonnie Watson Coleman,House,Democrat,NJ,12,"[""Biotechnology"", ""Commercial aerospace"", ""Education services"", ""Health insurance"", ""Healthcare services"", ""Infrastructure construction"", ""Medical devices"", ""Medical diagnostics"", ""Multifamily residential REIT"", ""Pharmaceuticals"", ""Rail equipment"", ""Residential real estate"", ""Transportation infrastructure""]","[""Education appropriations"", ""Federal appropriations"", ""Health appropriations"", ""Housing policy"", ""Labor policy"", ""Transportation funding""]","[""House Committee on Appropriations"", ""House Committee on the Budget""]","[""Labor, Health and Human Services, Education, and Related Agencies"", ""Transportation, Housing and Urban Development, and Related Agencies""]",https://watsoncoleman.house.gov
F000475,Brad Finstad,House,Republican,MN,1,"[""Aerospace & defense"", ""Agriculture"", ""Aircraft manufacturing"", ""Animal nutrition"", ""Artificial intelligence"", ""Broad commodities"", ""Cloud computing"", ""Commercial banking"", ""Cryptocurrency exchange"", ""Cybersecurity"", ""Defense aerospace"", ""Defense electronics"", ""Defense software"", ""Defense systems"", ""Defense technology"", ""Derivatives"", ""Digital assets"", ""Farm supplies"", ""Food brands"", ""Futures-based commodity exposure"", ""Livestock health"", ""Military drones"", ""Military systems"", ""Packaged foods"", ""Risk management""]","[""Agricultural policy"", ""Agricultural risk management"", ""Agricultural trade"", ""Commodity markets"", ""Dairy policy"", ""Defense IT"", ""Defense cybersecurity"", ""Digital asset policy"", ""Farm credit"", ""Food policy"", ""Ground combat systems"", ""Livestock policy"", ""Military AI"", ""Military procurement"", ""National defense"", ""Nutrition policy"", ""Poultry policy"", ""Rural development"", ""Tactical aviation""]","[""House Committee on Agriculture"", ""House Committee on Armed Services"", ""House Committee on Small Business""]","[""Commodity Markets, Digital Assets, and Rural Development"", ""Cyber, Information Technologies, and Innovation"", ""General Farm Commodities, Risk Management, and Credit"", ""Livestock, Dairy, and Poultry"", ""Nutrition and Foreign Agriculture"", ""Oversight, Investigations, and Regulations"", ""Rural Development, Energy, and Supply Chains"", ""Tactical Air and Land Forces""]",https://finstad.house.gov
K000405,Brad Knott,House,Republican,NC,13,"[""Aerospace systems"", ""Air freight"", ""Aircraft manufacturing"", ""Commercial aerospace"", ""Environmental services"", ""Infrastructure construction"", ""Passenger airlines"", ""Transit systems"", ""Transportation infrastructure"", ""Wastewater services"", ""Water infrastructure"", ""Water treatment""]","[""Aviation safety"", ""Environmental infrastructure"", ""FAA policy"", ""Highway policy"", ""Infrastructure policy"", ""Public transit"", ""Transportation policy"", ""Water resources""]","[""House Committee on Ethics"", ""House Committee on Homeland Security"", ""House Committee on Transportation and Infrastructure"", ""House Committee on the Judiciary""]","[""Aviation"", ""Border Security and Enforcement"", ""Crime and Federal Government Surveillance"", ""Highways and Transit"", ""Immigration Integrity, Security, and Enforcement"", ""Oversight, Investigations, and Accountability"", ""Water Resources and Environment""]",https://knott.house.gov
S000344,Brad Sherman,House,Democrat,CA,32,"[""Artificial intelligence"", ""Asset management"", ""Banking"", ""Blockchain financial services"", ""Brokerage"", ""Commercial banking"", ""Consumer banking"", ""Consumer finance"", ""Credit cards"", ""Cryptocurrency exchange"", ""Digital assets"", ""Digital payments"", ""Fintech"", ""Institutional investing"", ""Insurance"", ""Investment banking"", ""Market data"", ""Regional banking"", ""Securities exchanges""]","[""AI in financial services"", ""Bank regulation"", ""Capital markets regulation"", ""Consumer financial protection"", ""Digital asset regulation"", ""Financial regulation"", ""Fintech policy""]","[""House Committee on Financial Services"", ""House Committee on Foreign Affairs""]","[""Capital Markets"", ""Digital Assets, Financial Technology, and Artificial Intelligence"", ""East Asia and Pacific"", ""Financial Institutions"", ""Middle East and North Africa""]",https://sherman.house.gov
S001190,Bradley Scott Schneider,House,Democrat,IL,10,[],"[""Customs"", ""Tariffs"", ""Trade policy""]","[""House Committee on Foreign Affairs"", ""House Committee on Ways and Means""]","[""Oversight and Intelligence"", ""Tax"", ""Trade""]",https://schneider.house.gov
G000603,Brandon Gill,House,Republican,TX,26,[],[],"[""House Committee on Oversight and Government Reform"", ""House Committee on the Budget"", ""House Committee on the Judiciary""]","[""Delivering on Government Efficiency"", ""Government Operations"", ""Health Care and Financial Services"", ""Immigration Integrity, Security, and Enforcement"", ""Oversight"", ""The Constitution and Limited Government""]",https://gill.house.gov
B001296,Brendan F. Boyle,House,Democrat,PA,2,"[""Biotechnology"", ""Health insurance"", ""Healthcare services"", ""Healthcare software"", ""Managed care"", ""Medical devices"", ""Medical diagnostics"", ""Pharmaceuticals""]","[""Customs"", ""FDA policy"", ""Health insurance policy"", ""Health tax policy"", ""Medicare policy"", ""Public health policy"", ""Tariffs"", ""Trade policy""]","[""House Committee on Ways and Means"", ""House Committee on the Budget""]","[""Health"", ""Trade""]",https://boyle.house.gov
G000558,Brett Guthrie,House,Republican,KY,2,[],"[""Consumer protection"", ""Energy policy"", ""Interstate commerce"", ""Public health"", ""Telecommunications policy""]","[""House Committee on Energy and Commerce""]",[],https://guthrie.house.gov
B001291,Brian Babin,House,Republican,TX,36,"[""Artificial intelligence"", ""Commercial aerospace"", ""Environmental services"", ""Infrastructure construction"", ""Semiconductors"", ""Space launch"", ""Space systems"", ""Transit systems"", ""Transportation infrastructure"", ""Wastewater services"", ""Water infrastructure"", ""Water treatment""]","[""Environmental infrastructure"", ""Highway policy"", ""Infrastructure policy"", ""Public transit"", ""Science policy"", ""Space policy"", ""Technology policy"", ""Transportation policy"", ""Water resources""]","[""House Committee on Science, Space, and Technology"", ""House Committee on Transportation and Infrastructure""]","[""Highways and Transit"", ""Water Resources and Environment""]",https://babin.house.gov
M001199,Brian J. Mast,House,Republican,FL,21,"[""Aerospace systems"", ""Air freight"", ""Aircraft manufacturing"", ""Commercial aerospace"", ""Environmental services"", ""Infrastructure construction"", ""Logistics"", ""Maritime transportation"", ""Passenger airlines"", ""Transportation infrastructure"", ""Wastewater services"", ""Water infrastructure"", ""Water treatment""]","[""Aviation safety"", ""Coast Guard"", ""Environmental infrastructure"", ""FAA policy"", ""Infrastructure policy"", ""Maritime policy"", ""Transportation policy"", ""Water resources""]","[""House Committee on Foreign Affairs"", ""House Committee on Transportation and Infrastructure""]","[""Aviation"", ""Coast Guard and Maritime Transportation"", ""Water Resources and Environment""]",https://mast.house.gov
J000311,Brian Jack,House,Republican,GA,3,[],[],"[""House Committee on Oversight and Government Reform"", ""House Committee on Rules"", ""House Committee on Small Business""]","[""Contracting and Infrastructure"", ""Delivering on Government Efficiency"", ""Federal Law Enforcement"", ""Government Operations"", ""Innovation, Entrepreneurship, and Workforce Development"", ""Rules and Organization of the House""]",https://jack.house.gov
F000466,Brian K. Fitzpatrick,House,Republican,PA,1,"[""Biotechnology"", ""Cybersecurity"", ""Defense communications"", ""Defense electronics"", ""Health insurance"", ""Healthcare services"", ""Healthcare software"", ""Managed care"", ""Medical devices"", ""Medical diagnostics"", ""Pharmaceuticals"", ""Satellite communications"", ""Space systems""]","[""Classified intelligence"", ""Cyber intelligence"", ""FDA policy"", ""Health insurance policy"", ""Health tax policy"", ""Medicare policy"", ""National security"", ""Public health policy""]","[""House Committee on Ways and Means"", ""House Permanent Select Committee on Intelligence""]","[""Central Intelligence Agency"", ""Health"", ""Open Source Intelligence"", ""Tax""]",https://fitzpatrick.house.gov
P000620,Brittany Pettersen,House,Democrat,CO,7,"[""Artificial intelligence"", ""Asset management"", ""Banking"", ""Blockchain financial services"", ""Consumer finance"", ""Cryptocurrency exchange"", ""Digital assets"", ""Digital payments"", ""Fintech"", ""Insurance"", ""Mortgage technology"", ""Multifamily residential REIT"", ""Property & casualty insurance"", ""Residential real estate"", ""Securities exchanges""]","[""AI in financial services"", ""Digital asset regulation"", ""Financial regulation"", ""Fintech policy"", ""Housing finance"", ""Insurance regulation""]","[""House Committee on Financial Services""]","[""Digital Assets, Financial Technology, and Artificial Intelligence"", ""Housing and Insurance""]",https://pettersen.house.gov
W000821,Bruce Westerman,House,Republican,AR,4,"[""Environmental services"", ""Forestry"", ""Hazardous-waste services"", ""Infrastructure construction"", ""Mining royalties"", ""Natural-gas exploration & production"", ""Oil & gas pipelines"", ""Oil exploration & production"", ""Pipeline construction"", ""Rail equipment"", ""Rail technology"", ""Specialty minerals"", ""Transit systems"", ""Transportation infrastructure"", ""Wastewater services"", ""Water infrastructure"", ""Water treatment""]","[""Environmental infrastructure"", ""Hazardous materials"", ""Highway policy"", ""Infrastructure policy"", ""Natural resources policy"", ""Pipeline safety"", ""Public lands"", ""Public transit"", ""Rail safety"", ""Transportation policy"", ""Water resources""]","[""House Committee on Natural Resources"", ""House Committee on Transportation and Infrastructure""]","[""Highways and Transit"", ""Railroads, Pipelines, and Hazardous Materials"", ""Water Resources and Environment""]",https://westerman.house.gov
S001213,Bryan Steil,House,Republican,WI,1,"[""Artificial intelligence"", ""Asset management"", ""Banking"", ""Blockchain financial services"", ""Brokerage"", ""Consumer finance"", ""Cryptocurrency exchange"", ""Digital assets"", ""Digital payments"", ""Fintech"", ""Institutional investing"", ""Insurance"", ""Investment banking"", ""Market data"", ""Securities exchanges""]","[""AI in financial services"", ""Capital markets regulation"", ""Digital asset regulation"", ""Financial regulation"", ""Fintech policy""]","[""House Committee on Financial Services"", ""House Committee on House Administration"", ""Joint Committee of Congress on the Library"", ""Joint Committee on Printing""]","[""Capital Markets"", ""Digital Assets, Financial Technology, and Artificial Intelligence""]",https://steil.house.gov
O000086,Burgess Owens,House,Republican,UT,4,"[""Aerospace systems"", ""Air freight"", ""Aircraft manufacturing"", ""Commercial aerospace"", ""Hazardous-waste services"", ""Infrastructure construction"", ""Oil & gas pipelines"", ""Passenger airlines"", ""Pipeline construction"", ""Rail equipment"", ""Rail technology"", ""Transit systems"", ""Transportation infrastructure""]","[""Aviation safety"", ""FAA policy"", ""Hazardous materials"", ""Highway policy"", ""Infrastructure policy"", ""Pipeline safety"", ""Public transit"", ""Rail safety"", ""Transportation policy""]","[""House Committee on Education and Workforce"", ""House Committee on Transportation and Infrastructure""]","[""Aviation"", ""Early Childhood, Elementary, and Secondary Education"", ""Health, Employment, Labor, and Pensions"", ""Higher Education and Workforce Development"", ""Highways and Transit"", ""Railroads, Pipelines, and Hazardous Materials""]",https://owens.house.gov
D000032,Byron Donalds,House,Republican,FL,19,"[""Artificial intelligence"", ""Asset management"", ""Banking"", ""Blockchain financial services"", ""Commercial banking"", ""Consumer banking"", ""Consumer finance"", ""Credit cards"", ""Cryptocurrency exchange"", ""Digital assets"", ""Digital payments"", ""Fintech"", ""Insurance"", ""Regional banking"", ""Securities exchanges""]","[""AI in financial services"", ""Bank regulation"", ""Consumer financial protection"", ""Digital asset regulation"", ""Financial regulation"", ""Fintech policy""]","[""House Committee on Financial Services"", ""House Committee on Oversight and Government Reform""]","[""Digital Assets, Financial Technology, and Artificial Intelligence"", ""Economic Growth, Energy Policy, and Regulatory Affairs"", ""Financial Institutions"", ""Military and Foreign Affairs""]",https://donalds.house.gov
G000593,Carlos A. Gimenez,House,Republican,FL,28,"[""Aerospace & defense"", ""Aircraft manufacturing"", ""Cloud security"", ""Commercial aerospace"", ""Cybersecurity"", ""Defense aerospace"", ""Defense systems"", ""Defense technology"", ""Electric-grid infrastructure"", ""Identity security"", ""Logistics"", ""Maritime transportation"", ""Military drones"", ""Military systems"", ""Passenger airlines"", ""Telecom infrastructure""]","[""Critical infrastructure cybersecurity"", ""Defense logistics"", ""Ground combat systems"", ""Homeland security"", ""Maritime security"", ""Military procurement"", ""Military readiness"", ""National defense"", ""Tactical aviation"", ""Transportation security""]","[""House Committee on Armed Services"", ""House Committee on Homeland Security"", ""House Select Committee on the Strategic Competition Between the United States and the Chinese Communist Party""]","[""Cybersecurity and Infrastructure Protection"", ""Readiness"", ""Tactical Air and Land Forces"", ""Transportation and Maritime Security""]",https://gimenez.house.gov
M001205,Carol D. Miller,House,Republican,WV,1,"[""Biotechnology"", ""Health insurance"", ""Healthcare services"", ""Healthcare software"", ""Managed care"", ""Medical devices"", ""Medical diagnostics"", ""Pharmaceuticals""]","[""Customs"", ""FDA policy"", ""Health insurance policy"", ""Health tax policy"", ""Medicare policy"", ""Public health policy"", ""Tariffs"", ""Trade policy""]","[""House Committee on Ways and Means""]","[""Health"", ""Trade""]",https://miller.house.gov
M001228,Celeste Maloy,House,Republican,UT,2,"[""Electric utilities"", ""Electric-grid infrastructure"", ""Environmental services"", ""Forestry"", ""Hydrogen energy"", ""Industrial pollution control"", ""Mining royalties"", ""Natural-gas exploration & production"", ""Nuclear power"", ""Nuclear technology"", ""Oil exploration & production"", ""Solar energy"", ""Specialty chemicals"", ""Specialty minerals"", ""Water infrastructure"", ""Water treatment"", ""Water utilities"", ""Wind energy""]","[""Energy appropriations"", ""Environmental appropriations"", ""Federal appropriations"", ""Fisheries"", ""Natural resources policy"", ""Public lands"", ""Water infrastructure funding"", ""Water policy"", ""Wildlife""]","[""House Committee on Appropriations"", ""House Committee on Natural Resources""]","[""Energy and Water Development and Related Agencies"", ""Federal Lands"", ""Interior, Environment, and Related Agencies"", ""Legislative Branch"", ""Water, Wildlife and Fisheries""]",https://maloy.house.gov
F000459,"Charles J. ""Chuck"" Fleischmann",House,Republican,TN,3,"[""Artificial intelligence"", ""Battery storage"", ""Biotechnology"", ""Clean energy"", ""Commercial aerospace"", ""Defense aerospace"", ""Defense electronics"", ""Defense systems"", ""Defense technology"", ""Education services"", ""Electric utilities"", ""Electric-grid infrastructure"", ""Health insurance"", ""Healthcare services"", ""Hydrogen energy"", ""Integrated oil & gas"", ""Medical devices"", ""Medical diagnostics"", ""Military drones"", ""Missile systems"", ""Natural-gas exploration & production"", ""Nuclear power"", ""Nuclear technology"", ""Oil & gas pipelines"", ""Pharmaceuticals"", ""Power generation"", ""Power transmission"", ""Semiconductors"", ""Solar energy"", ""Space launch"", ""Space systems"", ""Water infrastructure"", ""Water utilities"", ""Wind energy""]","[""Defense appropriations"", ""Education appropriations"", ""Energy appropriations"", ""Energy infrastructure"", ""Energy regulation"", ""Energy research"", ""Federal appropriations"", ""Grid reliability"", ""Health appropriations"", ""Labor policy"", ""Military procurement"", ""Science policy"", ""Space policy"", ""Technology policy"", ""Water infrastructure funding""]","[""House Committee on Appropriations"", ""House Committee on Science, Space, and Technology""]","[""Defense"", ""Energy"", ""Energy and Water Development and Related Agencies"", ""Labor, Health and Human Services, Education, and Related Agencies""]",https://fleischmann.house.gov
P000597,Chellie Pingree,House,Democrat,ME,1,"[""Agriculture"", ""Animal nutrition"", ""Biotechnology"", ""Broad commodities"", ""Environmental services"", ""Farm supplies"", ""Forestry"", ""Industrial pollution control"", ""Medical devices"", ""Medical diagnostics"", ""Mining royalties"", ""Packaged foods"", ""Pharmaceuticals"", ""Specialty chemicals"", ""Specialty minerals"", ""Water treatment""]","[""Agricultural appropriations"", ""Agricultural policy"", ""Environmental appropriations"", ""FDA appropriations"", ""Federal appropriations"", ""Food policy"", ""Forestry policy"", ""Horticulture policy"", ""Public lands"", ""Rural development""]","[""House Committee on Agriculture"", ""House Committee on Appropriations""]","[""Agriculture, Rural Development, Food and Drug Administration, and Related Agencies"", ""Forestry and Horticulture"", ""Interior, Environment, and Related Agencies""]",https://pingree.house.gov
R000614,Chip Roy,House,Republican,TX,21,[],[],"[""House Committee on Rules"", ""House Committee on the Budget"", ""House Committee on the Judiciary""]","[""Immigration Integrity, Security, and Enforcement"", ""Legislative and Budget Process"", ""The Constitution and Limited Government""]",https://roy.house.gov
P000614,Chris Pappas,House,Democrat,NH,1,"[""Environmental services"", ""Infrastructure construction"", ""Logistics"", ""Maritime transportation"", ""Transit systems"", ""Transportation infrastructure"", ""Wastewater services"", ""Water infrastructure"", ""Water treatment""]","[""Coast Guard"", ""Environmental infrastructure"", ""Highway policy"", ""Infrastructure policy"", ""Maritime policy"", ""Public transit"", ""Transportation policy"", ""Water resources""]","[""House Committee on Transportation and Infrastructure"", ""House Committee on Veterans' Affairs""]","[""Coast Guard and Maritime Transportation"", ""Disability Assistance and Memorial Affairs"", ""Economic Opportunity"", ""Highways and Transit"", ""Water Resources and Environment""]",https://pappas.house.gov
H001085,Chrissy Houlahan,House,Democrat,PA,6,"[""Aerospace & defense"", ""Artificial intelligence"", ""Cloud computing"", ""Cybersecurity"", ""Defense communications"", ""Defense electronics"", ""Defense software"", ""Defense systems"", ""Defense technology"", ""Satellite communications"", ""Space systems""]","[""Classified intelligence"", ""Cyber intelligence"", ""Defense IT"", ""Defense cybersecurity"", ""Military AI"", ""Military procurement"", ""National defense"", ""National security""]","[""House Committee on Armed Services"", ""House Permanent Select Committee on Intelligence""]","[""Cyber, Information Technologies, and Innovation"", ""Defense Intelligence and Overhead Architecture"", ""Military Personnel"", ""Open Source Intelligence""]",https://houlahan.house.gov
M001245,Christian D. Menefee,House,Democrat,TX,18,"[""Artificial intelligence"", ""Commercial aerospace"", ""Semiconductors"", ""Space launch"", ""Space systems""]","[""Science policy"", ""Space policy"", ""Technology policy""]","[""House Committee on Oversight and Government Reform"", ""House Committee on Science, Space, and Technology""]","[""Delivering on Government Efficiency"", ""Federal Law Enforcement""]",https://menefee.house.gov
S000522,Christopher H. Smith,House,Republican,NJ,4,[],[],"[""House Committee on Foreign Affairs""]","[""Africa"", ""Western Hemisphere""]",https://chrissmith.house.gov
D000530,Christopher R. Deluzio,House,Democrat,PA,17,"[""Aerospace & defense"", ""Aerospace systems"", ""Air freight"", ""Aircraft manufacturing"", ""Commercial aerospace"", ""Defense aerospace"", ""Defense systems"", ""Defense technology"", ""Hazardous-waste services"", ""Infrastructure construction"", ""Logistics"", ""Military systems"", ""Naval nuclear propulsion"", ""Oil & gas pipelines"", ""Passenger airlines"", ""Pipeline construction"", ""Rail equipment"", ""Rail technology"", ""Transportation infrastructure""]","[""Aviation safety"", ""Defense logistics"", ""FAA policy"", ""Hazardous materials"", ""Infrastructure policy"", ""Military procurement"", ""Military readiness"", ""National defense"", ""Naval procurement"", ""Pipeline safety"", ""Power projection"", ""Rail safety"", ""Shipbuilding"", ""Transportation policy""]","[""House Committee on Armed Services"", ""House Committee on Transportation and Infrastructure""]","[""Aviation"", ""Railroads, Pipelines, and Hazardous Materials"", ""Readiness"", ""Seapower and Projection Forces""]",https://deluzio.house.gov
E000246,Chuck Edwards,House,Republican,NC,11,"[""Asset management"", ""Banking"", ""Consumer finance"", ""Fintech"", ""Insurance"", ""Securities exchanges""]","[""Federal appropriations"", ""Financial regulation appropriations""]","[""House Committee on Appropriations"", ""House Committee on the Budget""]","[""Financial Services and General Government"", ""National Security, Department of State, and Related Programs""]",https://edwards.house.gov
T000478,Claudia Tenney,House,Republican,NY,24,"[""Artificial intelligence"", ""Battery storage"", ""Biotechnology"", ""Clean energy"", ""Commercial aerospace"", ""Cybersecurity"", ""Defense communications"", ""Defense electronics"", ""Electric utilities"", ""Health insurance"", ""Healthcare services"", ""Healthcare software"", ""Hydrogen energy"", ""Integrated oil & gas"", ""Managed care"", ""Medical devices"", ""Medical diagnostics"", ""Natural-gas exploration & production"", ""Nuclear power"", ""Oil & gas pipelines"", ""Pharmaceuticals"", ""Power generation"", ""Power transmission"", ""Satellite communications"", ""Semiconductors"", ""Solar energy"", ""Space launch"", ""Space systems"", ""Wind energy""]","[""Classified intelligence"", ""Customs"", ""Cyber intelligence"", ""Energy infrastructure"", ""Energy regulation"", ""Energy research"", ""FDA policy"", ""Grid reliability"", ""Health insurance policy"", ""Health tax policy"", ""Medicare policy"", ""National security"", ""Public health policy"", ""Science policy"", ""Space policy"", ""Tariffs"", ""Technology policy"", ""Trade policy""]","[""House Committee on Science, Space, and Technology"", ""House Committee on Ways and Means"", ""House Permanent Select Committee on Intelligence""]","[""Defense Intelligence and Overhead Architecture"", ""Energy"", ""Health"", ""National Intelligence Enterprise"", ""Trade""]",https://tenney.house.gov
F000485,Clay Fuller,House,Republican,GA,14,"[""Infrastructure construction"", ""Transportation infrastructure""]","[""Infrastructure policy"", ""Transportation policy""]","[""House Committee on Small Business"", ""House Committee on Transportation and Infrastructure""]","[""Innovation, Entrepreneurship, and Workforce Development"", ""Oversight, Investigations, and Regulations""]",https://fuller.house.gov
H001077,Clay Higgins,House,Republican,LA,3,"[""Aerospace & defense"", ""Defense aerospace"", ""Defense systems"", ""Defense technology"", ""Logistics"", ""Military systems"", ""Naval nuclear propulsion""]","[""Defense logistics"", ""Military procurement"", ""Military readiness"", ""National defense"", ""Naval procurement"", ""Power projection"", ""Shipbuilding""]","[""House Committee on Armed Services"", ""House Committee on Oversight and Government Reform"", ""House Select Subcommittee to Investigate the Remaining Questions Surrounding January 6, 2021""]","[""Economic Growth, Energy Policy, and Regulatory Affairs"", ""Federal Law Enforcement"", ""Readiness"", ""Seapower and Projection Forces""]",https://clayhiggins.house.gov
F000110,Cleo Fields,House,Democrat,LA,6,"[""Asset management"", ""Banking"", ""Brokerage"", ""Commercial banking"", ""Consumer banking"", ""Consumer finance"", ""Credit cards"", ""Fintech"", ""Institutional investing"", ""Insurance"", ""Investment banking"", ""Market data"", ""Regional banking"", ""Securities exchanges""]","[""Bank regulation"", ""Capital markets regulation"", ""Consumer financial protection"", ""Financial regulation""]","[""House Committee on Financial Services""]","[""Capital Markets"", ""Financial Institutions"", ""Oversight and Investigations""]",https://fields.house.gov
B000668,Cliff Bentz,House,Republican,OR,2,"[""Automotive components"", ""Battery storage"", ""Biotechnology"", ""Consumer electronics"", ""E-commerce"", ""Electric utilities"", ""Forestry"", ""Health insurance"", ""Healthcare services"", ""Healthcare software"", ""Hydrogen energy"", ""Industrial manufacturing"", ""Integrated oil & gas"", ""Medical devices"", ""Medical diagnostics"", ""Mining royalties"", ""Natural-gas exploration & production"", ""Nuclear power"", ""Oil & gas pipelines"", ""Oil exploration & production"", ""Pharmaceuticals"", ""Power generation"", ""Power transmission"", ""Retail technology"", ""Solar energy"", ""Specialty minerals"", ""Water infrastructure"", ""Water utilities"", ""Wind energy""]","[""Consumer protection"", ""Energy infrastructure"", ""Energy policy"", ""Energy regulation"", ""FDA policy"", ""Fisheries"", ""Grid reliability"", ""Health insurance policy"", ""Interstate commerce"", ""Manufacturing policy"", ""Natural resources policy"", ""Public health"", ""Public health policy"", ""Public lands"", ""Telecommunications policy"", ""Trade policy"", ""Water policy"", ""Wildlife""]","[""House Committee on Energy and Commerce"", ""House Committee on Natural Resources""]","[""Commerce, Manufacturing, and Trade"", ""Energy"", ""Federal Lands"", ""Health"", ""Water, Wildlife and Fisheries""]",https://bentz.house.gov
M001216,Cory Mills,House,Republican,FL,7,"[""Aerospace & defense"", ""Cybersecurity"", ""Defense communications"", ""Defense electronics"", ""Defense systems"", ""Defense technology"", ""Logistics"", ""Military systems"", ""Satellite communications"", ""Space systems""]","[""Classified intelligence"", ""Defense logistics"", ""Military intelligence"", ""Military procurement"", ""Military readiness"", ""National defense"", ""Special operations""]","[""House Committee on Armed Services"", ""House Committee on Foreign Affairs""]","[""Intelligence and Special Operations"", ""Military Personnel"", ""Oversight and Intelligence"", ""Readiness"", ""Western Hemisphere""]",https://mills.house.gov
G000601,Craig A. Goldman,House,Republican,TX,12,"[""Automotive components"", ""Battery storage"", ""Broadband & cable"", ""Consumer electronics"", ""Digital media"", ""E-commerce"", ""Electric utilities"", ""Fiber broadband"", ""Hydrogen energy"", ""Industrial manufacturing"", ""Integrated oil & gas"", ""Natural-gas exploration & production"", ""Networking equipment"", ""Nuclear power"", ""Oil & gas pipelines"", ""Power generation"", ""Power transmission"", ""Retail technology"", ""Satellite communications"", ""Solar energy"", ""Telecommunications"", ""Wind energy"", ""Wireless telecommunications""]","[""Broadband policy"", ""Consumer protection"", ""Energy infrastructure"", ""Energy policy"", ""Energy regulation"", ""Grid reliability"", ""Interstate commerce"", ""Manufacturing policy"", ""Public health"", ""Spectrum policy"", ""Telecommunications policy"", ""Telecommunications regulation"", ""Trade policy""]","[""House Committee on Energy and Commerce""]","[""Commerce, Manufacturing, and Trade"", ""Communications and Technology"", ""Energy""]",https://craiggoldman.house.gov
S001220,Dale W. Strong,House,Republican,AL,5,"[""Artificial intelligence"", ""Commercial aerospace"", ""Infrastructure construction"", ""Multifamily residential REIT"", ""Rail equipment"", ""Residential real estate"", ""Space launch"", ""Space systems"", ""Transportation infrastructure""]","[""Commerce policy"", ""Federal appropriations"", ""Housing policy"", ""Science funding"", ""Space policy"", ""Technology policy"", ""Transportation funding""]","[""House Committee on Appropriations"", ""House Committee on Homeland Security""]","[""Commerce, Justice, Science, and Related Agencies"", ""Emergency Management and Technology"", ""Legislative Branch"", ""Oversight, Investigations, and Accountability"", ""Transportation, Housing and Urban Development, and Related Agencies""]",https://strong.house.gov
C001120,Dan Crenshaw,House,Republican,TX,2,"[""Biotechnology"", ""Cybersecurity"", ""Defense communications"", ""Defense electronics"", ""Environmental services"", ""Hazardous-waste services"", ""Health insurance"", ""Healthcare services"", ""Healthcare software"", ""Industrial pollution control"", ""Medical devices"", ""Medical diagnostics"", ""Pharmaceuticals"", ""Satellite communications"", ""Space systems"", ""Specialty chemicals"", ""Waste disposal"", ""Water treatment""]","[""Air quality"", ""Chemical regulation"", ""Classified intelligence"", ""Consumer protection"", ""Cyber intelligence"", ""Energy policy"", ""Environmental regulation"", ""FDA policy"", ""Health insurance policy"", ""Interstate commerce"", ""National security"", ""Public health"", ""Public health policy"", ""Telecommunications policy""]","[""House Committee on Energy and Commerce"", ""House Permanent Select Committee on Intelligence""]","[""Central Intelligence Agency"", ""Defense Intelligence and Overhead Architecture"", ""Environment"", ""Health"", ""Oversight and Investigations""]",https://crenshaw.house.gov
N000189,Dan Newhouse,House,Republican,WA,4,"[""Agriculture"", ""Animal health"", ""Animal nutrition"", ""Biotechnology"", ""Broad commodities"", ""Cybersecurity"", ""Defense communications"", ""Defense technology"", ""Electric utilities"", ""Electric-grid infrastructure"", ""Farm supplies"", ""Forestry"", ""Hydrogen energy"", ""Medical devices"", ""Medical diagnostics"", ""Nuclear power"", ""Nuclear technology"", ""Packaged foods"", ""Pharmaceuticals"", ""Solar energy"", ""Water infrastructure"", ""Water utilities"", ""Wind energy""]","[""Agricultural appropriations"", ""Agricultural biotechnology"", ""Agricultural policy"", ""Agricultural research"", ""Border security"", ""Conservation"", ""Energy appropriations"", ""FDA appropriations"", ""Federal appropriations"", ""Food policy"", ""Forestry policy"", ""Homeland security appropriations"", ""Horticulture policy"", ""Rural development"", ""Water infrastructure funding""]","[""House Committee on Agriculture"", ""House Committee on Appropriations"", ""House Select Committee on the Strategic Competition Between the United States and the Chinese Communist Party""]","[""Agriculture, Rural Development, Food and Drug Administration, and Related Agencies"", ""Conservation, Research, and Biotechnology"", ""Energy and Water Development and Related Agencies"", ""Forestry and Horticulture"", ""Homeland Security""]",https://newhouse.house.gov
M001204,Daniel Meuser,House,Republican,PA,9,"[""Asset management"", ""Banking"", ""Commercial banking"", ""Consumer banking"", ""Consumer finance"", ""Credit cards"", ""Fintech"", ""Insurance"", ""Regional banking"", ""Securities exchanges""]","[""Bank regulation"", ""Consumer financial protection"", ""Financial regulation""]","[""House Committee on Financial Services"", ""House Committee on Small Business""]","[""Contracting and Infrastructure"", ""Economic Growth, Tax, and Capital Access"", ""Financial Institutions"", ""Oversight and Investigations""]",https://meuser.house.gov
G000599,Daniel S. Goldman,House,Democrat,NY,10,[],[],"[""House Committee on Homeland Security"", ""House Committee on the Judiciary""]","[""Counterterrorism and Intelligence"", ""Crime and Federal Government Surveillance"", ""The Constitution and Limited Government""]",https://goldman.house.gov
W000806,Daniel Webster,House,Republican,FL,11,"[""Aerospace systems"", ""Artificial intelligence"", ""Commercial aerospace"", ""Forestry"", ""Gold"", ""Hazardous-waste services"", ""Infrastructure construction"", ""Iron ore"", ""Logistics"", ""Maritime transportation"", ""Mining royalties"", ""Natural-gas exploration & production"", ""Oil & gas pipelines"", ""Oil exploration & production"", ""Pipeline construction"", ""Rail equipment"", ""Rail technology"", ""Satellite communications"", ""Semiconductors"", ""Silver"", ""Space launch"", ""Space systems"", ""Specialty minerals"", ""Transit systems"", ""Transportation infrastructure"", ""Water infrastructure"", ""Water utilities""]","[""Coast Guard"", ""Commercial space policy"", ""Federal energy resources"", ""Fisheries"", ""Hazardous materials"", ""Highway policy"", ""Infrastructure policy"", ""Maritime policy"", ""Mining policy"", ""NASA"", ""Natural resources policy"", ""Pipeline safety"", ""Public lands"", ""Public transit"", ""Rail safety"", ""Science policy"", ""Space policy"", ""Technology policy"", ""Transportation policy"", ""Water policy"", ""Wildlife""]","[""House Committee on Natural Resources"", ""House Committee on Science, Space, and Technology"", ""House Committee on Transportation and Infrastructure""]","[""Coast Guard and Maritime Transportation"", ""Energy and Mineral Resources"", ""Highways and Transit"", ""Investigations and Oversight"", ""Railroads, Pipelines, and Hazardous Materials"", ""Space and Aeronautics"", ""Water, Wildlife and Fisheries""]",https://webster.house.gov
D000096,Danny K. Davis,House,Democrat,IL,7,"[""Biotechnology"", ""Health insurance"", ""Healthcare services"", ""Healthcare software"", ""Managed care"", ""Medical devices"", ""Medical diagnostics"", ""Pharmaceuticals""]","[""FDA policy"", ""Health insurance policy"", ""Health tax policy"", ""Medicare policy"", ""Public health policy""]","[""House Committee on Ways and Means""]","[""Health"", ""Work and Welfare""]",https://davis.house.gov
L000585,Darin LaHood,House,Republican,IL,16,"[""Cybersecurity"", ""Defense communications"", ""Defense electronics"", ""Satellite communications"", ""Space systems""]","[""Classified intelligence"", ""Customs"", ""Cyber intelligence"", ""National security"", ""Tariffs"", ""Trade policy""]","[""House Committee on Ways and Means"", ""House Permanent Select Committee on Intelligence"", ""House Select Committee on the Strategic Competition Between the United States and the Chinese Communist Party""]","[""Central Intelligence Agency"", ""National Intelligence Enterprise"", ""National Security Agency and Cyber"", ""Trade"", ""Work and Welfare""]",https://lahood.house.gov
I000056,Darrell Issa,House,Republican,CA,48,"[""Advanced materials"", ""Artificial intelligence"", ""Cloud computing"", ""Commercial aerospace"", ""Digital advertising"", ""Enterprise software"", ""Quantum technology"", ""Robotics & AI"", ""Semiconductors"", ""Social media"", ""Space launch"", ""Space systems""]","[""AI policy"", ""Emerging technology"", ""Federal R&D"", ""Intellectual property"", ""Internet policy"", ""Science policy"", ""Space policy"", ""Technology policy""]","[""House Committee on Foreign Affairs"", ""House Committee on Science, Space, and Technology"", ""House Committee on the Judiciary""]","[""Courts, Intellectual Property, Artificial Intelligence, and the Internet"", ""Investigations and Oversight"", ""Middle East and North Africa"", ""Oversight and Intelligence"", ""Research and Technology"", ""The Administrative State, Regulatory Reform, and Antitrust""]",https://issa.house.gov
S001200,Darren Soto,House,Democrat,FL,9,"[""Automotive components"", ""Broadband & cable"", ""Consumer electronics"", ""Digital media"", ""E-commerce"", ""Environmental services"", ""Fiber broadband"", ""Forestry"", ""Hazardous-waste services"", ""Industrial manufacturing"", ""Industrial pollution control"", ""Mining royalties"", ""Natural-gas exploration & production"", ""Networking equipment"", ""Oil exploration & production"", ""Retail technology"", ""Satellite communications"", ""Specialty chemicals"", ""Specialty minerals"", ""Telecommunications"", ""Waste disposal"", ""Water infrastructure"", ""Water treatment"", ""Water utilities"", ""Wireless telecommunications""]","[""Air quality"", ""Broadband policy"", ""Chemical regulation"", ""Consumer protection"", ""Energy policy"", ""Environmental regulation"", ""Fisheries"", ""Interstate commerce"", ""Manufacturing policy"", ""Natural resources policy"", ""Public health"", ""Public lands"", ""Spectrum policy"", ""Telecommunications policy"", ""Telecommunications regulation"", ""Trade policy"", ""Water policy"", ""Wildlife""]","[""House Committee on Energy and Commerce"", ""House Committee on Natural Resources""]","[""Commerce, Manufacturing, and Trade"", ""Communications and Technology"", ""Environment"", ""Water, Wildlife and Fisheries""]",https://soto.house.gov
M001241,Dave Min,House,Democrat,CA,47,"[""Forestry"", ""Gold"", ""Iron ore"", ""Mining royalties"", ""Natural-gas exploration & production"", ""Oil exploration & production"", ""Silver"", ""Specialty minerals"", ""Water infrastructure"", ""Water utilities""]","[""Federal energy resources"", ""Fisheries"", ""Mining policy"", ""Natural resources policy"", ""Public lands"", ""Water policy"", ""Wildlife""]","[""House Committee on Natural Resources"", ""House Committee on Oversight and Government Reform"", ""Joint Economic Committee""]","[""Economic Growth, Energy Policy, and Regulatory Affairs"", ""Energy and Mineral Resources"", ""Water, Wildlife and Fisheries""]",https://min.house.gov
V000129,David G. Valadao,House,Republican,CA,22,"[""Agriculture"", ""Animal nutrition"", ""Biotechnology"", ""Broad commodities"", ""Commercial banking"", ""Defense aerospace"", ""Defense electronics"", ""Defense systems"", ""Defense technology"", ""Farm supplies"", ""Forestry"", ""Medical devices"", ""Medical diagnostics"", ""Military drones"", ""Missile systems"", ""Packaged foods"", ""Pharmaceuticals"", ""Risk management""]","[""Agricultural appropriations"", ""Agricultural policy"", ""Agricultural risk management"", ""Defense appropriations"", ""FDA appropriations"", ""Farm credit"", ""Federal appropriations"", ""Food policy"", ""Forestry policy"", ""Horticulture policy"", ""Military procurement"", ""Rural development""]","[""House Committee on Agriculture"", ""House Committee on Appropriations"", ""Joint Committee of Congress on the Library""]","[""Agriculture, Rural Development, Food and Drug Administration, and Related Agencies"", ""Defense"", ""Forestry and Horticulture"", ""General Farm Commodities, Risk Management, and Credit"", ""Legislative Branch""]",https://valadao.house.gov
T000490,David J. Taylor,House,Republican,OH,2,"[""Agriculture"", ""Animal nutrition"", ""Broad commodities"", ""Commercial banking"", ""Cryptocurrency exchange"", ""Derivatives"", ""Digital assets"", ""Environmental services"", ""Farm supplies"", ""Futures-based commodity exposure"", ""Hazardous-waste services"", ""Infrastructure construction"", ""Oil & gas pipelines"", ""Packaged foods"", ""Pipeline construction"", ""Rail equipment"", ""Rail technology"", ""Risk management"", ""Transit systems"", ""Transportation infrastructure"", ""Wastewater services"", ""Water infrastructure"", ""Water treatment""]","[""Agricultural policy"", ""Agricultural risk management"", ""Commodity markets"", ""Digital asset policy"", ""Environmental infrastructure"", ""Farm credit"", ""Food policy"", ""Hazardous materials"", ""Highway policy"", ""Infrastructure policy"", ""Pipeline safety"", ""Public transit"", ""Rail safety"", ""Rural development"", ""Transportation policy"", ""Water resources""]","[""House Committee on Agriculture"", ""House Committee on Transportation and Infrastructure""]","[""Commodity Markets, Digital Assets, and Rural Development"", ""General Farm Commodities, Risk Management, and Credit"", ""Highways and Transit"", ""Railroads, Pipelines, and Hazardous Materials"", ""Water Resources and Environment""]",https://taylor.house.gov
K000392,David Kustoff,House,Republican,TN,8,"[""Biotechnology"", ""Health insurance"", ""Healthcare services"", ""Healthcare software"", ""Managed care"", ""Medical devices"", ""Medical diagnostics"", ""Pharmaceuticals""]","[""FDA policy"", ""Health insurance policy"", ""Health tax policy"", ""Medicare policy"", ""Public health policy""]","[""House Committee on Ways and Means""]","[""Health"", ""Tax""]",https://kustoff.house.gov
J000295,David P. Joyce,House,Republican,OH,14,"[""Asset management"", ""Banking"", ""Commercial aerospace"", ""Consumer finance"", ""Defense aerospace"", ""Defense electronics"", ""Defense systems"", ""Defense technology"", ""Fintech"", ""Infrastructure construction"", ""Insurance"", ""Military drones"", ""Missile systems"", ""Multifamily residential REIT"", ""Rail equipment"", ""Residential real estate"", ""Securities exchanges"", ""Transportation infrastructure""]","[""Defense appropriations"", ""Federal appropriations"", ""Financial regulation appropriations"", ""Housing policy"", ""Military procurement"", ""Transportation funding""]","[""House Committee on Appropriations"", ""House Committee on Homeland Security""]","[""Defense"", ""Emergency Management and Technology"", ""Financial Services and General Government"", ""Oversight, Investigations, and Accountability"", ""Transportation, Housing and Urban Development, and Related Agencies""]",https://joyce.house.gov
R000603,David Rouzer,House,Republican,NC,7,"[""Advanced materials"", ""Agriculture"", ""Animal nutrition"", ""Artificial intelligence"", ""Broad commodities"", ""Commercial aerospace"", ""Commercial banking"", ""Cryptocurrency exchange"", ""Derivatives"", ""Digital assets"", ""Environmental services"", ""Farm supplies"", ""Forestry"", ""Futures-based commodity exposure"", ""Hazardous-waste services"", ""Industrial pollution control"", ""Infrastructure construction"", ""Oil & gas pipelines"", ""Packaged foods"", ""Pipeline construction"", ""Quantum technology"", ""Rail equipment"", ""Rail technology"", ""Risk management"", ""Robotics & AI"", ""Semiconductors"", ""Space launch"", ""Space systems"", ""Specialty chemicals"", ""Transit systems"", ""Transportation infrastructure"", ""Waste disposal"", ""Water treatment""]","[""Agricultural policy"", ""Agricultural risk management"", ""Air quality"", ""Chemical regulation"", ""Commodity markets"", ""Digital asset policy"", ""Emerging technology"", ""Environmental regulation"", ""Farm credit"", ""Federal R&D"", ""Food policy"", ""Forestry policy"", ""Hazardous materials"", ""Highway policy"", ""Horticulture policy"", ""Infrastructure policy"", ""Pipeline safety"", ""Public transit"", ""Rail safety"", ""Rural development"", ""Science policy"", ""Space policy"", ""Technology policy"", ""Transportation policy""]","[""House Committee on Agriculture"", ""House Committee on Science, Space, and Technology"", ""House Committee on Transportation and Infrastructure""]","[""Commodity Markets, Digital Assets, and Rural Development"", ""Environment"", ""Forestry and Horticulture"", ""General Farm Commodities, Risk Management, and Credit"", ""Highways and Transit"", ""Railroads, Pipelines, and Hazardous Materials"", ""Research and Technology""]",https://rouzer.house.gov
S001183,David Schweikert,House,Republican,AZ,1,[],[],"[""House Committee on Ways and Means"", ""Joint Economic Committee""]","[""Oversight"", ""Tax""]",https://schweikert.house.gov
D000624,Debbie Dingell,House,Democrat,MI,6,"[""Automotive components"", ""Biotechnology"", ""Broadband & cable"", ""Consumer electronics"", ""Digital media"", ""E-commerce"", ""Fiber broadband"", ""Forestry"", ""Gold"", ""Health insurance"", ""Healthcare services"", ""Healthcare software"", ""Industrial manufacturing"", ""Iron ore"", ""Medical devices"", ""Medical diagnostics"", ""Mining royalties"", ""Natural-gas exploration & production"", ""Networking equipment"", ""Oil exploration & production"", ""Pharmaceuticals"", ""Retail technology"", ""Satellite communications"", ""Silver"", ""Specialty minerals"", ""Telecommunications"", ""Water infrastructure"", ""Water utilities"", ""Wireless telecommunications""]","[""Broadband policy"", ""Consumer protection"", ""Energy policy"", ""FDA policy"", ""Federal energy resources"", ""Fisheries"", ""Health insurance policy"", ""Interstate commerce"", ""Manufacturing policy"", ""Mining policy"", ""Natural resources policy"", ""Public health"", ""Public health policy"", ""Public lands"", ""Spectrum policy"", ""Telecommunications policy"", ""Telecommunications regulation"", ""Trade policy"", ""Water policy"", ""Wildlife""]","[""House Committee on Energy and Commerce"", ""House Committee on Natural Resources""]","[""Commerce, Manufacturing, and Trade"", ""Communications and Technology"", ""Energy and Mineral Resources"", ""Health"", ""Water, Wildlife and Fisheries""]",https://debbiedingell.house.gov
W000797,Debbie Wasserman Schultz,House,Democrat,FL,25,"[""Agriculture"", ""Biotechnology"", ""Electric utilities"", ""Electric-grid infrastructure"", ""Healthcare services"", ""Hydrogen energy"", ""Infrastructure construction"", ""Medical devices"", ""Medical diagnostics"", ""Nuclear power"", ""Nuclear technology"", ""Packaged foods"", ""Pharmaceuticals"", ""Solar energy"", ""Water infrastructure"", ""Water utilities"", ""Wind energy""]","[""Agricultural appropriations"", ""Energy appropriations"", ""FDA appropriations"", ""Federal appropriations"", ""Military construction"", ""Veterans affairs"", ""Water infrastructure funding""]","[""House Committee on Appropriations"", ""House Committee on Foreign Affairs""]","[""Agriculture, Rural Development, Food and Drug Administration, and Related Agencies"", ""Energy and Water Development and Related Agencies"", ""Military Construction, Veterans Affairs, and Related Agencies""]",https://wassermanschultz.house.gov
R000305,Deborah K. Ross,House,Democrat,NC,2,"[""Artificial intelligence"", ""Battery storage"", ""Clean energy"", ""Cloud computing"", ""Commercial aerospace"", ""Digital advertising"", ""Electric utilities"", ""Enterprise software"", ""Environmental services"", ""Hazardous-waste services"", ""Hydrogen energy"", ""Industrial pollution control"", ""Integrated oil & gas"", ""Natural-gas exploration & production"", ""Nuclear power"", ""Oil & gas pipelines"", ""Power generation"", ""Power transmission"", ""Semiconductors"", ""Social media"", ""Solar energy"", ""Space launch"", ""Space systems"", ""Specialty chemicals"", ""Waste disposal"", ""Water treatment"", ""Wind energy""]","[""AI policy"", ""Air quality"", ""Chemical regulation"", ""Energy infrastructure"", ""Energy regulation"", ""Energy research"", ""Environmental regulation"", ""Grid reliability"", ""Intellectual property"", ""Internet policy"", ""Science policy"", ""Space policy"", ""Technology policy""]","[""House Committee on Ethics"", ""House Committee on Science, Space, and Technology"", ""House Committee on the Judiciary""]","[""Courts, Intellectual Property, Artificial Intelligence, and the Internet"", ""Energy"", ""Environment"", ""Immigration Integrity, Security, and Enforcement""]",https://ross.house.gov
R000617,Delia C. Ramirez,House,Democrat,IL,3,"[""Cloud security"", ""Cybersecurity"", ""Electric-grid infrastructure"", ""Identity security"", ""Telecom infrastructure""]","[""Critical infrastructure cybersecurity"", ""Homeland security""]","[""House Committee on Homeland Security"", ""House Committee on Veterans' Affairs""]","[""Cybersecurity and Infrastructure Protection"", ""Economic Opportunity"", ""Oversight and Investigations"", ""Oversight, Investigations, and Accountability""]",https://ramirez.house.gov
S001228,Derek Schmidt,House,Republican,KS,2,"[""Aerospace & defense"", ""Aircraft manufacturing"", ""Defense aerospace"", ""Defense systems"", ""Defense technology"", ""Logistics"", ""Military drones"", ""Military systems""]","[""Defense logistics"", ""Ground combat systems"", ""Military procurement"", ""Military readiness"", ""National defense"", ""Tactical aviation""]","[""House Committee on Armed Services"", ""House Committee on Small Business"", ""House Committee on the Judiciary""]","[""Immigration Integrity, Security, and Enforcement"", ""Innovation, Entrepreneurship, and Workforce Development"", ""Military Personnel"", ""Oversight"", ""Readiness"", ""Rural Development, Energy, and Supply Chains"", ""Tactical Air and Land Forces"", ""The Administrative State, Regulatory Reform, and Antitrust""]",https://schmidt.house.gov
T000491,Derek Tran,House,Democrat,CA,45,"[""Aerospace & defense"", ""Cybersecurity"", ""Defense communications"", ""Defense electronics"", ""Defense systems"", ""Defense technology"", ""Logistics"", ""Military systems"", ""Satellite communications"", ""Space systems""]","[""Classified intelligence"", ""Defense logistics"", ""Military intelligence"", ""Military procurement"", ""Military readiness"", ""National defense"", ""Special operations""]","[""House Committee on Armed Services"", ""House Committee on Small Business""]","[""Contracting and Infrastructure"", ""Intelligence and Special Operations"", ""Oversight, Investigations, and Regulations"", ""Readiness""]",https://tran.house.gov
V000135,Derrick Van Orden,House,Republican,WI,3,"[""Aerospace & defense"", ""Agriculture"", ""Animal nutrition"", ""Biotechnology"", ""Broad commodities"", ""Cybersecurity"", ""Defense communications"", ""Defense electronics"", ""Defense systems"", ""Defense technology"", ""Farm supplies"", ""Food brands"", ""Health insurance"", ""Healthcare services"", ""Healthcare software"", ""Livestock health"", ""Medical devices"", ""Medical diagnostics"", ""Missile systems"", ""Nuclear technology"", ""Packaged foods"", ""Pharmaceuticals"", ""Satellite communications"", ""Space systems""]","[""Agricultural policy"", ""Agricultural trade"", ""Classified intelligence"", ""Dairy policy"", ""FDA policy"", ""Food policy"", ""Health insurance policy"", ""Livestock policy"", ""Military intelligence"", ""Military procurement"", ""Military space"", ""Missile defense"", ""National defense"", ""Nuclear deterrence"", ""Nutrition policy"", ""Poultry policy"", ""Public health policy"", ""Rural development"", ""Special operations""]","[""House Committee on Agriculture"", ""House Committee on Armed Services"", ""House Committee on Veterans' Affairs""]","[""Economic Opportunity"", ""Health"", ""Intelligence and Special Operations"", ""Livestock, Dairy, and Poultry"", ""Nutrition and Foreign Agriculture"", ""Strategic Forces""]",https://vanorden.house.gov
D000197,Diana DeGette,House,Democrat,CO,1,"[""Battery storage"", ""Biotechnology"", ""Electric utilities"", ""Health insurance"", ""Healthcare services"", ""Healthcare software"", ""Hydrogen energy"", ""Integrated oil & gas"", ""Medical devices"", ""Medical diagnostics"", ""Natural-gas exploration & production"", ""Nuclear power"", ""Oil & gas pipelines"", ""Pharmaceuticals"", ""Power generation"", ""Power transmission"", ""Solar energy"", ""Wind energy""]","[""Consumer protection"", ""Energy infrastructure"", ""Energy policy"", ""Energy regulation"", ""FDA policy"", ""Grid reliability"", ""Health insurance policy"", ""Interstate commerce"", ""Public health"", ""Public health policy"", ""Telecommunications policy""]","[""House Committee on Energy and Commerce""]","[""Energy"", ""Health"", ""Oversight and Investigations""]",https://degette.house.gov
H001086,Diana Harshbarger,House,Republican,TN,1,"[""Battery storage"", ""Biotechnology"", ""Electric utilities"", ""Health insurance"", ""Healthcare services"", ""Healthcare software"", ""Hydrogen energy"", ""Integrated oil & gas"", ""Medical devices"", ""Medical diagnostics"", ""Natural-gas exploration & production"", ""Nuclear power"", ""Oil & gas pipelines"", ""Pharmaceuticals"", ""Power generation"", ""Power transmission"", ""Solar energy"", ""Wind energy""]","[""Consumer protection"", ""Energy infrastructure"", ""Energy policy"", ""Energy regulation"", ""FDA policy"", ""Grid reliability"", ""Health insurance policy"", ""Interstate commerce"", ""Public health"", ""Public health policy"", ""Telecommunications policy""]","[""House Committee on Energy and Commerce""]","[""Energy"", ""Health"", ""Oversight and Investigations""]",https://harshbarger.house.gov
T000468,Dina Titus,House,Democrat,NV,1,"[""Aerospace systems"", ""Air freight"", ""Aircraft manufacturing"", ""Commercial aerospace"", ""Hazardous-waste services"", ""Infrastructure construction"", ""Oil & gas pipelines"", ""Passenger airlines"", ""Pipeline construction"", ""Rail equipment"", ""Rail technology"", ""Transit systems"", ""Transportation infrastructure""]","[""Aviation safety"", ""FAA policy"", ""Hazardous materials"", ""Highway policy"", ""Infrastructure policy"", ""Pipeline safety"", ""Public transit"", ""Rail safety"", ""Transportation policy""]","[""House Committee on Foreign Affairs"", ""House Committee on Transportation and Infrastructure""]","[""Aviation"", ""Economic Development, Public Buildings, and Emergency Management"", ""Europe"", ""Highways and Transit"", ""Railroads, Pipelines, and Hazardous Materials"", ""Western Hemisphere""]",https://titus.house.gov
B001298,Don Bacon,House,Republican,NE,2,"[""Aerospace & defense"", ""Agriculture"", ""Animal health"", ""Animal nutrition"", ""Artificial intelligence"", ""Biotechnology"", ""Broad commodities"", ""Cloud computing"", ""Cybersecurity"", ""Defense electronics"", ""Defense software"", ""Defense systems"", ""Defense technology"", ""Farm supplies"", ""Livestock health"", ""Missile systems"", ""Nuclear technology"", ""Packaged foods"", ""Space systems""]","[""Agricultural biotechnology"", ""Agricultural policy"", ""Agricultural research"", ""Conservation"", ""Dairy policy"", ""Defense IT"", ""Defense cybersecurity"", ""Food policy"", ""Livestock policy"", ""Military AI"", ""Military procurement"", ""Military space"", ""Missile defense"", ""National defense"", ""Nuclear deterrence"", ""Poultry policy"", ""Rural development""]","[""House Committee on Agriculture"", ""House Committee on Armed Services""]","[""Conservation, Research, and Biotechnology"", ""Cyber, Information Technologies, and Innovation"", ""Livestock, Dairy, and Poultry"", ""Strategic Forces""]",https://bacon.house.gov
D000230,Donald G. Davis,House,Democrat,NC,1,"[""Aerospace & defense"", ""Agriculture"", ""Aircraft manufacturing"", ""Animal nutrition"", ""Broad commodities"", ""Commercial banking"", ""Cryptocurrency exchange"", ""Defense aerospace"", ""Defense systems"", ""Defense technology"", ""Derivatives"", ""Digital assets"", ""Farm supplies"", ""Futures-based commodity exposure"", ""Livestock health"", ""Logistics"", ""Military drones"", ""Military systems"", ""Packaged foods"", ""Risk management""]","[""Agricultural policy"", ""Agricultural risk management"", ""Commodity markets"", ""Dairy policy"", ""Defense logistics"", ""Digital asset policy"", ""Farm credit"", ""Food policy"", ""Ground combat systems"", ""Livestock policy"", ""Military procurement"", ""Military readiness"", ""National defense"", ""Poultry policy"", ""Rural development"", ""Tactical aviation""]","[""House Committee on Agriculture"", ""House Committee on Armed Services""]","[""Commodity Markets, Digital Assets, and Rural Development"", ""General Farm Commodities, Risk Management, and Credit"", ""Livestock, Dairy, and Poultry"", ""Readiness"", ""Tactical Air and Land Forces""]",https://dondavis.house.gov
N000188,Donald Norcross,House,Democrat,NJ,1,"[""Aerospace & defense"", ""Aircraft manufacturing"", ""Defense aerospace"", ""Defense electronics"", ""Defense systems"", ""Defense technology"", ""Military drones"", ""Military systems"", ""Missile systems"", ""Naval nuclear propulsion"", ""Nuclear technology"", ""Space systems""]","[""Ground combat systems"", ""Military procurement"", ""Military space"", ""Missile defense"", ""National defense"", ""Naval procurement"", ""Nuclear deterrence"", ""Power projection"", ""Shipbuilding"", ""Tactical aviation""]","[""House Committee on Armed Services"", ""House Committee on Education and Workforce""]","[""Health, Employment, Labor, and Pensions"", ""Higher Education and Workforce Development"", ""Seapower and Projection Forces"", ""Strategic Forces"", ""Tactical Air and Land Forces""]",https://norcross.house.gov
B001292,"Donald S. Beyer, Jr.",House,Democrat,VA,8,[],"[""Customs"", ""Tariffs"", ""Trade policy""]","[""House Committee on Ways and Means"", ""Joint Economic Committee""]","[""Tax"", ""Trade""]",https://beyer.house.gov
M001163,Doris O. Matsui,House,Democrat,CA,7,"[""Battery storage"", ""Broadband & cable"", ""Digital media"", ""Electric utilities"", ""Fiber broadband"", ""Hydrogen energy"", ""Integrated oil & gas"", ""Natural-gas exploration & production"", ""Networking equipment"", ""Nuclear power"", ""Oil & gas pipelines"", ""Power generation"", ""Power transmission"", ""Satellite communications"", ""Solar energy"", ""Telecommunications"", ""Wind energy"", ""Wireless telecommunications""]","[""Broadband policy"", ""Consumer protection"", ""Energy infrastructure"", ""Energy policy"", ""Energy regulation"", ""Grid reliability"", ""Interstate commerce"", ""Public health"", ""Spectrum policy"", ""Telecommunications policy"", ""Telecommunications regulation""]","[""House Committee on Energy and Commerce""]","[""Communications and Technology"", ""Energy""]",https://matsui.house.gov
J000301,Dusty Johnson,House,Republican,SD,0,"[""Aerospace systems"", ""Agriculture"", ""Air freight"", ""Aircraft manufacturing"", ""Animal nutrition"", ""Broad commodities"", ""Commercial aerospace"", ""Commercial banking"", ""Cryptocurrency exchange"", ""Derivatives"", ""Digital assets"", ""Farm supplies"", ""Futures-based commodity exposure"", ""Hazardous-waste services"", ""Infrastructure construction"", ""Oil & gas pipelines"", ""Packaged foods"", ""Passenger airlines"", ""Pipeline construction"", ""Rail equipment"", ""Rail technology"", ""Risk management"", ""Transit systems"", ""Transportation infrastructure""]","[""Agricultural policy"", ""Agricultural risk management"", ""Aviation safety"", ""Commodity markets"", ""Digital asset policy"", ""FAA policy"", ""Farm credit"", ""Food policy"", ""Hazardous materials"", ""Highway policy"", ""Infrastructure policy"", ""Pipeline safety"", ""Public transit"", ""Rail safety"", ""Rural development"", ""Transportation policy""]","[""House Committee on Agriculture"", ""House Committee on Transportation and Infrastructure"", ""House Select Committee on the Strategic Competition Between the United States and the Chinese Communist Party""]","[""Aviation"", ""Commodity Markets, Digital Assets, and Rural Development"", ""General Farm Commodities, Risk Management, and Credit"", ""Highways and Transit"", ""Railroads, Pipelines, and Hazardous Materials""]",https://dustyjohnson.house.gov
E000296,Dwight Evans,House,Democrat,PA,3,"[""Biotechnology"", ""Health insurance"", ""Healthcare services"", ""Healthcare software"", ""Managed care"", ""Medical devices"", ""Medical diagnostics"", ""Pharmaceuticals""]","[""FDA policy"", ""Health insurance policy"", ""Health tax policy"", ""Medicare policy"", ""Public health policy""]","[""House Committee on Ways and Means""]","[""Health"", ""Work and Welfare""]",https://evans.house.gov
C001103,"Earl L. ""Buddy"" Carter",House,Republican,GA,1,"[""Biotechnology"", ""Broadband & cable"", ""Digital media"", ""Environmental services"", ""Fiber broadband"", ""Hazardous-waste services"", ""Health insurance"", ""Healthcare services"", ""Healthcare software"", ""Industrial pollution control"", ""Medical devices"", ""Medical diagnostics"", ""Networking equipment"", ""Pharmaceuticals"", ""Satellite communications"", ""Specialty chemicals"", ""Telecommunications"", ""Waste disposal"", ""Water treatment"", ""Wireless telecommunications""]","[""Air quality"", ""Broadband policy"", ""Chemical regulation"", ""Consumer protection"", ""Energy policy"", ""Environmental regulation"", ""FDA policy"", ""Health insurance policy"", ""Interstate commerce"", ""Public health"", ""Public health policy"", ""Spectrum policy"", ""Telecommunications policy"", ""Telecommunications regulation""]","[""House Committee on Energy and Commerce"", ""House Committee on the Budget""]","[""Communications and Technology"", ""Environment"", ""Health""]",https://buddycarter.house.gov
C001055,Ed Case,House,Democrat,HI,1,"[""Cybersecurity"", ""Defense aerospace"", ""Defense communications"", ""Defense electronics"", ""Defense systems"", ""Defense technology"", ""Military drones"", ""Missile systems""]","[""Border security"", ""Defense appropriations"", ""Federal appropriations"", ""Homeland security appropriations"", ""Military procurement""]","[""House Committee on Appropriations""]","[""Defense"", ""Homeland Security""]",https://case.house.gov
N000147,Eleanor Holmes Norton,House,Democrat,DC,0,"[""Aerospace systems"", ""Air freight"", ""Aircraft manufacturing"", ""Commercial aerospace"", ""Environmental services"", ""Infrastructure construction"", ""Passenger airlines"", ""Transit systems"", ""Transportation infrastructure"", ""Wastewater services"", ""Water infrastructure"", ""Water treatment""]","[""Aviation safety"", ""Environmental infrastructure"", ""FAA policy"", ""Highway policy"", ""Infrastructure policy"", ""Public transit"", ""Transportation policy"", ""Water resources""]","[""House Committee on Oversight and Government Reform"", ""House Committee on Transportation and Infrastructure""]","[""Aviation"", ""Economic Development, Public Buildings, and Emergency Management"", ""Government Operations"", ""Highways and Transit"", ""Water Resources and Environment""]",https://norton.house.gov
C001132,Elijah Crane,House,Republican,AZ,2,"[""Commercial aerospace"", ""Logistics"", ""Maritime transportation"", ""Passenger airlines""]","[""Maritime security"", ""Transportation security""]","[""House Committee on Homeland Security"", ""House Committee on Oversight and Government Reform""]","[""Border Security and Enforcement"", ""Cybersecurity, Information Technology, and Government Innovation"", ""Military and Foreign Affairs"", ""Transportation and Maritime Security""]",https://crane.house.gov
S001196,Elise M. Stefanik,House,Republican,NY,21,"[""Aerospace & defense"", ""Artificial intelligence"", ""Cloud computing"", ""Cybersecurity"", ""Defense communications"", ""Defense electronics"", ""Defense software"", ""Defense systems"", ""Defense technology"", ""Missile systems"", ""Nuclear technology"", ""Satellite communications"", ""Space systems""]","[""Classified intelligence"", ""Cyber intelligence"", ""Defense IT"", ""Defense cybersecurity"", ""Military AI"", ""Military procurement"", ""Military space"", ""Missile defense"", ""National defense"", ""National security"", ""Nuclear deterrence""]","[""House Committee on Armed Services"", ""House Committee on Education and Workforce"", ""House Permanent Select Committee on Intelligence""]","[""Cyber, Information Technologies, and Innovation"", ""Defense Intelligence and Overhead Architecture"", ""Higher Education and Workforce Development"", ""Military Personnel"", ""Open Source Intelligence"", ""Strategic Forces""]",https://stefanik.house.gov
C001061,Emanuel Cleaver,House,Democrat,MO,5,"[""Asset management"", ""Banking"", ""Brokerage"", ""Consumer finance"", ""Fintech"", ""Institutional investing"", ""Insurance"", ""Investment banking"", ""Market data"", ""Mortgage technology"", ""Multifamily residential REIT"", ""Property & casualty insurance"", ""Residential real estate"", ""Securities exchanges""]","[""Capital markets regulation"", ""Financial regulation"", ""Housing finance"", ""Insurance regulation""]","[""House Committee on Financial Services""]","[""Capital Markets"", ""Housing and Insurance""]",https://cleaver.house.gov
S001223,Emilia Strong Sykes,House,Democrat,OH,13,"[""Artificial intelligence"", ""Commercial aerospace"", ""Environmental services"", ""Hazardous-waste services"", ""Infrastructure construction"", ""Oil & gas pipelines"", ""Pipeline construction"", ""Rail equipment"", ""Rail technology"", ""Semiconductors"", ""Space launch"", ""Space systems"", ""Transit systems"", ""Transportation infrastructure"", ""Wastewater services"", ""Water infrastructure"", ""Water treatment""]","[""Environmental infrastructure"", ""Hazardous materials"", ""Highway policy"", ""Infrastructure policy"", ""Pipeline safety"", ""Public transit"", ""Rail safety"", ""Science policy"", ""Space policy"", ""Technology policy"", ""Transportation policy"", ""Water resources""]","[""House Committee on Science, Space, and Technology"", ""House Committee on Transportation and Infrastructure""]","[""Highways and Transit"", ""Investigations and Oversight"", ""Railroads, Pipelines, and Hazardous Materials"", ""Water Resources and Environment""]",https://sykes.house.gov
R000621,Emily Randall,House,Democrat,WA,6,"[""Forestry"", ""Mining royalties"", ""Natural-gas exploration & production"", ""Oil exploration & production"", ""Specialty minerals""]","[""Natural resources policy"", ""Public lands""]","[""House Committee on Natural Resources"", ""House Committee on Oversight and Government Reform""]","[""Federal Lands"", ""Government Operations"", ""Health Care and Financial Services"", ""Indian and Insular Affairs""]",https://randall.house.gov
C001087,"Eric A. ""Rick"" Crawford",House,Republican,AR,1,"[""Agriculture"", ""Animal nutrition"", ""Broad commodities"", ""Commercial banking"", ""Cybersecurity"", ""Defense communications"", ""Defense electronics"", ""Environmental services"", ""Farm supplies"", ""Infrastructure construction"", ""Packaged foods"", ""Risk management"", ""Satellite communications"", ""Space systems"", ""Transit systems"", ""Transportation infrastructure"", ""Wastewater services"", ""Water infrastructure"", ""Water treatment""]","[""Agricultural policy"", ""Agricultural risk management"", ""Classified intelligence"", ""Cyber intelligence"", ""Environmental infrastructure"", ""Farm credit"", ""Food policy"", ""Highway policy"", ""Infrastructure policy"", ""National security"", ""Public transit"", ""Rural development"", ""Transportation policy"", ""Water resources""]","[""House Committee on Agriculture"", ""House Committee on Transportation and Infrastructure"", ""House Permanent Select Committee on Intelligence""]","[""General Farm Commodities, Risk Management, and Credit"", ""Highways and Transit"", ""Water Resources and Environment""]",https://crawford.house.gov
B001316,Eric Burlison,House,Republican,MO,7,"[""Environmental services"", ""Hazardous-waste services"", ""Infrastructure construction"", ""Oil & gas pipelines"", ""Pipeline construction"", ""Rail equipment"", ""Rail technology"", ""Transit systems"", ""Transportation infrastructure"", ""Wastewater services"", ""Water infrastructure"", ""Water treatment""]","[""Environmental infrastructure"", ""Hazardous materials"", ""Highway policy"", ""Infrastructure policy"", ""Pipeline safety"", ""Public transit"", ""Rail safety"", ""Transportation policy"", ""Water resources""]","[""House Committee on Oversight and Government Reform"", ""House Committee on Transportation and Infrastructure""]","[""Cybersecurity, Information Technology, and Government Innovation"", ""Delivering on Government Efficiency"", ""Economic Growth, Energy Policy, and Regulatory Affairs"", ""Highways and Transit"", ""Railroads, Pipelines, and Hazardous Materials"", ""Water Resources and Environment""]",https://burlison.house.gov
S001225,Eric Sorensen,House,Democrat,IL,17,"[""Aerospace & defense"", ""Agriculture"", ""Aircraft manufacturing"", ""Animal health"", ""Animal nutrition"", ""Biotechnology"", ""Broad commodities"", ""Commercial banking"", ""Defense aerospace"", ""Defense systems"", ""Defense technology"", ""Farm supplies"", ""Logistics"", ""Military drones"", ""Military systems"", ""Packaged foods"", ""Risk management""]","[""Agricultural biotechnology"", ""Agricultural policy"", ""Agricultural research"", ""Agricultural risk management"", ""Conservation"", ""Defense logistics"", ""Farm credit"", ""Food policy"", ""Ground combat systems"", ""Military procurement"", ""Military readiness"", ""National defense"", ""Rural development"", ""Tactical aviation""]","[""House Committee on Agriculture"", ""House Committee on Armed Services""]","[""Conservation, Research, and Biotechnology"", ""General Farm Commodities, Risk Management, and Credit"", ""Readiness"", ""Tactical Air and Land Forces""]",https://sorensen.house.gov
H001093,Erin Houchin,House,Republican,IN,9,"[""Automotive components"", ""Biotechnology"", ""Broadband & cable"", ""Consumer electronics"", ""Digital media"", ""E-commerce"", ""Fiber broadband"", ""Health insurance"", ""Healthcare services"", ""Healthcare software"", ""Industrial manufacturing"", ""Medical devices"", ""Medical diagnostics"", ""Networking equipment"", ""Pharmaceuticals"", ""Retail technology"", ""Satellite communications"", ""Telecommunications"", ""Wireless telecommunications""]","[""Broadband policy"", ""Consumer protection"", ""Energy policy"", ""FDA policy"", ""Health insurance policy"", ""Interstate commerce"", ""Manufacturing policy"", ""Public health"", ""Public health policy"", ""Spectrum policy"", ""Telecommunications policy"", ""Telecommunications regulation"", ""Trade policy""]","[""House Committee on Energy and Commerce"", ""House Committee on Rules"", ""House Committee on the Budget""]","[""Commerce, Manufacturing, and Trade"", ""Communications and Technology"", ""Health"", ""Legislative and Budget Process""]",https://houchin.house.gov
V000138,Eugene Simon Vindman,House,Democrat,VA,7,"[""Aerospace & defense"", ""Agriculture"", ""Animal health"", ""Animal nutrition"", ""Artificial intelligence"", ""Biotechnology"", ""Broad commodities"", ""Cloud computing"", ""Cryptocurrency exchange"", ""Cybersecurity"", ""Defense aerospace"", ""Defense electronics"", ""Defense software"", ""Defense systems"", ""Defense technology"", ""Derivatives"", ""Digital assets"", ""Farm supplies"", ""Futures-based commodity exposure"", ""Naval nuclear propulsion"", ""Packaged foods""]","[""Agricultural biotechnology"", ""Agricultural policy"", ""Agricultural research"", ""Commodity markets"", ""Conservation"", ""Defense IT"", ""Defense cybersecurity"", ""Digital asset policy"", ""Food policy"", ""Military AI"", ""Military procurement"", ""National defense"", ""Naval procurement"", ""Power projection"", ""Rural development"", ""Shipbuilding""]","[""House Committee on Agriculture"", ""House Committee on Armed Services""]","[""Commodity Markets, Digital Assets, and Rural Development"", ""Conservation, Research, and Biotechnology"", ""Cyber, Information Technologies, and Innovation"", ""Seapower and Projection Forces""]",https://vindman.house.gov
B001328,Everton Blair Jr.,House,Democrat,GA,13,[],[],[],[],
L000491,Frank D. Lucas,House,Republican,OK,3,"[""Agriculture"", ""Animal health"", ""Animal nutrition"", ""Asset management"", ""Banking"", ""Biotechnology"", ""Broad commodities"", ""Brokerage"", ""Consumer finance"", ""Cryptocurrency exchange"", ""Derivatives"", ""Digital assets"", ""Farm supplies"", ""Fintech"", ""Food brands"", ""Futures-based commodity exposure"", ""Institutional investing"", ""Insurance"", ""Investment banking"", ""Market data"", ""Packaged foods"", ""Securities exchanges""]","[""Agricultural biotechnology"", ""Agricultural policy"", ""Agricultural research"", ""Agricultural trade"", ""Capital markets regulation"", ""Commodity markets"", ""Conservation"", ""Digital asset policy"", ""Financial regulation"", ""Food policy"", ""Nutrition policy"", ""Rural development""]","[""House Committee on Agriculture"", ""House Committee on Financial Services""]","[""Capital Markets"", ""Commodity Markets, Digital Assets, and Rural Development"", ""Conservation, Research, and Biotechnology"", ""National Security, Illicit Finance, and International Financial Institutions"", ""Nutrition and Foreign Agriculture""]",https://lucas.house.gov
M001214,Frank J. Mrvan,House,Democrat,IN,1,"[""Artificial intelligence"", ""Commercial aerospace"", ""Electric utilities"", ""Electric-grid infrastructure"", ""Hydrogen energy"", ""Nuclear power"", ""Nuclear technology"", ""Solar energy"", ""Space launch"", ""Space systems"", ""Water infrastructure"", ""Water utilities"", ""Wind energy""]","[""Commerce policy"", ""Energy appropriations"", ""Federal appropriations"", ""Science funding"", ""Space policy"", ""Technology policy"", ""Water infrastructure funding""]","[""House Committee on Appropriations""]","[""Commerce, Justice, Science, and Related Agencies"", ""Energy and Water Development and Related Agencies""]",https://mrvan.house.gov
P000034,"Frank Pallone, Jr.",House,Democrat,NJ,6,[],"[""Consumer protection"", ""Energy policy"", ""Interstate commerce"", ""Public health"", ""Telecommunications policy""]","[""House Committee on Energy and Commerce""]",[],https://pallone.house.gov
W000808,Frederica S. Wilson,House,Democrat,FL,24,"[""Aerospace systems"", ""Air freight"", ""Aircraft manufacturing"", ""Commercial aerospace"", ""Environmental services"", ""Hazardous-waste services"", ""Infrastructure construction"", ""Oil & gas pipelines"", ""Passenger airlines"", ""Pipeline construction"", ""Rail equipment"", ""Rail technology"", ""Transportation infrastructure"", ""Wastewater services"", ""Water infrastructure"", ""Water treatment""]","[""Aviation safety"", ""Environmental infrastructure"", ""FAA policy"", ""Hazardous materials"", ""Infrastructure policy"", ""Pipeline safety"", ""Rail safety"", ""Transportation policy"", ""Water resources""]","[""House Committee on Education and Workforce"", ""House Committee on Transportation and Infrastructure""]","[""Aviation"", ""Early Childhood, Elementary, and Secondary Education"", ""Higher Education and Workforce Development"", ""Railroads, Pipelines, and Hazardous Materials"", ""Water Resources and Environment""]",https://wilson.house.gov
A000380,Gabe Amo,House,Democrat,RI,1,"[""Artificial intelligence"", ""Commercial aerospace"", ""Environmental services"", ""Hazardous-waste services"", ""Industrial pollution control"", ""Semiconductors"", ""Space launch"", ""Space systems"", ""Specialty chemicals"", ""Waste disposal"", ""Water treatment""]","[""Air quality"", ""Chemical regulation"", ""Environmental regulation"", ""Science policy"", ""Space policy"", ""Technology policy""]","[""House Committee on Foreign Affairs"", ""House Committee on Science, Space, and Technology"", ""House Committee on the Budget""]","[""East Asia and Pacific"", ""Environment"", ""Europe""]",https://amo.house.gov
E000300,Gabe Evans,House,Republican,CO,8,"[""Automotive components"", ""Battery storage"", ""Consumer electronics"", ""E-commerce"", ""Electric utilities"", ""Environmental services"", ""Hazardous-waste services"", ""Hydrogen energy"", ""Industrial manufacturing"", ""Industrial pollution control"", ""Integrated oil & gas"", ""Natural-gas exploration & production"", ""Nuclear power"", ""Oil & gas pipelines"", ""Power generation"", ""Power transmission"", ""Retail technology"", ""Solar energy"", ""Specialty chemicals"", ""Waste disposal"", ""Water treatment"", ""Wind energy""]","[""Air quality"", ""Chemical regulation"", ""Consumer protection"", ""Energy infrastructure"", ""Energy policy"", ""Energy regulation"", ""Environmental regulation"", ""Grid reliability"", ""Interstate commerce"", ""Manufacturing policy"", ""Public health"", ""Telecommunications policy"", ""Trade policy""]","[""House Committee on Energy and Commerce"", ""House Committee on Homeland Security""]","[""Commerce, Manufacturing, and Trade"", ""Counterterrorism and Intelligence"", ""Emergency Management and Technology"", ""Energy"", ""Environment""]",https://gabeevans.house.gov
V000136,Gabe Vasquez,House,Democrat,NM,2,"[""Aerospace & defense"", ""Agriculture"", ""Animal health"", ""Animal nutrition"", ""Biotechnology"", ""Broad commodities"", ""Defense electronics"", ""Defense systems"", ""Defense technology"", ""Farm supplies"", ""Forestry"", ""Logistics"", ""Military systems"", ""Missile systems"", ""Nuclear technology"", ""Packaged foods"", ""Space systems""]","[""Agricultural biotechnology"", ""Agricultural policy"", ""Agricultural research"", ""Conservation"", ""Defense logistics"", ""Food policy"", ""Forestry policy"", ""Horticulture policy"", ""Military procurement"", ""Military readiness"", ""Military space"", ""Missile defense"", ""National defense"", ""Nuclear deterrence"", ""Rural development""]","[""House Committee on Agriculture"", ""House Committee on Armed Services""]","[""Conservation, Research, and Biotechnology"", ""Forestry and Horticulture"", ""Readiness"", ""Strategic Forces""]",https://vasquez.house.gov
P000609,Gary J. Palmer,House,Republican,AL,6,"[""Battery storage"", ""Electric utilities"", ""Environmental services"", ""Hazardous-waste services"", ""Hydrogen energy"", ""Industrial pollution control"", ""Integrated oil & gas"", ""Natural-gas exploration & production"", ""Nuclear power"", ""Oil & gas pipelines"", ""Power generation"", ""Power transmission"", ""Solar energy"", ""Specialty chemicals"", ""Waste disposal"", ""Water treatment"", ""Wind energy""]","[""Air quality"", ""Chemical regulation"", ""Consumer protection"", ""Energy infrastructure"", ""Energy policy"", ""Energy regulation"", ""Environmental regulation"", ""Grid reliability"", ""Interstate commerce"", ""Public health"", ""Telecommunications policy""]","[""House Committee on Energy and Commerce"", ""House Committee on Oversight and Government Reform""]","[""Economic Growth, Energy Policy, and Regulatory Affairs"", ""Energy"", ""Environment"", ""Government Operations"", ""Oversight and Investigations""]",https://palmer.house.gov
L000606,George Latimer,House,Democrat,NY,16,[],[],"[""House Committee on Foreign Affairs"", ""House Committee on Small Business""]","[""Contracting and Infrastructure"", ""Economic Growth, Tax, and Capital Access"", ""Middle East and North Africa"", ""South and Central Asia""]",https://latimer.house.gov
W000830,George Whitesides,House,Democrat,CA,27,"[""Aerospace & defense"", ""Aerospace systems"", ""Artificial intelligence"", ""Cloud computing"", ""Commercial aerospace"", ""Cybersecurity"", ""Defense aerospace"", ""Defense electronics"", ""Defense software"", ""Defense systems"", ""Defense technology"", ""Missile systems"", ""Naval nuclear propulsion"", ""Nuclear technology"", ""Satellite communications"", ""Semiconductors"", ""Space launch"", ""Space systems""]","[""Commercial space policy"", ""Defense IT"", ""Defense cybersecurity"", ""Military AI"", ""Military procurement"", ""Military space"", ""Missile defense"", ""NASA"", ""National defense"", ""Naval procurement"", ""Nuclear deterrence"", ""Power projection"", ""Science policy"", ""Shipbuilding"", ""Space policy"", ""Technology policy""]","[""House Committee on Armed Services"", ""House Committee on Science, Space, and Technology""]","[""Cyber, Information Technologies, and Innovation"", ""Seapower and Projection Forces"", ""Space and Aeronautics"", ""Strategic Forces""]",https://whitesides.house.gov
C001123,"Gilbert Ray Cisneros, Jr.",House,Democrat,CA,31,"[""Aerospace & defense"", ""Cybersecurity"", ""Defense communications"", ""Defense electronics"", ""Defense systems"", ""Defense technology"", ""Satellite communications"", ""Space systems""]","[""Classified intelligence"", ""Military intelligence"", ""Military procurement"", ""National defense"", ""Special operations""]","[""House Committee on Armed Services"", ""House Committee on Small Business""]","[""Contracting and Infrastructure"", ""Intelligence and Special Operations"", ""Military Personnel"", ""Oversight, Investigations, and Regulations""]",https://cisneros.house.gov
G000576,Glenn Grothman,House,Republican,WI,6,[],[],"[""House Committee on Education and Workforce"", ""House Committee on Oversight and Government Reform"", ""House Committee on the Budget"", ""House Committee on the Judiciary""]","[""Health Care and Financial Services"", ""Higher Education and Workforce Development"", ""Immigration Integrity, Security, and Enforcement"", ""The Constitution and Limited Government"", ""Workforce Protections""]",https://grothman.house.gov
I000058,Glenn Ivey,House,Democrat,MD,4,"[""Artificial intelligence"", ""Asset management"", ""Banking"", ""Commercial aerospace"", ""Consumer finance"", ""Fintech"", ""Insurance"", ""Securities exchanges"", ""Space launch"", ""Space systems""]","[""Commerce policy"", ""Federal appropriations"", ""Financial regulation appropriations"", ""Science funding"", ""Space policy"", ""Technology policy""]","[""House Committee on Appropriations"", ""House Committee on Ethics""]","[""Commerce, Justice, Science, and Related Agencies"", ""Financial Services and General Government""]",https://ivey.house.gov
T000467,Glenn Thompson,House,Republican,PA,15,"[""Agriculture"", ""Animal nutrition"", ""Broad commodities"", ""Farm supplies"", ""Packaged foods""]","[""Agricultural policy"", ""Food policy"", ""Rural development""]","[""House Committee on Agriculture"", ""House Committee on Education and Workforce""]","[""Early Childhood, Elementary, and Secondary Education"", ""Higher Education and Workforce Development""]",https://thompson.house.gov
M001188,Grace Meng,House,Democrat,NY,6,"[""Artificial intelligence"", ""Commercial aerospace"", ""Space launch"", ""Space systems""]","[""Commerce policy"", ""Federal appropriations"", ""Science funding"", ""Space policy"", ""Technology policy""]","[""House Committee on Appropriations""]","[""Commerce, Justice, Science, and Related Agencies"", ""National Security, Department of State, and Related Programs""]",https://meng.house.gov
C001131,Greg Casar,House,Democrat,TX,35,[],[],"[""House Committee on Education and Workforce"", ""House Committee on Oversight and Government Reform""]","[""Delivering on Government Efficiency"", ""Federal Law Enforcement"", ""Health, Employment, Labor, and Pensions"", ""Military and Foreign Affairs"", ""Workforce Protections""]",https://casar.house.gov
L000601,Greg Landsman,House,Democrat,OH,1,"[""Biotechnology"", ""Broadband & cable"", ""Digital media"", ""Environmental services"", ""Fiber broadband"", ""Hazardous-waste services"", ""Health insurance"", ""Healthcare services"", ""Healthcare software"", ""Industrial pollution control"", ""Medical devices"", ""Medical diagnostics"", ""Networking equipment"", ""Pharmaceuticals"", ""Satellite communications"", ""Specialty chemicals"", ""Telecommunications"", ""Waste disposal"", ""Water treatment"", ""Wireless telecommunications""]","[""Air quality"", ""Broadband policy"", ""Chemical regulation"", ""Consumer protection"", ""Energy policy"", ""Environmental regulation"", ""FDA policy"", ""Health insurance policy"", ""Interstate commerce"", ""Public health"", ""Public health policy"", ""Spectrum policy"", ""Telecommunications policy"", ""Telecommunications regulation""]","[""House Committee on Energy and Commerce""]","[""Communications and Technology"", ""Environment"", ""Health""]",https://landsman.house.gov
S001211,Greg Stanton,House,Democrat,AZ,4,"[""Aerospace systems"", ""Air freight"", ""Aircraft manufacturing"", ""Commercial aerospace"", ""Infrastructure construction"", ""Passenger airlines"", ""Transit systems"", ""Transportation infrastructure""]","[""Aviation safety"", ""FAA policy"", ""Highway policy"", ""Infrastructure policy"", ""Public transit"", ""Transportation policy""]","[""House Committee on Foreign Affairs"", ""House Committee on Transportation and Infrastructure"", ""House Select Committee on the Strategic Competition Between the United States and the Chinese Communist Party""]","[""Aviation"", ""Economic Development, Public Buildings, and Emergency Management"", ""Highways and Transit"", ""Western Hemisphere""]",https://stanton.house.gov
M001210,Gregory F. Murphy,House,Republican,NC,3,"[""Biotechnology"", ""Health insurance"", ""Healthcare services"", ""Healthcare software"", ""Managed care"", ""Medical devices"", ""Medical diagnostics"", ""Pharmaceuticals""]","[""Customs"", ""FDA policy"", ""Health insurance policy"", ""Health tax policy"", ""Medicare policy"", ""Public health policy"", ""Tariffs"", ""Trade policy""]","[""House Committee on House Administration"", ""House Committee on Veterans' Affairs"", ""House Committee on Ways and Means"", ""Joint Committee on Printing""]","[""Elections"", ""Health"", ""Trade""]",https://murphy.house.gov
M001137,Gregory W. Meeks,House,Democrat,NY,5,"[""Asset management"", ""Banking"", ""Brokerage"", ""Commercial banking"", ""Consumer banking"", ""Consumer finance"", ""Credit cards"", ""Fintech"", ""Institutional investing"", ""Insurance"", ""Investment banking"", ""Market data"", ""Regional banking"", ""Securities exchanges""]","[""Bank regulation"", ""Capital markets regulation"", ""Consumer financial protection"", ""Financial regulation""]","[""House Committee on Financial Services"", ""House Committee on Foreign Affairs""]","[""Capital Markets"", ""Financial Institutions""]",https://meeks.house.gov
B001257,Gus M. Bilirakis,House,Republican,FL,12,"[""Automotive components"", ""Biotechnology"", ""Broadband & cable"", ""Consumer electronics"", ""Digital media"", ""E-commerce"", ""Fiber broadband"", ""Health insurance"", ""Healthcare services"", ""Healthcare software"", ""Industrial manufacturing"", ""Medical devices"", ""Medical diagnostics"", ""Networking equipment"", ""Pharmaceuticals"", ""Retail technology"", ""Satellite communications"", ""Telecommunications"", ""Wireless telecommunications""]","[""Broadband policy"", ""Consumer protection"", ""Energy policy"", ""FDA policy"", ""Health insurance policy"", ""Interstate commerce"", ""Manufacturing policy"", ""Public health"", ""Public health policy"", ""Spectrum policy"", ""Telecommunications policy"", ""Telecommunications regulation"", ""Trade policy""]","[""House Committee on Energy and Commerce"", ""House Select Committee on the Strategic Competition Between the United States and the Chinese Communist Party""]","[""Commerce, Manufacturing, and Trade"", ""Communications and Technology"", ""Health""]",https://bilirakis.house.gov
R000610,Guy Reschenthaler,House,Republican,PA,14,"[""Electric utilities"", ""Electric-grid infrastructure"", ""Environmental services"", ""Hydrogen energy"", ""Industrial pollution control"", ""Mining royalties"", ""Nuclear power"", ""Nuclear technology"", ""Solar energy"", ""Specialty chemicals"", ""Specialty minerals"", ""Water infrastructure"", ""Water treatment"", ""Water utilities"", ""Wind energy""]","[""Energy appropriations"", ""Environmental appropriations"", ""Federal appropriations"", ""Public lands"", ""Water infrastructure funding""]","[""House Committee on Appropriations""]","[""Energy and Water Development and Related Agencies"", ""Interior, Environment, and Related Agencies"", ""National Security, Department of State, and Related Programs""]",https://reschenthaler.house.gov
M001160,Gwen Moore,House,Democrat,WI,4,[],[],"[""House Committee on Ways and Means"", ""Joint Economic Committee""]","[""Social Security"", ""Tax"", ""Work and Welfare""]",https://gwenmoore.house.gov
G000568,H. Morgan Griffith,House,Republican,VA,9,"[""Biotechnology"", ""Broadband & cable"", ""Digital media"", ""Environmental services"", ""Fiber broadband"", ""Hazardous-waste services"", ""Health insurance"", ""Healthcare services"", ""Healthcare software"", ""Industrial pollution control"", ""Medical devices"", ""Medical diagnostics"", ""Networking equipment"", ""Pharmaceuticals"", ""Satellite communications"", ""Specialty chemicals"", ""Telecommunications"", ""Waste disposal"", ""Water treatment"", ""Wireless telecommunications""]","[""Air quality"", ""Broadband policy"", ""Chemical regulation"", ""Consumer protection"", ""Energy policy"", ""Environmental regulation"", ""FDA policy"", ""Health insurance policy"", ""Interstate commerce"", ""Public health"", ""Public health policy"", ""Spectrum policy"", ""Telecommunications policy"", ""Telecommunications regulation""]","[""House Committee on Energy and Commerce"", ""House Committee on House Administration"", ""House Committee on Rules"", ""House Select Subcommittee to Investigate the Remaining Questions Surrounding January 6, 2021""]","[""Communications and Technology"", ""Environment"", ""Health"", ""Rules and Organization of the House""]",https://morgangriffith.house.gov
J000294,Hakeem S. Jeffries,House,Democrat,NY,8,[],[],[],[],https://jeffries.house.gov
S001215,Haley M. Stevens,House,Democrat,MI,11,"[""Advanced materials"", ""Aerospace systems"", ""Artificial intelligence"", ""Commercial aerospace"", ""Quantum technology"", ""Robotics & AI"", ""Satellite communications"", ""Semiconductors"", ""Space launch"", ""Space systems""]","[""Commercial space policy"", ""Emerging technology"", ""Federal R&D"", ""NASA"", ""Science policy"", ""Space policy"", ""Technology policy""]","[""House Committee on Education and Workforce"", ""House Committee on Science, Space, and Technology"", ""House Select Committee on the Strategic Competition Between the United States and the Chinese Communist Party""]","[""Research and Technology"", ""Space and Aeronautics"", ""Workforce Protections""]",https://stevens.house.gov
R000395,Harold Rogers,House,Republican,KY,5,"[""Artificial intelligence"", ""Commercial aerospace"", ""Defense aerospace"", ""Defense electronics"", ""Defense systems"", ""Defense technology"", ""Infrastructure construction"", ""Military drones"", ""Missile systems"", ""Multifamily residential REIT"", ""Rail equipment"", ""Residential real estate"", ""Space launch"", ""Space systems"", ""Transportation infrastructure""]","[""Commerce policy"", ""Defense appropriations"", ""Federal appropriations"", ""Housing policy"", ""Military procurement"", ""Science funding"", ""Space policy"", ""Technology policy"", ""Transportation funding""]","[""House Committee on Appropriations""]","[""Commerce, Justice, Science, and Related Agencies"", ""Defense"", ""Transportation, Housing and Urban Development, and Related Agencies""]",https://halrogers.house.gov
H001096,Harriet M. Hageman,House,Republican,WY,0,"[""Forestry"", ""Gold"", ""Iron ore"", ""Mining royalties"", ""Natural-gas exploration & production"", ""Oil exploration & production"", ""Silver"", ""Specialty minerals"", ""Water infrastructure"", ""Water utilities""]","[""Federal energy resources"", ""Fisheries"", ""Mining policy"", ""Natural resources policy"", ""Public lands"", ""Water policy"", ""Wildlife""]","[""House Committee on Natural Resources"", ""House Committee on the Judiciary"", ""House Select Subcommittee to Investigate the Remaining Questions Surrounding January 6, 2021""]","[""Energy and Mineral Resources"", ""The Administrative State, Regulatory Reform, and Antitrust"", ""The Constitution and Limited Government"", ""Water, Wildlife and Fisheries""]",https://hageman.house.gov
J000288,"Henry C. ""Hank"" Johnson, Jr.",House,Democrat,GA,4,"[""Aerospace systems"", ""Air freight"", ""Aircraft manufacturing"", ""Artificial intelligence"", ""Cloud computing"", ""Commercial aerospace"", ""Digital advertising"", ""Enterprise software"", ""Hazardous-waste services"", ""Infrastructure construction"", ""Oil & gas pipelines"", ""Passenger airlines"", ""Pipeline construction"", ""Rail equipment"", ""Rail technology"", ""Semiconductors"", ""Social media"", ""Transit systems"", ""Transportation infrastructure""]","[""AI policy"", ""Aviation safety"", ""FAA policy"", ""Hazardous materials"", ""Highway policy"", ""Infrastructure policy"", ""Intellectual property"", ""Internet policy"", ""Pipeline safety"", ""Public transit"", ""Rail safety"", ""Transportation policy""]","[""House Committee on Transportation and Infrastructure"", ""House Committee on the Judiciary""]","[""Aviation"", ""Courts, Intellectual Property, Artificial Intelligence, and the Internet"", ""Highways and Transit"", ""Oversight"", ""Railroads, Pipelines, and Hazardous Materials"", ""The Administrative State, Regulatory Reform, and Antitrust""]",https://hankjohnson.house.gov
C001063,Henry Cuellar,House,Democrat,TX,28,"[""Cybersecurity"", ""Defense aerospace"", ""Defense communications"", ""Defense electronics"", ""Defense systems"", ""Defense technology"", ""Healthcare services"", ""Infrastructure construction"", ""Medical devices"", ""Military drones"", ""Missile systems""]","[""Border security"", ""Defense appropriations"", ""Federal appropriations"", ""Homeland security appropriations"", ""Military construction"", ""Military procurement"", ""Veterans affairs""]","[""House Committee on Appropriations""]","[""Defense"", ""Homeland Security"", ""Military Construction, Veterans Affairs, and Related Agencies""]",https://cuellar.house.gov
C001136,"Herbert C. Conaway, Jr.",House,Democrat,NJ,3,"[""Aerospace & defense"", ""Aircraft manufacturing"", ""Artificial intelligence"", ""Biotechnology"", ""Cloud computing"", ""Cybersecurity"", ""Defense aerospace"", ""Defense electronics"", ""Defense software"", ""Defense systems"", ""Defense technology"", ""Health insurance"", ""Healthcare services"", ""Healthcare software"", ""Medical devices"", ""Medical diagnostics"", ""Military drones"", ""Military systems"", ""Pharmaceuticals""]","[""Defense IT"", ""Defense cybersecurity"", ""FDA policy"", ""Ground combat systems"", ""Health insurance policy"", ""Military AI"", ""Military procurement"", ""National defense"", ""Public health policy"", ""Tactical aviation""]","[""House Committee on Armed Services"", ""House Committee on Veterans' Affairs""]","[""Cyber, Information Technologies, and Innovation"", ""Health"", ""Oversight and Investigations"", ""Tactical Air and Land Forces""]",https://conaway.house.gov
S001221,Hillary J. Scholten,House,Democrat,MI,3,"[""Aerospace systems"", ""Air freight"", ""Aircraft manufacturing"", ""Commercial aerospace"", ""Environmental services"", ""Infrastructure construction"", ""Logistics"", ""Maritime transportation"", ""Passenger airlines"", ""Transportation infrastructure"", ""Wastewater services"", ""Water infrastructure"", ""Water treatment""]","[""Aviation safety"", ""Coast Guard"", ""Environmental infrastructure"", ""FAA policy"", ""Infrastructure policy"", ""Maritime policy"", ""Transportation policy"", ""Water resources""]","[""House Committee on Small Business"", ""House Committee on Transportation and Infrastructure""]","[""Aviation"", ""Coast Guard and Maritime Transportation"", ""Contracting and Infrastructure"", ""Innovation, Entrepreneurship, and Workforce Development"", ""Rural Development, Energy, and Supply Chains"", ""Water Resources and Environment""]",https://scholten.house.gov
O000173,Ilhan Omar,House,Democrat,MN,5,[],[],"[""House Committee on Education and Workforce"", ""House Committee on the Budget""]","[""Higher Education and Workforce Development"", ""Workforce Protections""]",https://omar.house.gov
H001072,J. French Hill,House,Republican,AR,2,"[""Asset management"", ""Banking"", ""Consumer finance"", ""Cybersecurity"", ""Defense communications"", ""Defense electronics"", ""Fintech"", ""Insurance"", ""Satellite communications"", ""Securities exchanges"", ""Space systems""]","[""Classified intelligence"", ""Cyber intelligence"", ""Financial regulation"", ""National security""]","[""House Committee on Financial Services"", ""House Permanent Select Committee on Intelligence""]","[""National Intelligence Enterprise"", ""National Security Agency and Cyber""]",https://hill.house.gov
C001110,J. Luis Correa,House,Democrat,CA,46,[],[],"[""House Committee on Homeland Security"", ""House Committee on the Judiciary""]","[""Border Security and Enforcement"", ""Counterterrorism and Intelligence"", ""Immigration Integrity, Security, and Enforcement"", ""The Administrative State, Regulatory Reform, and Antitrust""]",https://correa.house.gov
B001301,Jack Bergman,House,Republican,MI,1,"[""Aerospace & defense"", ""Biotechnology"", ""Defense aerospace"", ""Defense systems"", ""Defense technology"", ""Health insurance"", ""Healthcare services"", ""Healthcare software"", ""Logistics"", ""Medical devices"", ""Medical diagnostics"", ""Military systems"", ""Naval nuclear propulsion"", ""Pharmaceuticals""]","[""Defense logistics"", ""FDA policy"", ""Health insurance policy"", ""Military procurement"", ""Military readiness"", ""National defense"", ""Naval procurement"", ""Power projection"", ""Public health policy"", ""Shipbuilding""]","[""House Committee on Armed Services"", ""House Committee on Veterans' Affairs"", ""House Committee on the Budget""]","[""Disability Assistance and Memorial Affairs"", ""Health"", ""Readiness"", ""Seapower and Projection Forces""]",https://bergman.house.gov
H001081,Jahana Hayes,House,Democrat,CT,5,"[""Agriculture"", ""Animal nutrition"", ""Broad commodities"", ""Farm supplies"", ""Food brands"", ""Livestock health"", ""Packaged foods""]","[""Agricultural policy"", ""Agricultural trade"", ""Dairy policy"", ""Food policy"", ""Livestock policy"", ""Nutrition policy"", ""Poultry policy"", ""Rural development""]","[""House Committee on Agriculture"", ""House Committee on Education and Workforce""]","[""Early Childhood, Elementary, and Secondary Education"", ""Health, Employment, Labor, and Pensions"", ""Livestock, Dairy, and Poultry"", ""Nutrition and Foreign Agriculture""]",https://hayes.house.gov
A000148,Jake Auchincloss,House,Democrat,MA,4,"[""Battery storage"", ""Biotechnology"", ""Electric utilities"", ""Environmental services"", ""Hazardous-waste services"", ""Health insurance"", ""Healthcare services"", ""Healthcare software"", ""Hydrogen energy"", ""Industrial pollution control"", ""Integrated oil & gas"", ""Medical devices"", ""Medical diagnostics"", ""Natural-gas exploration & production"", ""Nuclear power"", ""Oil & gas pipelines"", ""Pharmaceuticals"", ""Power generation"", ""Power transmission"", ""Solar energy"", ""Specialty chemicals"", ""Waste disposal"", ""Water treatment"", ""Wind energy""]","[""Air quality"", ""Chemical regulation"", ""Consumer protection"", ""Energy infrastructure"", ""Energy policy"", ""Energy regulation"", ""Environmental regulation"", ""FDA policy"", ""Grid reliability"", ""Health insurance policy"", ""Interstate commerce"", ""Public health"", ""Public health policy"", ""Telecommunications policy""]","[""House Committee on Energy and Commerce""]","[""Energy"", ""Environment"", ""Health""]",https://auchincloss.house.gov
E000071,Jake Ellzey,House,Republican,TX,6,"[""Biotechnology"", ""Defense aerospace"", ""Defense electronics"", ""Defense systems"", ""Defense technology"", ""Education services"", ""Environmental services"", ""Health insurance"", ""Healthcare services"", ""Industrial pollution control"", ""Medical devices"", ""Medical diagnostics"", ""Military drones"", ""Mining royalties"", ""Missile systems"", ""Pharmaceuticals"", ""Specialty chemicals"", ""Specialty minerals"", ""Water treatment""]","[""Defense appropriations"", ""Education appropriations"", ""Environmental appropriations"", ""Federal appropriations"", ""Health appropriations"", ""Labor policy"", ""Military procurement"", ""Public lands""]","[""House Committee on Appropriations"", ""House Committee on Small Business""]","[""Contracting and Infrastructure"", ""Defense"", ""Interior, Environment, and Related Agencies"", ""Labor, Health and Human Services, Education, and Related Agencies"", ""Rural Development, Energy, and Supply Chains""]",https://ellzey.house.gov
H001047,James A. Himes,House,Democrat,CT,4,"[""Asset management"", ""Banking"", ""Consumer finance"", ""Cybersecurity"", ""Defense communications"", ""Defense electronics"", ""Fintech"", ""Insurance"", ""Satellite communications"", ""Securities exchanges"", ""Space systems""]","[""Classified intelligence"", ""Cyber intelligence"", ""Financial regulation"", ""National security""]","[""House Committee on Financial Services"", ""House Permanent Select Committee on Intelligence""]",[],https://himes.house.gov
M001219,James C. Moylan,House,Republican,GU,0,"[""Aerospace & defense"", ""Defense aerospace"", ""Defense systems"", ""Defense technology"", ""Logistics"", ""Military systems"", ""Naval nuclear propulsion""]","[""Defense logistics"", ""Military procurement"", ""Military readiness"", ""National defense"", ""Naval procurement"", ""Power projection"", ""Shipbuilding""]","[""House Committee on Armed Services"", ""House Committee on Education and Workforce"", ""House Committee on Foreign Affairs""]","[""Early Childhood, Elementary, and Secondary Education"", ""East Asia and Pacific"", ""Higher Education and Workforce Development"", ""Readiness"", ""Seapower and Projection Forces"", ""South and Central Asia""]",https://moylan.house.gov
C001108,James Comer,House,Republican,KY,1,[],[],"[""House Committee on Education and Workforce"", ""House Committee on Oversight and Government Reform""]","[""Health, Employment, Labor, and Pensions"", ""Workforce Protections""]",https://comer.house.gov
C000537,James E. Clyburn,House,Democrat,SC,6,"[""Commercial aerospace"", ""Electric utilities"", ""Electric-grid infrastructure"", ""Environmental services"", ""Hydrogen energy"", ""Industrial pollution control"", ""Infrastructure construction"", ""Mining royalties"", ""Multifamily residential REIT"", ""Nuclear power"", ""Nuclear technology"", ""Rail equipment"", ""Residential real estate"", ""Solar energy"", ""Specialty chemicals"", ""Specialty minerals"", ""Transportation infrastructure"", ""Water infrastructure"", ""Water treatment"", ""Water utilities"", ""Wind energy""]","[""Energy appropriations"", ""Environmental appropriations"", ""Federal appropriations"", ""Housing policy"", ""Public lands"", ""Transportation funding"", ""Water infrastructure funding""]","[""House Committee on Appropriations""]","[""Energy and Water Development and Related Agencies"", ""Interior, Environment, and Related Agencies"", ""Transportation, Housing and Urban Development, and Related Agencies""]",https://clyburn.house.gov
G000607,James Gallagher,House,Republican,CA,1,"[""Artificial intelligence"", ""Commercial aerospace"", ""Infrastructure construction"", ""Semiconductors"", ""Space launch"", ""Space systems"", ""Transportation infrastructure""]","[""Infrastructure policy"", ""Science policy"", ""Space policy"", ""Technology policy"", ""Transportation policy""]","[""House Committee on Foreign Affairs"", ""House Committee on Science, Space, and Technology"", ""House Committee on Transportation and Infrastructure""]",[],
M000312,James P. McGovern,House,Democrat,MA,2,"[""Agriculture"", ""Animal nutrition"", ""Broad commodities"", ""Farm supplies"", ""Food brands"", ""Packaged foods""]","[""Agricultural policy"", ""Agricultural trade"", ""Food policy"", ""Nutrition policy"", ""Rural development""]","[""House Committee on Agriculture"", ""House Committee on Rules""]","[""Nutrition and Foreign Agriculture"", ""Rules and Organization of the House""]",https://mcgovern.house.gov
B001307,James R. Baird,House,Republican,IN,4,"[""Advanced materials"", ""Agriculture"", ""Animal health"", ""Animal nutrition"", ""Artificial intelligence"", ""Battery storage"", ""Biotechnology"", ""Broad commodities"", ""Clean energy"", ""Commercial aerospace"", ""Electric utilities"", ""Farm supplies"", ""Food brands"", ""Forestry"", ""Hydrogen energy"", ""Integrated oil & gas"", ""Livestock health"", ""Natural-gas exploration & production"", ""Nuclear power"", ""Oil & gas pipelines"", ""Packaged foods"", ""Power generation"", ""Power transmission"", ""Quantum technology"", ""Robotics & AI"", ""Semiconductors"", ""Solar energy"", ""Space launch"", ""Space systems"", ""Wind energy""]","[""Agricultural biotechnology"", ""Agricultural policy"", ""Agricultural research"", ""Agricultural trade"", ""Conservation"", ""Dairy policy"", ""Emerging technology"", ""Energy infrastructure"", ""Energy regulation"", ""Energy research"", ""Federal R&D"", ""Food policy"", ""Forestry policy"", ""Grid reliability"", ""Horticulture policy"", ""Livestock policy"", ""Nutrition policy"", ""Poultry policy"", ""Rural development"", ""Science policy"", ""Space policy"", ""Technology policy""]","[""House Committee on Agriculture"", ""House Committee on Foreign Affairs"", ""House Committee on Science, Space, and Technology""]","[""Africa"", ""Conservation, Research, and Biotechnology"", ""Energy"", ""Forestry and Horticulture"", ""Livestock, Dairy, and Poultry"", ""Nutrition and Foreign Agriculture"", ""Oversight and Intelligence"", ""Research and Technology""]",https://baird.house.gov
W000831,James R. Walkinshaw,House,Democrat,VA,11,"[""Cloud security"", ""Cybersecurity"", ""Electric-grid infrastructure"", ""Identity security"", ""Telecom infrastructure""]","[""Critical infrastructure cybersecurity"", ""Homeland security""]","[""House Committee on Homeland Security"", ""House Committee on Oversight and Government Reform""]","[""Border Security and Enforcement"", ""Cybersecurity and Infrastructure Protection"", ""Delivering on Government Efficiency"", ""Military and Foreign Affairs""]",https://walkinshaw.house.gov
R000606,Jamie Raskin,House,Democrat,MD,8,[],[],"[""House Committee on the Judiciary""]",[],https://raskin.house.gov
B001326,Janelle S. Bynum,House,Democrat,OR,5,"[""Asset management"", ""Banking"", ""Brokerage"", ""Consumer finance"", ""Fintech"", ""Institutional investing"", ""Insurance"", ""Investment banking"", ""Market data"", ""Mortgage technology"", ""Multifamily residential REIT"", ""Property & casualty insurance"", ""Residential real estate"", ""Securities exchanges""]","[""Capital markets regulation"", ""Financial regulation"", ""Housing finance"", ""Insurance regulation""]","[""House Committee on Financial Services""]","[""Capital Markets"", ""Housing and Insurance""]",https://bynum.house.gov
S001145,Janice D. Schakowsky,House,Democrat,IL,9,"[""Automotive components"", ""Consumer electronics"", ""E-commerce"", ""Environmental services"", ""Hazardous-waste services"", ""Industrial manufacturing"", ""Industrial pollution control"", ""Retail technology"", ""Specialty chemicals"", ""Waste disposal"", ""Water treatment""]","[""Air quality"", ""Chemical regulation"", ""Consumer protection"", ""Energy policy"", ""Environmental regulation"", ""Interstate commerce"", ""Manufacturing policy"", ""Public health"", ""Telecommunications policy"", ""Trade policy""]","[""House Committee on Energy and Commerce""]","[""Commerce, Manufacturing, and Trade"", ""Environment""]",https://schakowsky.house.gov
G000592,Jared F. Golden,House,Democrat,ME,2,"[""Aerospace & defense"", ""Cybersecurity"", ""Defense aerospace"", ""Defense communications"", ""Defense electronics"", ""Defense systems"", ""Defense technology"", ""Forestry"", ""Gold"", ""Iron ore"", ""Mining royalties"", ""Natural-gas exploration & production"", ""Naval nuclear propulsion"", ""Oil exploration & production"", ""Satellite communications"", ""Silver"", ""Space systems"", ""Specialty minerals"", ""Water infrastructure"", ""Water utilities""]","[""Classified intelligence"", ""Federal energy resources"", ""Fisheries"", ""Military intelligence"", ""Military procurement"", ""Mining policy"", ""National defense"", ""Natural resources policy"", ""Naval procurement"", ""Power projection"", ""Public lands"", ""Shipbuilding"", ""Special operations"", ""Water policy"", ""Wildlife""]","[""House Committee on Armed Services"", ""House Committee on Natural Resources""]","[""Energy and Mineral Resources"", ""Federal Lands"", ""Intelligence and Special Operations"", ""Seapower and Projection Forces"", ""Water, Wildlife and Fisheries""]",https://golden.house.gov
H001068,Jared Huffman,House,Democrat,CA,2,"[""Environmental services"", ""Forestry"", ""Gold"", ""Infrastructure construction"", ""Iron ore"", ""Mining royalties"", ""Natural-gas exploration & production"", ""Oil exploration & production"", ""Silver"", ""Specialty minerals"", ""Transit systems"", ""Transportation infrastructure"", ""Wastewater services"", ""Water infrastructure"", ""Water treatment""]","[""Environmental infrastructure"", ""Federal energy resources"", ""Highway policy"", ""Infrastructure policy"", ""Mining policy"", ""Natural resources policy"", ""Public lands"", ""Public transit"", ""Transportation policy"", ""Water resources""]","[""House Committee on Natural Resources"", ""House Committee on Transportation and Infrastructure""]","[""Energy and Mineral Resources"", ""Highways and Transit"", ""Water Resources and Environment""]",https://huffman.house.gov
M001217,Jared Moskowitz,House,Democrat,FL,23,"[""Artificial intelligence"", ""Cloud computing"", ""Digital advertising"", ""Enterprise software"", ""Semiconductors"", ""Social media""]","[""AI policy"", ""Intellectual property"", ""Internet policy""]","[""House Committee on Foreign Affairs"", ""House Committee on the Judiciary"", ""House Select Subcommittee to Investigate the Remaining Questions Surrounding January 6, 2021""]","[""Courts, Intellectual Property, Artificial Intelligence, and the Internet"", ""Crime and Federal Government Surveillance"", ""East Asia and Pacific"", ""Oversight and Intelligence""]",https://moskowitz.house.gov
C001130,Jasmine Crockett,House,Democrat,TX,30,[],[],"[""House Committee on Oversight and Government Reform"", ""House Committee on the Judiciary"", ""House Select Subcommittee to Investigate the Remaining Questions Surrounding January 6, 2021""]","[""Delivering on Government Efficiency"", ""Immigration Integrity, Security, and Enforcement"", ""Oversight""]",https://crockett.house.gov
C001121,Jason Crow,House,Democrat,CO,6,"[""Aerospace & defense"", ""Artificial intelligence"", ""Cloud computing"", ""Cybersecurity"", ""Defense communications"", ""Defense electronics"", ""Defense software"", ""Defense systems"", ""Defense technology"", ""Satellite communications"", ""Space systems""]","[""Classified intelligence"", ""Cyber intelligence"", ""Defense IT"", ""Defense cybersecurity"", ""Military AI"", ""Military intelligence"", ""Military procurement"", ""National defense"", ""National security"", ""Special operations""]","[""House Committee on Armed Services"", ""House Permanent Select Committee on Intelligence""]","[""Central Intelligence Agency"", ""Cyber, Information Technologies, and Innovation"", ""Intelligence and Special Operations"", ""Open Source Intelligence""]",https://crow.house.gov
S001195,Jason Smith,House,Republican,MO,8,[],[],"[""House Committee on Ways and Means"", ""Joint Committee on Taxation""]",[],https://jasonsmith.house.gov
O000019,Jay Obernolte,House,Republican,CA,23,"[""Advanced materials"", ""Artificial intelligence"", ""Automotive components"", ""Biotechnology"", ""Broadband & cable"", ""Commercial aerospace"", ""Consumer electronics"", ""Digital media"", ""E-commerce"", ""Fiber broadband"", ""Health insurance"", ""Healthcare services"", ""Healthcare software"", ""Industrial manufacturing"", ""Medical devices"", ""Medical diagnostics"", ""Networking equipment"", ""Pharmaceuticals"", ""Quantum technology"", ""Retail technology"", ""Robotics & AI"", ""Satellite communications"", ""Semiconductors"", ""Space launch"", ""Space systems"", ""Telecommunications"", ""Wireless telecommunications""]","[""Broadband policy"", ""Consumer protection"", ""Emerging technology"", ""Energy policy"", ""FDA policy"", ""Federal R&D"", ""Health insurance policy"", ""Interstate commerce"", ""Manufacturing policy"", ""Public health"", ""Public health policy"", ""Science policy"", ""Space policy"", ""Spectrum policy"", ""Technology policy"", ""Telecommunications policy"", ""Telecommunications regulation"", ""Trade policy""]","[""House Committee on Energy and Commerce"", ""House Committee on Science, Space, and Technology"", ""House Committee on the Budget""]","[""Commerce, Manufacturing, and Trade"", ""Communications and Technology"", ""Health"", ""Research and Technology""]",https://obernolte.house.gov
C001137,Jeff Crank,House,Republican,CO,5,"[""Aerospace & defense"", ""Artificial intelligence"", ""Cloud computing"", ""Cybersecurity"", ""Defense electronics"", ""Defense software"", ""Defense systems"", ""Defense technology"", ""Forestry"", ""Gold"", ""Iron ore"", ""Mining royalties"", ""Missile systems"", ""Natural-gas exploration & production"", ""Nuclear technology"", ""Oil exploration & production"", ""Silver"", ""Space systems"", ""Specialty minerals"", ""Water infrastructure"", ""Water utilities""]","[""Defense IT"", ""Defense cybersecurity"", ""Federal energy resources"", ""Fisheries"", ""Military AI"", ""Military procurement"", ""Military space"", ""Mining policy"", ""Missile defense"", ""National defense"", ""Natural resources policy"", ""Nuclear deterrence"", ""Public lands"", ""Water policy"", ""Wildlife""]","[""House Committee on Armed Services"", ""House Committee on Natural Resources""]","[""Cyber, Information Technologies, and Innovation"", ""Energy and Mineral Resources"", ""Military Personnel"", ""Strategic Forces"", ""Water, Wildlife and Fisheries""]",https://crank.house.gov
H001100,Jeff Hurd,House,Republican,CO,3,"[""Aerospace systems"", ""Air freight"", ""Aircraft manufacturing"", ""Artificial intelligence"", ""Battery storage"", ""Clean energy"", ""Commercial aerospace"", ""Electric utilities"", ""Environmental services"", ""Forestry"", ""Gold"", ""Hazardous-waste services"", ""Hydrogen energy"", ""Industrial pollution control"", ""Infrastructure construction"", ""Integrated oil & gas"", ""Iron ore"", ""Mining royalties"", ""Natural-gas exploration & production"", ""Nuclear power"", ""Oil & gas pipelines"", ""Oil exploration & production"", ""Passenger airlines"", ""Power generation"", ""Power transmission"", ""Semiconductors"", ""Silver"", ""Solar energy"", ""Space launch"", ""Space systems"", ""Specialty chemicals"", ""Specialty minerals"", ""Transit systems"", ""Transportation infrastructure"", ""Waste disposal"", ""Wastewater services"", ""Water infrastructure"", ""Water treatment"", ""Wind energy""]","[""Air quality"", ""Aviation safety"", ""Chemical regulation"", ""Energy infrastructure"", ""Energy regulation"", ""Energy research"", ""Environmental infrastructure"", ""Environmental regulation"", ""FAA policy"", ""Federal energy resources"", ""Grid reliability"", ""Highway policy"", ""Infrastructure policy"", ""Mining policy"", ""Natural resources policy"", ""Public lands"", ""Public transit"", ""Science policy"", ""Space policy"", ""Technology policy"", ""Transportation policy"", ""Water resources""]","[""House Committee on Natural Resources"", ""House Committee on Science, Space, and Technology"", ""House Committee on Transportation and Infrastructure""]","[""Aviation"", ""Energy"", ""Energy and Mineral Resources"", ""Environment"", ""Highways and Transit"", ""Indian and Insular Affairs"", ""Water Resources and Environment""]",https://hurd.house.gov
S001229,Jefferson Shreve,House,Republican,IN,6,"[""Artificial intelligence"", ""Commercial aerospace"", ""Cybersecurity"", ""Defense communications"", ""Defense technology"", ""Infrastructure construction"", ""Multifamily residential REIT"", ""Rail equipment"", ""Residential real estate"", ""Space launch"", ""Space systems"", ""Transportation infrastructure""]","[""Border security"", ""Commerce policy"", ""Federal appropriations"", ""Homeland security appropriations"", ""Housing policy"", ""Science funding"", ""Space policy"", ""Technology policy"", ""Transportation funding""]","[""House Committee on Appropriations""]","[""Commerce, Justice, Science, and Related Agencies"", ""Homeland Security"", ""Transportation, Housing and Urban Development, and Related Agencies""]",https://shreve.house.gov
V000133,Jefferson Van Drew,House,Republican,NJ,2,"[""Aerospace systems"", ""Air freight"", ""Aircraft manufacturing"", ""Commercial aerospace"", ""Infrastructure construction"", ""Logistics"", ""Maritime transportation"", ""Passenger airlines"", ""Transit systems"", ""Transportation infrastructure""]","[""Aviation safety"", ""Coast Guard"", ""FAA policy"", ""Highway policy"", ""Infrastructure policy"", ""Maritime policy"", ""Public transit"", ""Transportation policy""]","[""House Committee on Transportation and Infrastructure"", ""House Committee on the Judiciary""]","[""Aviation"", ""Coast Guard and Maritime Transportation"", ""Highways and Transit"", ""Immigration Integrity, Security, and Enforcement"", ""Oversight""]",https://vandrew.house.gov
K000399,Jennifer A. Kiggans,House,Republican,VA,2,"[""Aerospace & defense"", ""Artificial intelligence"", ""Biotechnology"", ""Cloud computing"", ""Cybersecurity"", ""Defense aerospace"", ""Defense electronics"", ""Defense software"", ""Defense systems"", ""Defense technology"", ""Forestry"", ""Gold"", ""Health insurance"", ""Healthcare services"", ""Healthcare software"", ""Iron ore"", ""Medical devices"", ""Medical diagnostics"", ""Mining royalties"", ""Natural-gas exploration & production"", ""Naval nuclear propulsion"", ""Oil exploration & production"", ""Pharmaceuticals"", ""Silver"", ""Specialty minerals"", ""Water infrastructure"", ""Water utilities""]","[""Defense IT"", ""Defense cybersecurity"", ""FDA policy"", ""Federal energy resources"", ""Fisheries"", ""Health insurance policy"", ""Military AI"", ""Military procurement"", ""Mining policy"", ""National defense"", ""Natural resources policy"", ""Naval procurement"", ""Power projection"", ""Public health policy"", ""Public lands"", ""Shipbuilding"", ""Water policy"", ""Wildlife""]","[""House Committee on Armed Services"", ""House Committee on Natural Resources"", ""House Committee on Veterans' Affairs""]","[""Cyber, Information Technologies, and Innovation"", ""Energy and Mineral Resources"", ""Health"", ""Military Personnel"", ""Oversight and Investigations"", ""Seapower and Projection Forces"", ""Water, Wildlife and Fisheries""]",https://kiggans.house.gov
M001227,Jennifer L. McClellan,House,Democrat,VA,4,"[""Battery storage"", ""Broadband & cable"", ""Digital media"", ""Electric utilities"", ""Fiber broadband"", ""Hydrogen energy"", ""Integrated oil & gas"", ""Natural-gas exploration & production"", ""Networking equipment"", ""Nuclear power"", ""Oil & gas pipelines"", ""Power generation"", ""Power transmission"", ""Satellite communications"", ""Solar energy"", ""Telecommunications"", ""Wind energy"", ""Wireless telecommunications""]","[""Broadband policy"", ""Consumer protection"", ""Energy infrastructure"", ""Energy policy"", ""Energy regulation"", ""Grid reliability"", ""Interstate commerce"", ""Public health"", ""Spectrum policy"", ""Telecommunications policy"", ""Telecommunications regulation""]","[""House Committee on Energy and Commerce""]","[""Communications and Technology"", ""Energy""]",https://mcclellan.house.gov
N000002,Jerrold Nadler,House,Democrat,NY,12,"[""Hazardous-waste services"", ""Infrastructure construction"", ""Oil & gas pipelines"", ""Pipeline construction"", ""Rail equipment"", ""Rail technology"", ""Transit systems"", ""Transportation infrastructure""]","[""Hazardous materials"", ""Highway policy"", ""Infrastructure policy"", ""Pipeline safety"", ""Public transit"", ""Rail safety"", ""Transportation policy""]","[""House Committee on Transportation and Infrastructure"", ""House Committee on the Judiciary""]","[""Highways and Transit"", ""Immigration Integrity, Security, and Enforcement"", ""Railroads, Pipelines, and Hazardous Materials"", ""The Administrative State, Regulatory Reform, and Antitrust""]",https://nadler.house.gov
G000586,"Jesús G. ""Chuy"" García",House,Democrat,IL,4,"[""Aerospace systems"", ""Air freight"", ""Aircraft manufacturing"", ""Commercial aerospace"", ""Hazardous-waste services"", ""Infrastructure construction"", ""Oil & gas pipelines"", ""Passenger airlines"", ""Pipeline construction"", ""Rail equipment"", ""Rail technology"", ""Transit systems"", ""Transportation infrastructure""]","[""Aviation safety"", ""FAA policy"", ""Hazardous materials"", ""Highway policy"", ""Infrastructure policy"", ""Pipeline safety"", ""Public transit"", ""Rail safety"", ""Transportation policy""]","[""House Committee on Transportation and Infrastructure"", ""House Committee on the Judiciary""]","[""Aviation"", ""Highways and Transit"", ""Immigration Integrity, Security, and Enforcement"", ""Railroads, Pipelines, and Hazardous Materials"", ""The Administrative State, Regulatory Reform, and Antitrust""]",https://chuygarcia.house.gov
T000487,Jill N. Tokuda,House,Democrat,HI,2,"[""Aerospace & defense"", ""Agriculture"", ""Animal health"", ""Animal nutrition"", ""Biotechnology"", ""Broad commodities"", ""Defense systems"", ""Defense technology"", ""Farm supplies"", ""Food brands"", ""Logistics"", ""Military systems"", ""Packaged foods""]","[""Agricultural biotechnology"", ""Agricultural policy"", ""Agricultural research"", ""Agricultural trade"", ""Conservation"", ""Defense logistics"", ""Food policy"", ""Military procurement"", ""Military readiness"", ""National defense"", ""Nutrition policy"", ""Rural development""]","[""House Committee on Agriculture"", ""House Committee on Armed Services"", ""House Select Committee on the Strategic Competition Between the United States and the Chinese Communist Party""]","[""Conservation, Research, and Biotechnology"", ""Military Personnel"", ""Nutrition and Foreign Agriculture"", ""Readiness""]",https://tokuda.house.gov
C001059,Jim Costa,House,Democrat,CA,21,"[""Agriculture"", ""Animal nutrition"", ""Broad commodities"", ""Farm supplies"", ""Forestry"", ""Livestock health"", ""Packaged foods""]","[""Agricultural policy"", ""Dairy policy"", ""Food policy"", ""Forestry policy"", ""Horticulture policy"", ""Livestock policy"", ""Poultry policy"", ""Rural development""]","[""House Committee on Agriculture"", ""House Committee on Foreign Affairs""]","[""Europe"", ""Forestry and Horticulture"", ""Livestock, Dairy, and Poultry""]",https://costa.house.gov
J000289,Jim Jordan,House,Republican,OH,4,[],[],"[""House Committee on Oversight and Government Reform"", ""House Committee on the Judiciary""]",[],https://jordan.house.gov
G000585,Jimmy Gomez,House,Democrat,CA,34,"[""Cybersecurity"", ""Defense communications"", ""Defense electronics"", ""Satellite communications"", ""Space systems""]","[""Classified intelligence"", ""Cyber intelligence"", ""National security""]","[""House Committee on Ways and Means"", ""House Permanent Select Committee on Intelligence""]","[""Central Intelligence Agency"", ""National Intelligence Enterprise"", ""Tax"", ""Work and Welfare""]",https://gomez.house.gov
P000613,Jimmy Panetta,House,Democrat,CA,19,[],"[""Customs"", ""Tariffs"", ""Trade policy""]","[""House Committee on Ways and Means"", ""House Committee on the Budget""]","[""Trade""]",https://panetta.house.gov
P000622,Jimmy Patronis,House,Republican,FL,1,"[""Aerospace systems"", ""Air freight"", ""Aircraft manufacturing"", ""Commercial aerospace"", ""Environmental services"", ""Infrastructure construction"", ""Logistics"", ""Maritime transportation"", ""Passenger airlines"", ""Transportation infrastructure"", ""Wastewater services"", ""Water infrastructure"", ""Water treatment""]","[""Aviation safety"", ""Coast Guard"", ""Environmental infrastructure"", ""FAA policy"", ""Infrastructure policy"", ""Maritime policy"", ""Transportation policy"", ""Water resources""]","[""House Committee on Small Business"", ""House Committee on Transportation and Infrastructure""]","[""Aviation"", ""Coast Guard and Maritime Transportation"", ""Innovation, Entrepreneurship, and Workforce Development"", ""Oversight, Investigations, and Regulations"", ""Rural Development, Energy, and Supply Chains"", ""Water Resources and Environment""]",https://patronis.house.gov
C001091,Joaquin Castro,House,Democrat,TX,20,"[""Cybersecurity"", ""Defense communications"", ""Defense electronics"", ""Satellite communications"", ""Space systems""]","[""Classified intelligence"", ""Cyber intelligence"", ""National security""]","[""House Committee on Foreign Affairs"", ""House Permanent Select Committee on Intelligence""]","[""Central Intelligence Agency"", ""East Asia and Pacific"", ""National Security Agency and Cyber"", ""Oversight and Investigations"", ""Western Hemisphere""]",https://castro.house.gov
A000375,Jodey C. Arrington,House,Republican,TX,19,[],"[""Customs"", ""Tariffs"", ""Trade policy""]","[""House Committee on Ways and Means"", ""House Committee on the Budget"", ""Joint Economic Committee""]","[""Tax"", ""Trade""]",https://arrington.house.gov
C001069,Joe Courtney,House,Democrat,CT,2,"[""Aerospace & defense"", ""Aircraft manufacturing"", ""Defense aerospace"", ""Defense systems"", ""Defense technology"", ""Military drones"", ""Military systems"", ""Naval nuclear propulsion""]","[""Ground combat systems"", ""Military procurement"", ""National defense"", ""Naval procurement"", ""Power projection"", ""Shipbuilding"", ""Tactical aviation""]","[""House Committee on Armed Services"", ""House Committee on Education and Workforce""]","[""Health, Employment, Labor, and Pensions"", ""Higher Education and Workforce Development"", ""Seapower and Projection Forces"", ""Tactical Air and Land Forces""]",https://courtney.house.gov
N000191,Joe Neguse,House,Democrat,CO,2,"[""Artificial intelligence"", ""Cloud computing"", ""Digital advertising"", ""Enterprise software"", ""Forestry"", ""Mining royalties"", ""Natural-gas exploration & production"", ""Oil exploration & production"", ""Semiconductors"", ""Social media"", ""Specialty minerals"", ""Water infrastructure"", ""Water utilities""]","[""AI policy"", ""Fisheries"", ""Intellectual property"", ""Internet policy"", ""Natural resources policy"", ""Public lands"", ""Water policy"", ""Wildlife""]","[""House Committee on Natural Resources"", ""House Committee on Rules"", ""House Committee on the Judiciary""]","[""Courts, Intellectual Property, Artificial Intelligence, and the Internet"", ""Federal Lands"", ""Legislative and Budget Process"", ""The Constitution and Limited Government"", ""Water, Wildlife and Fisheries""]",https://neguse.house.gov
W000795,Joe Wilson,House,Republican,SC,2,"[""Aerospace & defense"", ""Defense electronics"", ""Defense systems"", ""Defense technology"", ""Logistics"", ""Military systems"", ""Missile systems"", ""Nuclear technology"", ""Space systems""]","[""Defense logistics"", ""Military procurement"", ""Military readiness"", ""Military space"", ""Missile defense"", ""National defense"", ""Nuclear deterrence""]","[""House Committee on Armed Services"", ""House Committee on Education and Workforce"", ""House Committee on Foreign Affairs""]","[""Europe"", ""Health, Employment, Labor, and Pensions"", ""Higher Education and Workforce Development"", ""Middle East and North Africa"", ""Readiness"", ""Strategic Forces""]",https://joewilson.house.gov
L000557,John B. Larson,House,Democrat,CT,1,[],"[""Customs"", ""Tariffs"", ""Trade policy""]","[""House Committee on Ways and Means""]","[""Social Security"", ""Trade""]",https://larson.house.gov
G000559,John Garamendi,House,Democrat,CA,8,"[""Aerospace & defense"", ""Defense electronics"", ""Defense systems"", ""Defense technology"", ""Environmental services"", ""Infrastructure construction"", ""Logistics"", ""Maritime transportation"", ""Military systems"", ""Missile systems"", ""Nuclear technology"", ""Space systems"", ""Transit systems"", ""Transportation infrastructure"", ""Wastewater services"", ""Water infrastructure"", ""Water treatment""]","[""Coast Guard"", ""Defense logistics"", ""Environmental infrastructure"", ""Highway policy"", ""Infrastructure policy"", ""Maritime policy"", ""Military procurement"", ""Military readiness"", ""Military space"", ""Missile defense"", ""National defense"", ""Nuclear deterrence"", ""Public transit"", ""Transportation policy"", ""Water resources""]","[""House Committee on Armed Services"", ""House Committee on Transportation and Infrastructure""]","[""Coast Guard and Maritime Transportation"", ""Economic Development, Public Buildings, and Emergency Management"", ""Highways and Transit"", ""Readiness"", ""Strategic Forces"", ""Water Resources and Environment""]",https://garamendi.house.gov
R000609,John H. Rutherford,House,Republican,FL,5,"[""Commercial aerospace"", ""Cybersecurity"", ""Defense communications"", ""Defense technology"", ""Healthcare services"", ""Infrastructure construction"", ""Medical devices"", ""Multifamily residential REIT"", ""Rail equipment"", ""Residential real estate"", ""Transportation infrastructure""]","[""Border security"", ""Federal appropriations"", ""Homeland security appropriations"", ""Housing policy"", ""Military construction"", ""Transportation funding"", ""Veterans affairs""]","[""House Committee on Appropriations""]","[""Homeland Security"", ""Military Construction, Veterans Affairs, and Related Agencies"", ""Transportation, Housing and Urban Development, and Related Agencies""]",https://rutherford.house.gov
M001239,John J. McGuire III,House,Republican,VA,5,"[""Aerospace & defense"", ""Aircraft manufacturing"", ""Artificial intelligence"", ""Cloud computing"", ""Cybersecurity"", ""Defense aerospace"", ""Defense electronics"", ""Defense software"", ""Defense systems"", ""Defense technology"", ""Military drones"", ""Military systems""]","[""Defense IT"", ""Defense cybersecurity"", ""Ground combat systems"", ""Military AI"", ""Military procurement"", ""National defense"", ""Tactical aviation""]","[""House Committee on Armed Services"", ""House Committee on Oversight and Government Reform""]","[""Cyber, Information Technologies, and Innovation"", ""Cybersecurity, Information Technology, and Government Innovation"", ""Health Care and Financial Services"", ""Military and Foreign Affairs"", ""Tactical Air and Land Forces""]",https://mcguire.house.gov
J000307,John James,House,Republican,MI,10,"[""Automotive components"", ""Battery storage"", ""Biotechnology"", ""Consumer electronics"", ""E-commerce"", ""Electric utilities"", ""Health insurance"", ""Healthcare services"", ""Healthcare software"", ""Hydrogen energy"", ""Industrial manufacturing"", ""Integrated oil & gas"", ""Medical devices"", ""Medical diagnostics"", ""Natural-gas exploration & production"", ""Nuclear power"", ""Oil & gas pipelines"", ""Pharmaceuticals"", ""Power generation"", ""Power transmission"", ""Retail technology"", ""Solar energy"", ""Wind energy""]","[""Consumer protection"", ""Energy infrastructure"", ""Energy policy"", ""Energy regulation"", ""FDA policy"", ""Grid reliability"", ""Health insurance policy"", ""Interstate commerce"", ""Manufacturing policy"", ""Public health"", ""Public health policy"", ""Telecommunications policy"", ""Trade policy""]","[""House Committee on Energy and Commerce""]","[""Commerce, Manufacturing, and Trade"", ""Energy"", ""Health""]",https://james.house.gov
J000302,John Joyce,House,Republican,PA,13,"[""Biotechnology"", ""Environmental services"", ""Hazardous-waste services"", ""Health insurance"", ""Healthcare services"", ""Healthcare software"", ""Industrial pollution control"", ""Medical devices"", ""Medical diagnostics"", ""Pharmaceuticals"", ""Specialty chemicals"", ""Waste disposal"", ""Water treatment""]","[""Air quality"", ""Chemical regulation"", ""Consumer protection"", ""Energy policy"", ""Environmental regulation"", ""FDA policy"", ""Health insurance policy"", ""Interstate commerce"", ""Public health"", ""Public health policy"", ""Telecommunications policy""]","[""House Committee on Energy and Commerce""]","[""Environment"", ""Health"", ""Oversight and Investigations""]",https://johnjoyce.house.gov
C001051,John R. Carter,House,Republican,TX,31,"[""Artificial intelligence"", ""Commercial aerospace"", ""Defense aerospace"", ""Defense electronics"", ""Defense systems"", ""Defense technology"", ""Healthcare services"", ""Infrastructure construction"", ""Medical devices"", ""Military drones"", ""Missile systems"", ""Space launch"", ""Space systems""]","[""Commerce policy"", ""Defense appropriations"", ""Federal appropriations"", ""Military construction"", ""Military procurement"", ""Science funding"", ""Space policy"", ""Technology policy"", ""Veterans affairs""]","[""House Committee on Appropriations""]","[""Commerce, Justice, Science, and Related Agencies"", ""Defense"", ""Military Construction, Veterans Affairs, and Related Agencies""]",https://carter.house.gov
M001194,John R. Moolenaar,House,Republican,MI,2,"[""Agriculture"", ""Biotechnology"", ""Education services"", ""Health insurance"", ""Healthcare services"", ""Medical devices"", ""Medical diagnostics"", ""Packaged foods"", ""Pharmaceuticals""]","[""Agricultural appropriations"", ""Education appropriations"", ""FDA appropriations"", ""Federal appropriations"", ""Health appropriations"", ""Labor policy""]","[""House Committee on Appropriations"", ""House Select Committee on the Strategic Competition Between the United States and the Chinese Communist Party""]","[""Agriculture, Rural Development, Food and Drug Administration, and Related Agencies"", ""Labor, Health and Human Services, Education, and Related Agencies"", ""National Security, Department of State, and Related Programs""]",https://moolenaar.house.gov
M001231,John W. Mannion,House,Democrat,NY,22,"[""Agriculture"", ""Animal health"", ""Animal nutrition"", ""Biotechnology"", ""Broad commodities"", ""Cryptocurrency exchange"", ""Derivatives"", ""Digital assets"", ""Farm supplies"", ""Futures-based commodity exposure"", ""Packaged foods""]","[""Agricultural biotechnology"", ""Agricultural policy"", ""Agricultural research"", ""Commodity markets"", ""Conservation"", ""Digital asset policy"", ""Food policy"", ""Rural development""]","[""House Committee on Agriculture"", ""House Committee on Education and Workforce""]","[""Commodity Markets, Digital Assets, and Rural Development"", ""Conservation, Research, and Biotechnology"", ""Early Childhood, Elementary, and Secondary Education"", ""Health, Employment, Labor, and Pensions""]",https://mannion.house.gov
R000612,John W. Rose,House,Republican,TN,6,"[""Agriculture"", ""Animal health"", ""Animal nutrition"", ""Artificial intelligence"", ""Asset management"", ""Banking"", ""Biotechnology"", ""Blockchain financial services"", ""Broad commodities"", ""Commercial banking"", ""Consumer banking"", ""Consumer finance"", ""Credit cards"", ""Cryptocurrency exchange"", ""Derivatives"", ""Digital assets"", ""Digital payments"", ""Farm supplies"", ""Fintech"", ""Futures-based commodity exposure"", ""Insurance"", ""Mortgage technology"", ""Multifamily residential REIT"", ""Packaged foods"", ""Property & casualty insurance"", ""Regional banking"", ""Residential real estate"", ""Risk management"", ""Securities exchanges""]","[""AI in financial services"", ""Agricultural biotechnology"", ""Agricultural policy"", ""Agricultural research"", ""Agricultural risk management"", ""Bank regulation"", ""Commodity markets"", ""Conservation"", ""Consumer financial protection"", ""Digital asset policy"", ""Digital asset regulation"", ""Farm credit"", ""Financial regulation"", ""Fintech policy"", ""Food policy"", ""Housing finance"", ""Insurance regulation"", ""Rural development""]","[""House Committee on Agriculture"", ""House Committee on Financial Services""]","[""Commodity Markets, Digital Assets, and Rural Development"", ""Conservation, Research, and Biotechnology"", ""Digital Assets, Financial Technology, and Artificial Intelligence"", ""Financial Institutions"", ""General Farm Commodities, Risk Management, and Credit"", ""Housing and Insurance""]",https://johnrose.house.gov
O000176,"Johnny Olszewski, Jr.",House,Democrat,MD,2,[],[],"[""House Committee on Foreign Affairs"", ""House Committee on Small Business""]","[""Africa"", ""East Asia and Pacific"", ""Innovation, Entrepreneurship, and Workforce Development"", ""Rural Development, Energy, and Supply Chains""]",https://olszewski.house.gov
J000309,Jonathan L. Jackson,House,Democrat,IL,1,"[""Agriculture"", ""Animal nutrition"", ""Broad commodities"", ""Cryptocurrency exchange"", ""Derivatives"", ""Digital assets"", ""Farm supplies"", ""Food brands"", ""Futures-based commodity exposure"", ""Packaged foods""]","[""Agricultural policy"", ""Agricultural trade"", ""Commodity markets"", ""Digital asset policy"", ""Food policy"", ""Nutrition policy"", ""Rural development""]","[""House Committee on Agriculture"", ""House Committee on Foreign Affairs""]","[""Africa"", ""Commodity Markets, Digital Assets, and Rural Development"", ""Nutrition and Foreign Agriculture"", ""Western Hemisphere""]",https://jonathanjackson.house.gov
M001206,Joseph D. Morelle,House,Democrat,NY,25,"[""Artificial intelligence"", ""Commercial aerospace"", ""Defense aerospace"", ""Defense electronics"", ""Defense systems"", ""Defense technology"", ""Military drones"", ""Missile systems"", ""Space launch"", ""Space systems""]","[""Commerce policy"", ""Defense appropriations"", ""Federal appropriations"", ""Military procurement"", ""Science funding"", ""Space policy"", ""Technology policy""]","[""House Committee on Appropriations"", ""House Committee on House Administration"", ""Joint Committee of Congress on the Library"", ""Joint Committee on Printing""]","[""Commerce, Justice, Science, and Related Agencies"", ""Defense"", ""Modernization and Innovation""]",https://morelle.house.gov
B001317,Josh Brecheen,House,Republican,OK,2,[],[],"[""House Committee on Homeland Security"", ""House Committee on the Budget""]","[""Border Security and Enforcement"", ""Oversight, Investigations, and Accountability""]",https://brecheen.house.gov
G000583,Josh Gottheimer,House,Democrat,NJ,5,"[""Artificial intelligence"", ""Asset management"", ""Banking"", ""Blockchain financial services"", ""Brokerage"", ""Consumer finance"", ""Cryptocurrency exchange"", ""Cybersecurity"", ""Defense communications"", ""Defense electronics"", ""Digital assets"", ""Digital payments"", ""Fintech"", ""Institutional investing"", ""Insurance"", ""Investment banking"", ""Market data"", ""Satellite communications"", ""Securities exchanges"", ""Space systems""]","[""AI in financial services"", ""Capital markets regulation"", ""Classified intelligence"", ""Cyber intelligence"", ""Digital asset regulation"", ""Financial regulation"", ""Fintech policy"", ""National security""]","[""House Committee on Financial Services"", ""House Permanent Select Committee on Intelligence""]","[""Capital Markets"", ""Defense Intelligence and Overhead Architecture"", ""Digital Assets, Financial Technology, and Artificial Intelligence"", ""National Security Agency and Cyber"", ""National Security, Illicit Finance, and International Financial Institutions""]",https://gottheimer.house.gov
H001090,Josh Harder,House,Democrat,CA,9,"[""Biotechnology"", ""Education services"", ""Environmental services"", ""Health insurance"", ""Healthcare services"", ""Industrial pollution control"", ""Medical devices"", ""Medical diagnostics"", ""Mining royalties"", ""Pharmaceuticals"", ""Specialty chemicals"", ""Specialty minerals"", ""Water treatment""]","[""Education appropriations"", ""Environmental appropriations"", ""Federal appropriations"", ""Health appropriations"", ""Labor policy"", ""Public lands""]","[""House Committee on Appropriations""]","[""Interior, Environment, and Related Agencies"", ""Labor, Health and Human Services, Education, and Related Agencies""]",https://harder.house.gov
R000622,Josh Riley,House,Democrat,NY,19,"[""Agriculture"", ""Animal nutrition"", ""Artificial intelligence"", ""Battery storage"", ""Broad commodities"", ""Clean energy"", ""Commercial aerospace"", ""Electric utilities"", ""Farm supplies"", ""Forestry"", ""Hydrogen energy"", ""Integrated oil & gas"", ""Livestock health"", ""Natural-gas exploration & production"", ""Nuclear power"", ""Oil & gas pipelines"", ""Packaged foods"", ""Power generation"", ""Power transmission"", ""Semiconductors"", ""Solar energy"", ""Space launch"", ""Space systems"", ""Wind energy""]","[""Agricultural policy"", ""Dairy policy"", ""Energy infrastructure"", ""Energy regulation"", ""Energy research"", ""Food policy"", ""Forestry policy"", ""Grid reliability"", ""Horticulture policy"", ""Livestock policy"", ""Poultry policy"", ""Rural development"", ""Science policy"", ""Space policy"", ""Technology policy""]","[""House Committee on Agriculture"", ""House Committee on Science, Space, and Technology""]","[""Energy"", ""Forestry and Horticulture"", ""Livestock, Dairy, and Poultry""]",https://riley.house.gov
B001281,Joyce Beatty,House,Democrat,OH,3,"[""Asset management"", ""Banking"", ""Commercial banking"", ""Consumer banking"", ""Consumer finance"", ""Credit cards"", ""Fintech"", ""Insurance"", ""Regional banking"", ""Securities exchanges""]","[""Bank regulation"", ""Consumer financial protection"", ""Financial regulation""]","[""House Committee on Financial Services""]","[""Financial Institutions"", ""National Security, Illicit Finance, and International Financial Institutions""]",https://beatty.house.gov
C001133,Juan Ciscomani,House,Republican,AZ,6,"[""Commercial aerospace"", ""Cybersecurity"", ""Defense communications"", ""Defense technology"", ""Infrastructure construction"", ""Multifamily residential REIT"", ""Rail equipment"", ""Residential real estate"", ""Transportation infrastructure""]","[""Border security"", ""Federal appropriations"", ""Homeland security appropriations"", ""Housing policy"", ""Transportation funding""]","[""House Committee on Appropriations"", ""House Committee on Veterans' Affairs""]","[""Economic Opportunity"", ""Homeland Security"", ""National Security, Department of State, and Related Programs"", ""Oversight and Investigations"", ""Transportation, Housing and Urban Development, and Related Agencies""]",https://ciscomani.house.gov
V000130,Juan Vargas,House,Democrat,CA,52,"[""Asset management"", ""Banking"", ""Brokerage"", ""Commercial banking"", ""Consumer banking"", ""Consumer finance"", ""Credit cards"", ""Fintech"", ""Institutional investing"", ""Insurance"", ""Investment banking"", ""Market data"", ""Regional banking"", ""Securities exchanges""]","[""Bank regulation"", ""Capital markets regulation"", ""Consumer financial protection"", ""Financial regulation""]","[""House Committee on Financial Services""]","[""Capital Markets"", ""Financial Institutions"", ""National Security, Illicit Finance, and International Financial Institutions""]",https://vargas.house.gov
C001080,Judy Chu,House,Democrat,CA,28,"[""Biotechnology"", ""Health insurance"", ""Healthcare services"", ""Healthcare software"", ""Managed care"", ""Medical devices"", ""Medical diagnostics"", ""Pharmaceuticals""]","[""FDA policy"", ""Health insurance policy"", ""Health tax policy"", ""Medicare policy"", ""Public health policy""]","[""House Committee on Ways and Means"", ""House Committee on the Budget""]","[""Health"", ""Oversight"", ""Work and Welfare""]",https://chu.house.gov
B001285,Julia Brownley,House,Democrat,CA,26,"[""Aerospace systems"", ""Air freight"", ""Aircraft manufacturing"", ""Biotechnology"", ""Commercial aerospace"", ""Environmental services"", ""Forestry"", ""Health insurance"", ""Healthcare services"", ""Healthcare software"", ""Infrastructure construction"", ""Medical devices"", ""Medical diagnostics"", ""Mining royalties"", ""Natural-gas exploration & production"", ""Oil exploration & production"", ""Passenger airlines"", ""Pharmaceuticals"", ""Specialty minerals"", ""Transit systems"", ""Transportation infrastructure"", ""Wastewater services"", ""Water infrastructure"", ""Water treatment"", ""Water utilities""]","[""Aviation safety"", ""Environmental infrastructure"", ""FAA policy"", ""FDA policy"", ""Fisheries"", ""Health insurance policy"", ""Highway policy"", ""Infrastructure policy"", ""Natural resources policy"", ""Public health policy"", ""Public lands"", ""Public transit"", ""Transportation policy"", ""Water policy"", ""Water resources"", ""Wildlife""]","[""House Committee on Natural Resources"", ""House Committee on Transportation and Infrastructure"", ""House Committee on Veterans' Affairs""]","[""Aviation"", ""Health"", ""Highways and Transit"", ""Water Resources and Environment"", ""Water, Wildlife and Fisheries""]",https://juliabrownley.house.gov
L000595,Julia Letlow,House,Republican,LA,5,"[""Agriculture"", ""Biotechnology"", ""Education services"", ""Health insurance"", ""Healthcare services"", ""Medical devices"", ""Medical diagnostics"", ""Packaged foods"", ""Pharmaceuticals""]","[""Agricultural appropriations"", ""Education appropriations"", ""FDA appropriations"", ""Federal appropriations"", ""Health appropriations"", ""Labor policy""]","[""House Committee on Appropriations"", ""House Committee on Education and Workforce""]","[""Agriculture, Rural Development, Food and Drug Administration, and Related Agencies"", ""Labor, Health and Human Services, Education, and Related Agencies"", ""National Security, Department of State, and Related Programs""]",https://letlow.house.gov
F000482,Julie Fedorchak,House,Republican,ND,0,"[""Battery storage"", ""Broadband & cable"", ""Digital media"", ""Electric utilities"", ""Environmental services"", ""Fiber broadband"", ""Hazardous-waste services"", ""Hydrogen energy"", ""Industrial pollution control"", ""Integrated oil & gas"", ""Natural-gas exploration & production"", ""Networking equipment"", ""Nuclear power"", ""Oil & gas pipelines"", ""Power generation"", ""Power transmission"", ""Satellite communications"", ""Solar energy"", ""Specialty chemicals"", ""Telecommunications"", ""Waste disposal"", ""Water treatment"", ""Wind energy"", ""Wireless telecommunications""]","[""Air quality"", ""Broadband policy"", ""Chemical regulation"", ""Consumer protection"", ""Energy infrastructure"", ""Energy policy"", ""Energy regulation"", ""Environmental regulation"", ""Grid reliability"", ""Interstate commerce"", ""Public health"", ""Spectrum policy"", ""Telecommunications policy"", ""Telecommunications regulation""]","[""House Committee on Energy and Commerce""]","[""Communications and Technology"", ""Energy"", ""Environment""]",https://fedorchak.house.gov
J000310,Julie Johnson,House,Democrat,TX,32,[],[],"[""House Committee on Foreign Affairs"", ""House Committee on Homeland Security"", ""House Committee on House Administration"", ""Joint Committee of Congress on the Library""]","[""Border Security and Enforcement"", ""Elections"", ""Emergency Management and Technology"", ""Europe"", ""South and Central Asia""]",https://juliejohnson.house.gov
C001039,Kat Cammack,House,Republican,FL,3,"[""Agriculture"", ""Animal nutrition"", ""Automotive components"", ""Biotechnology"", ""Broad commodities"", ""Broadband & cable"", ""Consumer electronics"", ""Cryptocurrency exchange"", ""Derivatives"", ""Digital assets"", ""Digital media"", ""E-commerce"", ""Farm supplies"", ""Fiber broadband"", ""Futures-based commodity exposure"", ""Health insurance"", ""Healthcare services"", ""Healthcare software"", ""Industrial manufacturing"", ""Medical devices"", ""Medical diagnostics"", ""Networking equipment"", ""Packaged foods"", ""Pharmaceuticals"", ""Retail technology"", ""Satellite communications"", ""Telecommunications"", ""Wireless telecommunications""]","[""Agricultural policy"", ""Broadband policy"", ""Commodity markets"", ""Consumer protection"", ""Digital asset policy"", ""Energy policy"", ""FDA policy"", ""Food policy"", ""Health insurance policy"", ""Interstate commerce"", ""Manufacturing policy"", ""Public health"", ""Public health policy"", ""Rural development"", ""Spectrum policy"", ""Telecommunications policy"", ""Telecommunications regulation"", ""Trade policy""]","[""House Committee on Agriculture"", ""House Committee on Energy and Commerce""]","[""Commerce, Manufacturing, and Trade"", ""Commodity Markets, Digital Assets, and Rural Development"", ""Communications and Technology"", ""Health""]",https://cammack.house.gov
C001101,Katherine M. Clark,House,Democrat,MA,5,[],[],[],[],https://katherineclark.house.gov
C001066,Kathy Castor,House,Democrat,FL,14,"[""Automotive components"", ""Battery storage"", ""Broadband & cable"", ""Consumer electronics"", ""Digital media"", ""E-commerce"", ""Electric utilities"", ""Fiber broadband"", ""Hydrogen energy"", ""Industrial manufacturing"", ""Integrated oil & gas"", ""Natural-gas exploration & production"", ""Networking equipment"", ""Nuclear power"", ""Oil & gas pipelines"", ""Power generation"", ""Power transmission"", ""Retail technology"", ""Satellite communications"", ""Solar energy"", ""Telecommunications"", ""Wind energy"", ""Wireless telecommunications""]","[""Broadband policy"", ""Consumer protection"", ""Energy infrastructure"", ""Energy policy"", ""Energy regulation"", ""Grid reliability"", ""Interstate commerce"", ""Manufacturing policy"", ""Public health"", ""Spectrum policy"", ""Telecommunications policy"", ""Telecommunications regulation"", ""Trade policy""]","[""House Committee on Energy and Commerce"", ""House Select Committee on the Strategic Competition Between the United States and the Chinese Communist Party""]","[""Commerce, Manufacturing, and Trade"", ""Communications and Technology"", ""Energy""]",https://castor.house.gov
S001224,Keith Self,House,Republican,TX,3,"[""Aerospace systems"", ""Artificial intelligence"", ""Commercial aerospace"", ""Satellite communications"", ""Semiconductors"", ""Space launch"", ""Space systems""]","[""Commercial space policy"", ""NASA"", ""Science policy"", ""Space policy"", ""Technology policy""]","[""House Committee on Foreign Affairs"", ""House Committee on Science, Space, and Technology"", ""House Committee on Veterans' Affairs""]","[""Disability Assistance and Memorial Affairs"", ""Europe"", ""Oversight and Investigations"", ""South and Central Asia"", ""Space and Aeronautics""]",https://keithself.house.gov
M001234,Kelly Morrison,House,Democrat,MN,3,"[""Biotechnology"", ""Health insurance"", ""Healthcare services"", ""Healthcare software"", ""Medical devices"", ""Medical diagnostics"", ""Pharmaceuticals""]","[""FDA policy"", ""Health insurance policy"", ""Public health policy""]","[""House Committee on Small Business"", ""House Committee on Veterans' Affairs""]","[""Contracting and Infrastructure"", ""Disability Assistance and Memorial Affairs"", ""Health"", ""Rural Development, Energy, and Supply Chains""]",https://morrison.house.gov
C000059,Ken Calvert,House,Republican,CA,41,"[""Defense aerospace"", ""Defense electronics"", ""Defense systems"", ""Defense technology"", ""Electric utilities"", ""Electric-grid infrastructure"", ""Hydrogen energy"", ""Military drones"", ""Missile systems"", ""Nuclear power"", ""Nuclear technology"", ""Solar energy"", ""Water infrastructure"", ""Water utilities"", ""Wind energy""]","[""Defense appropriations"", ""Energy appropriations"", ""Federal appropriations"", ""Military procurement"", ""Water infrastructure funding""]","[""House Committee on Appropriations""]","[""Defense"", ""Energy and Water Development and Related Agencies""]",https://calvert.house.gov
H001082,Kevin Hern,House,Republican,OK,1,"[""Biotechnology"", ""Health insurance"", ""Healthcare services"", ""Healthcare software"", ""Managed care"", ""Medical devices"", ""Medical diagnostics"", ""Pharmaceuticals""]","[""FDA policy"", ""Health insurance policy"", ""Health tax policy"", ""Medicare policy"", ""Public health policy""]","[""House Committee on Ways and Means""]","[""Health"", ""Tax""]",https://hern.house.gov
K000401,Kevin Kiley,House,Independent,CA,3,"[""Artificial intelligence"", ""Cloud computing"", ""Digital advertising"", ""Enterprise software"", ""Infrastructure construction"", ""Semiconductors"", ""Social media"", ""Transportation infrastructure""]","[""AI policy"", ""Infrastructure policy"", ""Intellectual property"", ""Internet policy"", ""Transportation policy""]","[""House Committee on Education and Workforce"", ""House Committee on Transportation and Infrastructure"", ""House Committee on the Judiciary""]","[""Courts, Intellectual Property, Artificial Intelligence, and the Internet"", ""Crime and Federal Government Surveillance"", ""Early Childhood, Elementary, and Secondary Education"", ""Higher Education and Workforce Development""]",https://kiley.house.gov
M001225,Kevin Mullin,House,Democrat,CA,15,"[""Automotive components"", ""Battery storage"", ""Consumer electronics"", ""E-commerce"", ""Electric utilities"", ""Hydrogen energy"", ""Industrial manufacturing"", ""Integrated oil & gas"", ""Natural-gas exploration & production"", ""Nuclear power"", ""Oil & gas pipelines"", ""Power generation"", ""Power transmission"", ""Retail technology"", ""Solar energy"", ""Wind energy""]","[""Consumer protection"", ""Energy infrastructure"", ""Energy policy"", ""Energy regulation"", ""Grid reliability"", ""Interstate commerce"", ""Manufacturing policy"", ""Public health"", ""Telecommunications policy"", ""Trade policy""]","[""House Committee on Energy and Commerce""]","[""Commerce, Manufacturing, and Trade"", ""Energy"", ""Oversight and Investigations""]",https://kevinmullin.house.gov
S001216,Kim Schrier,House,Democrat,WA,8,"[""Automotive components"", ""Battery storage"", ""Biotechnology"", ""Consumer electronics"", ""E-commerce"", ""Electric utilities"", ""Health insurance"", ""Healthcare services"", ""Healthcare software"", ""Hydrogen energy"", ""Industrial manufacturing"", ""Integrated oil & gas"", ""Medical devices"", ""Medical diagnostics"", ""Natural-gas exploration & production"", ""Nuclear power"", ""Oil & gas pipelines"", ""Pharmaceuticals"", ""Power generation"", ""Power transmission"", ""Retail technology"", ""Solar energy"", ""Wind energy""]","[""Consumer protection"", ""Energy infrastructure"", ""Energy policy"", ""Energy regulation"", ""FDA policy"", ""Grid reliability"", ""Health insurance policy"", ""Interstate commerce"", ""Manufacturing policy"", ""Public health"", ""Public health policy"", ""Telecommunications policy"", ""Trade policy""]","[""House Committee on Energy and Commerce""]","[""Commerce, Manufacturing, and Trade"", ""Energy"", ""Health""]",https://schrier.house.gov
K000404,Kimberlyn King-Hinds,House,Republican,MP,0,"[""Aerospace systems"", ""Air freight"", ""Aircraft manufacturing"", ""Biotechnology"", ""Commercial aerospace"", ""Health insurance"", ""Healthcare services"", ""Healthcare software"", ""Infrastructure construction"", ""Medical devices"", ""Medical diagnostics"", ""Passenger airlines"", ""Pharmaceuticals"", ""Transit systems"", ""Transportation infrastructure""]","[""Aviation safety"", ""FAA policy"", ""FDA policy"", ""Health insurance policy"", ""Highway policy"", ""Infrastructure policy"", ""Public health policy"", ""Public transit"", ""Transportation policy""]","[""House Committee on Small Business"", ""House Committee on Transportation and Infrastructure"", ""House Committee on Veterans' Affairs""]","[""Aviation"", ""Contracting and Infrastructure"", ""Economic Development, Public Buildings, and Emergency Management"", ""Economic Growth, Tax, and Capital Access"", ""Economic Opportunity"", ""Health"", ""Highways and Transit""]",https://king-hinds.house.gov
M001237,Kristen McDonald Rivet,House,Democrat,MI,8,"[""Agriculture"", ""Animal nutrition"", ""Broad commodities"", ""Commercial banking"", ""Cryptocurrency exchange"", ""Derivatives"", ""Digital assets"", ""Farm supplies"", ""Futures-based commodity exposure"", ""Infrastructure construction"", ""Packaged foods"", ""Risk management"", ""Transit systems"", ""Transportation infrastructure""]","[""Agricultural policy"", ""Agricultural risk management"", ""Commodity markets"", ""Digital asset policy"", ""Farm credit"", ""Food policy"", ""Highway policy"", ""Infrastructure policy"", ""Public transit"", ""Rural development"", ""Transportation policy""]","[""House Committee on Agriculture"", ""House Committee on Transportation and Infrastructure""]","[""Commodity Markets, Digital Assets, and Rural Development"", ""Economic Development, Public Buildings, and Emergency Management"", ""General Farm Commodities, Risk Management, and Credit"", ""Highways and Transit""]",https://mcdonaldrivet.house.gov
M000687,Kweisi Mfume,House,Democrat,MD,7,[],[],"[""House Committee on Foreign Affairs"", ""House Committee on Oversight and Government Reform""]","[""Government Operations"", ""Middle East and North Africa"", ""Military and Foreign Affairs"", ""South and Central Asia""]",https://mfume.house.gov
M001229,LaMonica McIver,House,Democrat,NJ,10,"[""Cloud security"", ""Commercial aerospace"", ""Cybersecurity"", ""Electric-grid infrastructure"", ""Identity security"", ""Logistics"", ""Maritime transportation"", ""Passenger airlines"", ""Telecom infrastructure""]","[""Critical infrastructure cybersecurity"", ""Homeland security"", ""Maritime security"", ""Transportation security""]","[""House Committee on Homeland Security"", ""House Committee on Small Business""]","[""Cybersecurity and Infrastructure Protection"", ""Economic Growth, Tax, and Capital Access"", ""Innovation, Entrepreneurship, and Workforce Development"", ""Oversight, Investigations, and Regulations"", ""Transportation and Maritime Security""]",https://mciver.house.gov
G000589,Lance Gooden,House,Republican,TX,5,"[""Aerospace & defense"", ""Aircraft manufacturing"", ""Artificial intelligence"", ""Cloud computing"", ""Cybersecurity"", ""Defense aerospace"", ""Defense electronics"", ""Defense software"", ""Defense systems"", ""Defense technology"", ""Digital advertising"", ""Enterprise software"", ""Military drones"", ""Military systems"", ""Naval nuclear propulsion"", ""Semiconductors"", ""Social media""]","[""AI policy"", ""Defense IT"", ""Defense cybersecurity"", ""Ground combat systems"", ""Intellectual property"", ""Internet policy"", ""Military AI"", ""Military procurement"", ""National defense"", ""Naval procurement"", ""Power projection"", ""Shipbuilding"", ""Tactical aviation""]","[""House Committee on Armed Services"", ""House Committee on the Judiciary""]","[""Courts, Intellectual Property, Artificial Intelligence, and the Internet"", ""Cyber, Information Technologies, and Innovation"", ""Seapower and Projection Forces"", ""Tactical Air and Land Forces"", ""The Administrative State, Regulatory Reform, and Antitrust""]",https://gooden.house.gov
S001231,Lateefah Simon,House,Democrat,CA,12,[],[],"[""House Committee on Oversight and Government Reform"", ""House Committee on Small Business""]","[""Federal Law Enforcement"", ""Health Care and Financial Services"", ""Innovation, Entrepreneurship, and Workforce Development"", ""Military and Foreign Affairs"", ""Oversight, Investigations, and Regulations""]",https://simon.house.gov
F000483,Laura Friedman,House,Democrat,CA,30,"[""Artificial intelligence"", ""Battery storage"", ""Clean energy"", ""Commercial aerospace"", ""Electric utilities"", ""Environmental services"", ""Hazardous-waste services"", ""Hydrogen energy"", ""Infrastructure construction"", ""Integrated oil & gas"", ""Natural-gas exploration & production"", ""Nuclear power"", ""Oil & gas pipelines"", ""Pipeline construction"", ""Power generation"", ""Power transmission"", ""Rail equipment"", ""Rail technology"", ""Semiconductors"", ""Solar energy"", ""Space launch"", ""Space systems"", ""Transit systems"", ""Transportation infrastructure"", ""Wastewater services"", ""Water infrastructure"", ""Water treatment"", ""Wind energy""]","[""Energy infrastructure"", ""Energy regulation"", ""Energy research"", ""Environmental infrastructure"", ""Grid reliability"", ""Hazardous materials"", ""Highway policy"", ""Infrastructure policy"", ""Pipeline safety"", ""Public transit"", ""Rail safety"", ""Science policy"", ""Space policy"", ""Technology policy"", ""Transportation policy"", ""Water resources""]","[""House Committee on Science, Space, and Technology"", ""House Committee on Transportation and Infrastructure""]","[""Economic Development, Public Buildings, and Emergency Management"", ""Energy"", ""Highways and Transit"", ""Railroads, Pipelines, and Hazardous Materials"", ""Water Resources and Environment""]",https://friedman.house.gov
G000602,Laura Gillen,House,Democrat,NY,4,"[""Aerospace systems"", ""Air freight"", ""Aircraft manufacturing"", ""Artificial intelligence"", ""Commercial aerospace"", ""Environmental services"", ""Infrastructure construction"", ""Logistics"", ""Maritime transportation"", ""Passenger airlines"", ""Satellite communications"", ""Semiconductors"", ""Space launch"", ""Space systems"", ""Transit systems"", ""Transportation infrastructure"", ""Wastewater services"", ""Water infrastructure"", ""Water treatment""]","[""Aviation safety"", ""Coast Guard"", ""Commercial space policy"", ""Environmental infrastructure"", ""FAA policy"", ""Highway policy"", ""Infrastructure policy"", ""Maritime policy"", ""NASA"", ""Public transit"", ""Science policy"", ""Space policy"", ""Technology policy"", ""Transportation policy"", ""Water resources""]","[""House Committee on Science, Space, and Technology"", ""House Committee on Transportation and Infrastructure""]","[""Aviation"", ""Coast Guard and Maritime Transportation"", ""Highways and Transit"", ""Space and Aeronautics"", ""Water Resources and Environment""]",https://gillen.house.gov
L000597,Laurel M. Lee,House,Republican,FL,15,"[""Artificial intelligence"", ""Automotive components"", ""Battery storage"", ""Cloud computing"", ""Consumer electronics"", ""Digital advertising"", ""E-commerce"", ""Electric utilities"", ""Enterprise software"", ""Environmental services"", ""Hazardous-waste services"", ""Hydrogen energy"", ""Industrial manufacturing"", ""Industrial pollution control"", ""Integrated oil & gas"", ""Natural-gas exploration & production"", ""Nuclear power"", ""Oil & gas pipelines"", ""Power generation"", ""Power transmission"", ""Retail technology"", ""Semiconductors"", ""Social media"", ""Solar energy"", ""Specialty chemicals"", ""Waste disposal"", ""Water treatment"", ""Wind energy""]","[""AI policy"", ""Air quality"", ""Chemical regulation"", ""Consumer protection"", ""Energy infrastructure"", ""Energy policy"", ""Energy regulation"", ""Environmental regulation"", ""Grid reliability"", ""Intellectual property"", ""Internet policy"", ""Interstate commerce"", ""Manufacturing policy"", ""Public health"", ""Telecommunications policy"", ""Trade policy""]","[""House Committee on Energy and Commerce"", ""House Committee on House Administration"", ""House Committee on the Judiciary""]","[""Commerce, Manufacturing, and Trade"", ""Courts, Intellectual Property, Artificial Intelligence, and the Internet"", ""Crime and Federal Government Surveillance"", ""Elections"", ""Energy"", ""Environment""]",https://laurellee.house.gov
B000825,Lauren Boebert,House,Republican,CO,4,"[""Forestry"", ""Mining royalties"", ""Natural-gas exploration & production"", ""Oil exploration & production"", ""Specialty minerals"", ""Water infrastructure"", ""Water utilities""]","[""Fisheries"", ""Natural resources policy"", ""Public lands"", ""Water policy"", ""Wildlife""]","[""House Committee on Natural Resources"", ""House Committee on Oversight and Government Reform""]","[""Delivering on Government Efficiency"", ""Economic Growth, Energy Policy, and Regulatory Affairs"", ""Federal Law Enforcement"", ""Oversight and Investigations"", ""Water, Wildlife and Fisheries""]",https://boebert.house.gov
U000040,Lauren Underwood,House,Democrat,IL,14,"[""Agriculture"", ""Biotechnology"", ""Cybersecurity"", ""Defense communications"", ""Defense technology"", ""Medical devices"", ""Medical diagnostics"", ""Packaged foods"", ""Pharmaceuticals""]","[""Agricultural appropriations"", ""Border security"", ""FDA appropriations"", ""Federal appropriations"", ""Homeland security appropriations""]","[""House Committee on Appropriations""]","[""Agriculture, Rural Development, Food and Drug Administration, and Related Agencies"", ""Homeland Security""]",https://underwood.house.gov
S001156,Linda T. Sánchez,House,Democrat,CA,38,"[""Biotechnology"", ""Health insurance"", ""Healthcare services"", ""Healthcare software"", ""Managed care"", ""Medical devices"", ""Medical diagnostics"", ""Pharmaceuticals""]","[""Customs"", ""FDA policy"", ""Health insurance policy"", ""Health tax policy"", ""Medicare policy"", ""Public health policy"", ""Tariffs"", ""Trade policy""]","[""House Committee on Ways and Means""]","[""Health"", ""Trade""]",https://lindasanchez.house.gov
M001136,Lisa C. McClain,House,Republican,MI,9,"[""Asset management"", ""Banking"", ""Brokerage"", ""Consumer finance"", ""Fintech"", ""Institutional investing"", ""Insurance"", ""Investment banking"", ""Market data"", ""Securities exchanges""]","[""Capital markets regulation"", ""Financial regulation""]","[""House Committee on Education and Workforce"", ""House Committee on Financial Services""]","[""Capital Markets"", ""Health, Employment, Labor, and Pensions"", ""Higher Education and Workforce Development"", ""National Security, Illicit Finance, and International Financial Institutions""]",https://mcclain.house.gov
F000468,Lizzie Fletcher,House,Democrat,TX,7,"[""Battery storage"", ""Biotechnology"", ""Electric utilities"", ""Health insurance"", ""Healthcare services"", ""Healthcare software"", ""Hydrogen energy"", ""Integrated oil & gas"", ""Medical devices"", ""Medical diagnostics"", ""Natural-gas exploration & production"", ""Nuclear power"", ""Oil & gas pipelines"", ""Pharmaceuticals"", ""Power generation"", ""Power transmission"", ""Solar energy"", ""Wind energy""]","[""Consumer protection"", ""Energy infrastructure"", ""Energy policy"", ""Energy regulation"", ""FDA policy"", ""Grid reliability"", ""Health insurance policy"", ""Interstate commerce"", ""Public health"", ""Public health policy"", ""Telecommunications policy""]","[""House Committee on Energy and Commerce""]","[""Energy"", ""Health"", ""Oversight and Investigations""]",https://fletcher.house.gov
D000399,Lloyd Doggett,House,Democrat,TX,37,"[""Biotechnology"", ""Health insurance"", ""Healthcare services"", ""Healthcare software"", ""Managed care"", ""Medical devices"", ""Medical diagnostics"", ""Pharmaceuticals""]","[""Customs"", ""FDA policy"", ""Health insurance policy"", ""Health tax policy"", ""Medicare policy"", ""Public health policy"", ""Tariffs"", ""Trade policy""]","[""House Committee on Ways and Means"", ""House Committee on the Budget"", ""Joint Committee on Taxation""]","[""Health"", ""Oversight"", ""Trade""]",https://doggett.house.gov
S001199,Lloyd Smucker,House,Republican,PA,11,[],"[""Customs"", ""Tariffs"", ""Trade policy""]","[""House Committee on Ways and Means"", ""House Committee on the Budget"", ""Joint Economic Committee""]","[""Social Security"", ""Tax"", ""Trade""]",https://smucker.house.gov
F000462,Lois Frankel,House,Democrat,FL,22,"[""Biotechnology"", ""Education services"", ""Health insurance"", ""Healthcare services"", ""Medical devices"", ""Medical diagnostics"", ""Pharmaceuticals""]","[""Education appropriations"", ""Federal appropriations"", ""Health appropriations"", ""Labor policy""]","[""House Committee on Appropriations""]","[""Labor, Health and Human Services, Education, and Related Agencies"", ""National Security, Department of State, and Related Programs""]",https://frankel.house.gov
T000482,Lori Trahan,House,Democrat,MA,3,"[""Automotive components"", ""Biotechnology"", ""Consumer electronics"", ""E-commerce"", ""Health insurance"", ""Healthcare services"", ""Healthcare software"", ""Industrial manufacturing"", ""Medical devices"", ""Medical diagnostics"", ""Pharmaceuticals"", ""Retail technology""]","[""Consumer protection"", ""Energy policy"", ""FDA policy"", ""Health insurance policy"", ""Interstate commerce"", ""Manufacturing policy"", ""Public health"", ""Public health policy"", ""Telecommunications policy"", ""Trade policy""]","[""House Committee on Energy and Commerce""]","[""Commerce, Manufacturing, and Trade"", ""Health"", ""Oversight and Investigations""]",https://trahan.house.gov
M001208,Lucy McBath,House,Democrat,GA,6,[],[],"[""House Committee on Education and Workforce"", ""House Committee on the Judiciary""]","[""Crime and Federal Government Surveillance"", ""Health, Employment, Labor, and Pensions"", ""Higher Education and Workforce Development""]",https://mcbath.house.gov
R000620,Luz M. Rivas,House,Democrat,CA,29,"[""Advanced materials"", ""Artificial intelligence"", ""Commercial aerospace"", ""Forestry"", ""Gold"", ""Iron ore"", ""Mining royalties"", ""Natural-gas exploration & production"", ""Oil exploration & production"", ""Quantum technology"", ""Robotics & AI"", ""Semiconductors"", ""Silver"", ""Space launch"", ""Space systems"", ""Specialty minerals"", ""Water infrastructure"", ""Water utilities""]","[""Emerging technology"", ""Federal R&D"", ""Federal energy resources"", ""Fisheries"", ""Mining policy"", ""Natural resources policy"", ""Public lands"", ""Science policy"", ""Space policy"", ""Technology policy"", ""Water policy"", ""Wildlife""]","[""House Committee on Natural Resources"", ""House Committee on Science, Space, and Technology""]","[""Energy and Mineral Resources"", ""Investigations and Oversight"", ""Research and Technology"", ""Water, Wildlife and Fisheries""]",https://rivas.house.gov
D000631,Madeleine Dean,House,Democrat,PA,4,"[""Artificial intelligence"", ""Biotechnology"", ""Commercial aerospace"", ""Education services"", ""Health insurance"", ""Healthcare services"", ""Medical devices"", ""Medical diagnostics"", ""Pharmaceuticals"", ""Space launch"", ""Space systems""]","[""Commerce policy"", ""Education appropriations"", ""Federal appropriations"", ""Health appropriations"", ""Labor policy"", ""Science funding"", ""Space policy"", ""Technology policy""]","[""House Committee on Appropriations"", ""House Committee on Foreign Affairs""]","[""Commerce, Justice, Science, and Related Agencies"", ""Labor, Health and Human Services, Education, and Related Agencies"", ""Oversight and Intelligence""]",https://dean.house.gov
G000604,Maggie Goodlander,House,Democrat,NH,2,"[""Aerospace & defense"", ""Aircraft manufacturing"", ""Defense aerospace"", ""Defense systems"", ""Defense technology"", ""Military drones"", ""Military systems""]","[""Ground combat systems"", ""Military procurement"", ""National defense"", ""Tactical aviation""]","[""House Committee on Armed Services"", ""House Committee on Small Business"", ""House Committee on Veterans' Affairs""]","[""Economic Growth, Tax, and Capital Access"", ""Military Personnel"", ""Oversight, Investigations, and Regulations"", ""Rural Development, Energy, and Supply Chains"", ""Tactical Air and Land Forces""]",https://goodlander.house.gov
V000131,Marc A. Veasey,House,Democrat,TX,33,"[""Automotive components"", ""Battery storage"", ""Biotechnology"", ""Consumer electronics"", ""E-commerce"", ""Electric utilities"", ""Health insurance"", ""Healthcare services"", ""Healthcare software"", ""Hydrogen energy"", ""Industrial manufacturing"", ""Integrated oil & gas"", ""Medical devices"", ""Medical diagnostics"", ""Natural-gas exploration & production"", ""Nuclear power"", ""Oil & gas pipelines"", ""Pharmaceuticals"", ""Power generation"", ""Power transmission"", ""Retail technology"", ""Solar energy"", ""Wind energy""]","[""Consumer protection"", ""Energy infrastructure"", ""Energy policy"", ""Energy regulation"", ""FDA policy"", ""Grid reliability"", ""Health insurance policy"", ""Interstate commerce"", ""Manufacturing policy"", ""Public health"", ""Public health policy"", ""Telecommunications policy"", ""Trade policy""]","[""House Committee on Energy and Commerce""]","[""Commerce, Manufacturing, and Trade"", ""Energy"", ""Health""]",https://veasey.house.gov
K000009,Marcy Kaptur,House,Democrat,OH,9,"[""Agriculture"", ""Biotechnology"", ""Defense aerospace"", ""Defense electronics"", ""Defense systems"", ""Defense technology"", ""Electric utilities"", ""Electric-grid infrastructure"", ""Hydrogen energy"", ""Medical devices"", ""Medical diagnostics"", ""Military drones"", ""Missile systems"", ""Nuclear power"", ""Nuclear technology"", ""Packaged foods"", ""Pharmaceuticals"", ""Solar energy"", ""Water infrastructure"", ""Water utilities"", ""Wind energy""]","[""Agricultural appropriations"", ""Defense appropriations"", ""Energy appropriations"", ""FDA appropriations"", ""Federal appropriations"", ""Military procurement"", ""Water infrastructure funding""]","[""House Committee on Appropriations"", ""House Committee on the Budget""]","[""Agriculture, Rural Development, Food and Drug Administration, and Related Agencies"", ""Defense"", ""Energy and Water Development and Related Agencies""]",https://kaptur.house.gov
S000168,Maria Elvira Salazar,House,Republican,FL,27,"[""Asset management"", ""Banking"", ""Brokerage"", ""Consumer finance"", ""Fintech"", ""Institutional investing"", ""Insurance"", ""Investment banking"", ""Market data"", ""Mortgage technology"", ""Multifamily residential REIT"", ""Property & casualty insurance"", ""Residential real estate"", ""Securities exchanges""]","[""Capital markets regulation"", ""Financial regulation"", ""Housing finance"", ""Insurance regulation""]","[""House Committee on Financial Services"", ""House Committee on Foreign Affairs""]","[""Africa"", ""Capital Markets"", ""Housing and Insurance"", ""National Security, Illicit Finance, and International Financial Institutions"", ""Western Hemisphere""]",https://salazar.house.gov
M001215,Mariannette Miller-Meeks,House,Republican,IA,1,"[""Battery storage"", ""Biotechnology"", ""Electric utilities"", ""Environmental services"", ""Hazardous-waste services"", ""Health insurance"", ""Healthcare services"", ""Healthcare software"", ""Hydrogen energy"", ""Industrial pollution control"", ""Integrated oil & gas"", ""Medical devices"", ""Medical diagnostics"", ""Natural-gas exploration & production"", ""Nuclear power"", ""Oil & gas pipelines"", ""Pharmaceuticals"", ""Power generation"", ""Power transmission"", ""Solar energy"", ""Specialty chemicals"", ""Waste disposal"", ""Water treatment"", ""Wind energy""]","[""Air quality"", ""Chemical regulation"", ""Consumer protection"", ""Energy infrastructure"", ""Energy policy"", ""Energy regulation"", ""Environmental regulation"", ""FDA policy"", ""Grid reliability"", ""Health insurance policy"", ""Interstate commerce"", ""Public health"", ""Public health policy"", ""Telecommunications policy""]","[""House Committee on Energy and Commerce"", ""House Committee on Veterans' Affairs""]","[""Energy"", ""Environment"", ""Health""]",https://millermeeks.house.gov
G000600,Marie Gluesenkamp Perez,House,Democrat,WA,3,"[""Agriculture"", ""Asset management"", ""Banking"", ""Biotechnology"", ""Consumer finance"", ""Fintech"", ""Insurance"", ""Medical devices"", ""Medical diagnostics"", ""Packaged foods"", ""Pharmaceuticals"", ""Securities exchanges""]","[""Agricultural appropriations"", ""FDA appropriations"", ""Federal appropriations"", ""Financial regulation appropriations""]","[""House Committee on Appropriations""]","[""Agriculture, Rural Development, Food and Drug Administration, and Related Agencies"", ""Financial Services and General Government""]",https://gluesenkampperez.house.gov
S001159,Marilyn Strickland,House,Democrat,WA,10,"[""Aerospace & defense"", ""Defense systems"", ""Defense technology"", ""Infrastructure construction"", ""Logistics"", ""Maritime transportation"", ""Military systems"", ""Transit systems"", ""Transportation infrastructure""]","[""Coast Guard"", ""Defense logistics"", ""Highway policy"", ""Infrastructure policy"", ""Maritime policy"", ""Military procurement"", ""Military readiness"", ""National defense"", ""Public transit"", ""Transportation policy""]","[""House Committee on Armed Services"", ""House Committee on Transportation and Infrastructure""]","[""Coast Guard and Maritime Transportation"", ""Highways and Transit"", ""Military Personnel"", ""Readiness""]",https://strickland.house.gov
D000600,Mario Diaz-Balart,House,Republican,FL,26,"[""Defense aerospace"", ""Defense electronics"", ""Defense systems"", ""Defense technology"", ""Military drones"", ""Missile systems""]","[""Defense appropriations"", ""Federal appropriations"", ""Military procurement""]","[""House Committee on Appropriations""]","[""Defense"", ""National Security, Department of State, and Related Programs""]",https://mariodiazbalart.house.gov
A000379,Mark Alford,House,Republican,MO,4,"[""Artificial intelligence"", ""Asset management"", ""Banking"", ""Commercial aerospace"", ""Consumer finance"", ""Fintech"", ""Healthcare services"", ""Infrastructure construction"", ""Insurance"", ""Medical devices"", ""Securities exchanges"", ""Space launch"", ""Space systems""]","[""Commerce policy"", ""Federal appropriations"", ""Financial regulation appropriations"", ""Military construction"", ""Science funding"", ""Space policy"", ""Technology policy"", ""Veterans affairs""]","[""House Committee on Appropriations"", ""House Committee on Small Business""]","[""Commerce, Justice, Science, and Related Agencies"", ""Contracting and Infrastructure"", ""Financial Services and General Government"", ""Military Construction, Veterans Affairs, and Related Agencies"", ""National Security, Department of State, and Related Programs"", ""Oversight, Investigations, and Regulations""]",https://alford.house.gov
M001233,Mark B. Messmer,House,Republican,IN,8,"[""Aerospace & defense"", ""Agriculture"", ""Animal health"", ""Animal nutrition"", ""Biotechnology"", ""Broad commodities"", ""Cryptocurrency exchange"", ""Defense electronics"", ""Defense systems"", ""Defense technology"", ""Derivatives"", ""Digital assets"", ""Farm supplies"", ""Futures-based commodity exposure"", ""Livestock health"", ""Logistics"", ""Military systems"", ""Missile systems"", ""Nuclear technology"", ""Packaged foods"", ""Space systems""]","[""Agricultural biotechnology"", ""Agricultural policy"", ""Agricultural research"", ""Commodity markets"", ""Conservation"", ""Dairy policy"", ""Defense logistics"", ""Digital asset policy"", ""Food policy"", ""Livestock policy"", ""Military procurement"", ""Military readiness"", ""Military space"", ""Missile defense"", ""National defense"", ""Nuclear deterrence"", ""Poultry policy"", ""Rural development""]","[""House Committee on Agriculture"", ""House Committee on Armed Services"", ""House Committee on Education and Workforce""]","[""Commodity Markets, Digital Assets, and Rural Development"", ""Conservation, Research, and Biotechnology"", ""Early Childhood, Elementary, and Secondary Education"", ""Livestock, Dairy, and Poultry"", ""Readiness"", ""Strategic Forces"", ""Workforce Protections""]",https://messmer.house.gov
D000623,Mark DeSaulnier,House,Democrat,CA,10,"[""Aerospace systems"", ""Air freight"", ""Aircraft manufacturing"", ""Commercial aerospace"", ""Environmental services"", ""Hazardous-waste services"", ""Infrastructure construction"", ""Oil & gas pipelines"", ""Passenger airlines"", ""Pipeline construction"", ""Rail equipment"", ""Rail technology"", ""Transit systems"", ""Transportation infrastructure"", ""Wastewater services"", ""Water infrastructure"", ""Water treatment""]","[""Aviation safety"", ""Environmental infrastructure"", ""FAA policy"", ""Hazardous materials"", ""Highway policy"", ""Infrastructure policy"", ""Pipeline safety"", ""Public transit"", ""Rail safety"", ""Transportation policy"", ""Water resources""]","[""House Committee on Education and Workforce"", ""House Committee on Ethics"", ""House Committee on Transportation and Infrastructure""]","[""Aviation"", ""Health, Employment, Labor, and Pensions"", ""Higher Education and Workforce Development"", ""Highways and Transit"", ""Railroads, Pipelines, and Hazardous Materials"", ""Water Resources and Environment""]",https://desaulnier.house.gov
A000369,Mark E. Amodei,House,Republican,NV,2,"[""Asset management"", ""Banking"", ""Consumer finance"", ""Cybersecurity"", ""Defense communications"", ""Defense technology"", ""Environmental services"", ""Fintech"", ""Forestry"", ""Industrial pollution control"", ""Insurance"", ""Mining royalties"", ""Natural-gas exploration & production"", ""Oil exploration & production"", ""Securities exchanges"", ""Specialty chemicals"", ""Specialty minerals"", ""Water treatment""]","[""Border security"", ""Environmental appropriations"", ""Federal appropriations"", ""Financial regulation appropriations"", ""Homeland security appropriations"", ""Natural resources policy"", ""Public lands""]","[""House Committee on Appropriations"", ""House Committee on Natural Resources""]","[""Federal Lands"", ""Financial Services and General Government"", ""Homeland Security"", ""Interior, Environment, and Related Agencies"", ""Oversight and Investigations""]",https://amodei.house.gov
H001102,Mark Harris,House,Republican,NC,8,"[""Agriculture"", ""Animal nutrition"", ""Broad commodities"", ""Commercial banking"", ""Farm supplies"", ""Food brands"", ""Livestock health"", ""Packaged foods"", ""Risk management""]","[""Agricultural policy"", ""Agricultural risk management"", ""Agricultural trade"", ""Dairy policy"", ""Farm credit"", ""Food policy"", ""Livestock policy"", ""Nutrition policy"", ""Poultry policy"", ""Rural development""]","[""House Committee on Agriculture"", ""House Committee on Education and Workforce"", ""House Committee on the Judiciary""]","[""Early Childhood, Elementary, and Secondary Education"", ""General Farm Commodities, Risk Management, and Credit"", ""Higher Education and Workforce Development"", ""Livestock, Dairy, and Poultry"", ""Nutrition and Foreign Agriculture"", ""The Administrative State, Regulatory Reform, and Antitrust"", ""The Constitution and Limited Government""]",https://markharris.house.gov
P000607,Mark Pocan,House,Democrat,WI,2,"[""Asset management"", ""Banking"", ""Biotechnology"", ""Consumer finance"", ""Education services"", ""Fintech"", ""Health insurance"", ""Healthcare services"", ""Insurance"", ""Medical devices"", ""Medical diagnostics"", ""Pharmaceuticals"", ""Securities exchanges""]","[""Education appropriations"", ""Federal appropriations"", ""Financial regulation appropriations"", ""Health appropriations"", ""Labor policy""]","[""House Committee on Appropriations"", ""House Committee on Foreign Affairs""]","[""Financial Services and General Government"", ""Labor, Health and Human Services, Education, and Related Agencies""]",https://pocan.house.gov
T000472,Mark Takano,House,Democrat,CA,39,[],[],"[""House Committee on Education and Workforce"", ""House Committee on Veterans' Affairs""]","[""Health, Employment, Labor, and Pensions"", ""Higher Education and Workforce Development"", ""Workforce Protections""]",https://takano.house.gov
S001188,Marlin A. Stutzman,House,Republican,IN,3,"[""Artificial intelligence"", ""Asset management"", ""Banking"", ""Blockchain financial services"", ""Brokerage"", ""Consumer finance"", ""Cryptocurrency exchange"", ""Digital assets"", ""Digital payments"", ""Fintech"", ""Institutional investing"", ""Insurance"", ""Investment banking"", ""Market data"", ""Securities exchanges""]","[""AI in financial services"", ""Capital markets regulation"", ""Digital asset regulation"", ""Financial regulation"", ""Fintech policy""]","[""House Committee on Financial Services"", ""House Committee on the Budget""]","[""Capital Markets"", ""Digital Assets, Financial Technology, and Artificial Intelligence""]",https://stutzman.house.gov
M001211,Mary E. Miller,House,Republican,IL,15,"[""Agriculture"", ""Animal health"", ""Animal nutrition"", ""Biotechnology"", ""Broad commodities"", ""Commercial banking"", ""Farm supplies"", ""Food brands"", ""Livestock health"", ""Packaged foods"", ""Risk management""]","[""Agricultural biotechnology"", ""Agricultural policy"", ""Agricultural research"", ""Agricultural risk management"", ""Agricultural trade"", ""Conservation"", ""Dairy policy"", ""Farm credit"", ""Food policy"", ""Livestock policy"", ""Nutrition policy"", ""Poultry policy"", ""Rural development""]","[""House Committee on Agriculture"", ""House Committee on Education and Workforce"", ""House Committee on House Administration"", ""Joint Committee on Printing""]","[""Conservation, Research, and Biotechnology"", ""Early Childhood, Elementary, and Secondary Education"", ""Elections"", ""General Farm Commodities, Risk Management, and Credit"", ""Livestock, Dairy, and Poultry"", ""Nutrition and Foreign Agriculture"", ""Workforce Protections""]",https://marymiller.house.gov
S001205,Mary Gay Scanlon,House,Democrat,PA,5,[],[],"[""House Committee on Rules"", ""House Committee on the Judiciary""]","[""Immigration Integrity, Security, and Enforcement"", ""Rules and Organization of the House"", ""The Constitution and Limited Government""]",https://scanlon.house.gov
V000139,Matt Van Epps,House,Republican,TN,7,"[""Artificial intelligence"", ""Commercial aerospace"", ""Environmental services"", ""Hazardous-waste services"", ""Industrial pollution control"", ""Logistics"", ""Maritime transportation"", ""Passenger airlines"", ""Semiconductors"", ""Space launch"", ""Space systems"", ""Specialty chemicals"", ""Waste disposal"", ""Water treatment""]","[""Air quality"", ""Chemical regulation"", ""Environmental regulation"", ""Maritime security"", ""Science policy"", ""Space policy"", ""Technology policy"", ""Transportation security""]","[""House Committee on Homeland Security"", ""House Committee on Science, Space, and Technology""]","[""Counterterrorism and Intelligence"", ""Environment"", ""Transportation and Maritime Security""]",https://vanepps.house.gov
M001222,Max L. Miller,House,Republican,OH,7,[],[],"[""House Committee on Foreign Affairs"", ""House Committee on Ways and Means""]","[""Africa"", ""Oversight"", ""Oversight and Intelligence"", ""Work and Welfare""]",https://maxmiller.house.gov
D000635,Maxine Dexter,House,Democrat,OR,3,"[""Biotechnology"", ""Forestry"", ""Health insurance"", ""Healthcare services"", ""Healthcare software"", ""Medical devices"", ""Medical diagnostics"", ""Mining royalties"", ""Natural-gas exploration & production"", ""Oil exploration & production"", ""Pharmaceuticals"", ""Specialty minerals""]","[""FDA policy"", ""Health insurance policy"", ""Natural resources policy"", ""Public health policy"", ""Public lands""]","[""House Committee on Natural Resources"", ""House Committee on Veterans' Affairs""]","[""Disability Assistance and Memorial Affairs"", ""Federal Lands"", ""Health"", ""Oversight and Investigations""]",https://dexter.house.gov
W000187,Maxine Waters,House,Democrat,CA,43,"[""Asset management"", ""Banking"", ""Consumer finance"", ""Fintech"", ""Insurance"", ""Securities exchanges""]","[""Financial regulation""]","[""House Committee on Financial Services""]",[],https://waters.house.gov
F000476,Maxwell Frost,House,Democrat,FL,10,"[""Hazardous-waste services"", ""Infrastructure construction"", ""Oil & gas pipelines"", ""Pipeline construction"", ""Rail equipment"", ""Rail technology"", ""Transit systems"", ""Transportation infrastructure""]","[""Hazardous materials"", ""Highway policy"", ""Infrastructure policy"", ""Pipeline safety"", ""Public transit"", ""Rail safety"", ""Transportation policy""]","[""House Committee on Oversight and Government Reform"", ""House Committee on Transportation and Infrastructure""]","[""Delivering on Government Efficiency"", ""Economic Growth, Energy Policy, and Regulatory Affairs"", ""Government Operations"", ""Highways and Transit"", ""Railroads, Pipelines, and Hazardous Materials""]",https://frost.house.gov
S001218,Melanie A. Stansbury,House,Democrat,NM,1,"[""Forestry"", ""Mining royalties"", ""Natural-gas exploration & production"", ""Oil exploration & production"", ""Specialty minerals"", ""Water infrastructure"", ""Water utilities""]","[""Fisheries"", ""Natural resources policy"", ""Public lands"", ""Water policy"", ""Wildlife""]","[""House Committee on Natural Resources"", ""House Committee on Oversight and Government Reform""]","[""Delivering on Government Efficiency"", ""Federal Lands"", ""Water, Wildlife and Fisheries""]",https://stansbury.house.gov
R000619,Michael A. Rulli,House,Republican,OH,6,"[""Battery storage"", ""Biotechnology"", ""Electric utilities"", ""Health insurance"", ""Healthcare services"", ""Healthcare software"", ""Hydrogen energy"", ""Integrated oil & gas"", ""Medical devices"", ""Medical diagnostics"", ""Natural-gas exploration & production"", ""Nuclear power"", ""Oil & gas pipelines"", ""Pharmaceuticals"", ""Power generation"", ""Power transmission"", ""Solar energy"", ""Wind energy""]","[""Consumer protection"", ""Energy infrastructure"", ""Energy policy"", ""Energy regulation"", ""FDA policy"", ""Grid reliability"", ""Health insurance policy"", ""Interstate commerce"", ""Public health"", ""Public health policy"", ""Telecommunications policy""]","[""House Committee on Education and Workforce"", ""House Committee on Energy and Commerce""]","[""Early Childhood, Elementary, and Secondary Education"", ""Energy"", ""Health"", ""Health, Employment, Labor, and Pensions"", ""Oversight and Investigations""]",https://rulli.house.gov
B001322,Michael Baumgartner,House,Republican,WA,5,"[""Artificial intelligence"", ""Cloud computing"", ""Digital advertising"", ""Enterprise software"", ""Semiconductors"", ""Social media""]","[""AI policy"", ""Intellectual property"", ""Internet policy""]","[""House Committee on Education and Workforce"", ""House Committee on Foreign Affairs"", ""House Committee on the Judiciary""]","[""Courts, Intellectual Property, Artificial Intelligence, and the Internet"", ""Health, Employment, Labor, and Pensions"", ""Higher Education and Workforce Development"", ""Middle East and North Africa"", ""South and Central Asia"", ""The Administrative State, Regulatory Reform, and Antitrust""]",https://baumgartner.house.gov
C001115,Michael Cloud,House,Republican,TX,27,"[""Asset management"", ""Banking"", ""Consumer finance"", ""Electric utilities"", ""Electric-grid infrastructure"", ""Environmental services"", ""Fintech"", ""Hydrogen energy"", ""Industrial pollution control"", ""Insurance"", ""Mining royalties"", ""Nuclear power"", ""Nuclear technology"", ""Securities exchanges"", ""Solar energy"", ""Specialty chemicals"", ""Specialty minerals"", ""Water infrastructure"", ""Water treatment"", ""Water utilities"", ""Wind energy""]","[""Energy appropriations"", ""Environmental appropriations"", ""Federal appropriations"", ""Financial regulation appropriations"", ""Public lands"", ""Water infrastructure funding""]","[""House Committee on Appropriations"", ""House Committee on Oversight and Government Reform""]","[""Delivering on Government Efficiency"", ""Energy and Water Development and Related Agencies"", ""Financial Services and General Government"", ""Interior, Environment, and Related Agencies"", ""Military and Foreign Affairs""]",https://cloud.house.gov
G000591,Michael Guest,House,Republican,MS,3,"[""Cybersecurity"", ""Defense communications"", ""Defense technology"", ""Electric utilities"", ""Electric-grid infrastructure"", ""Healthcare services"", ""Hydrogen energy"", ""Infrastructure construction"", ""Medical devices"", ""Nuclear power"", ""Nuclear technology"", ""Solar energy"", ""Water infrastructure"", ""Water utilities"", ""Wind energy""]","[""Border security"", ""Energy appropriations"", ""Federal appropriations"", ""Homeland security appropriations"", ""Military construction"", ""Veterans affairs"", ""Water infrastructure funding""]","[""House Committee on Appropriations"", ""House Committee on Ethics"", ""House Committee on Homeland Security""]","[""Border Security and Enforcement"", ""Energy and Water Development and Related Agencies"", ""Homeland Security"", ""Military Construction, Veterans Affairs, and Related Agencies""]",https://guest.house.gov
S001148,Michael K. Simpson,House,Republican,ID,2,"[""Biotechnology"", ""Education services"", ""Electric utilities"", ""Electric-grid infrastructure"", ""Environmental services"", ""Health insurance"", ""Healthcare services"", ""Hydrogen energy"", ""Industrial pollution control"", ""Medical devices"", ""Medical diagnostics"", ""Mining royalties"", ""Nuclear power"", ""Nuclear technology"", ""Pharmaceuticals"", ""Solar energy"", ""Specialty chemicals"", ""Specialty minerals"", ""Water infrastructure"", ""Water treatment"", ""Water utilities"", ""Wind energy""]","[""Education appropriations"", ""Energy appropriations"", ""Environmental appropriations"", ""Federal appropriations"", ""Health appropriations"", ""Labor policy"", ""Public lands"", ""Water infrastructure funding""]","[""House Committee on Appropriations""]","[""Energy and Water Development and Related Agencies"", ""Interior, Environment, and Related Agencies"", ""Labor, Health and Human Services, Education, and Related Agencies""]",https://simpson.house.gov
L000599,Michael Lawler,House,Republican,NY,17,"[""Asset management"", ""Banking"", ""Brokerage"", ""Consumer finance"", ""Fintech"", ""Institutional investing"", ""Insurance"", ""Investment banking"", ""Market data"", ""Mortgage technology"", ""Multifamily residential REIT"", ""Property & casualty insurance"", ""Residential real estate"", ""Securities exchanges""]","[""Capital markets regulation"", ""Financial regulation"", ""Housing finance"", ""Insurance regulation""]","[""House Committee on Financial Services"", ""House Committee on Foreign Affairs""]","[""Capital Markets"", ""Housing and Insurance"", ""Middle East and North Africa"", ""Western Hemisphere""]",https://lawler.house.gov
T000463,Michael R. Turner,House,Republican,OH,10,"[""Aerospace & defense"", ""Aircraft manufacturing"", ""Defense aerospace"", ""Defense electronics"", ""Defense systems"", ""Defense technology"", ""Military drones"", ""Military systems"", ""Missile systems"", ""Nuclear technology"", ""Space systems""]","[""Ground combat systems"", ""Military procurement"", ""Military space"", ""Missile defense"", ""National defense"", ""Nuclear deterrence"", ""Tactical aviation""]","[""House Committee on Armed Services"", ""House Committee on Oversight and Government Reform""]","[""Military and Foreign Affairs"", ""Strategic Forces"", ""Tactical Air and Land Forces""]",https://turner.house.gov
M001157,Michael T. McCaul,House,Republican,TX,10,[],[],"[""House Committee on Foreign Affairs"", ""House Committee on Homeland Security""]","[""East Asia and Pacific"", ""Europe""]",https://mccaul.house.gov
F000470,Michelle Fischbach,House,Republican,MN,7,[],"[""Customs"", ""Tariffs"", ""Trade policy""]","[""House Committee on Rules"", ""House Committee on Ways and Means""]","[""Oversight"", ""Rules and Organization of the House"", ""Trade""]",https://fischbach.house.gov
B001295,Mike Bost,House,Republican,IL,12,"[""Agriculture"", ""Animal nutrition"", ""Broad commodities"", ""Commercial banking"", ""Environmental services"", ""Farm supplies"", ""Hazardous-waste services"", ""Infrastructure construction"", ""Oil & gas pipelines"", ""Packaged foods"", ""Pipeline construction"", ""Rail equipment"", ""Rail technology"", ""Risk management"", ""Transit systems"", ""Transportation infrastructure"", ""Wastewater services"", ""Water infrastructure"", ""Water treatment""]","[""Agricultural policy"", ""Agricultural risk management"", ""Environmental infrastructure"", ""Farm credit"", ""Food policy"", ""Hazardous materials"", ""Highway policy"", ""Infrastructure policy"", ""Pipeline safety"", ""Public transit"", ""Rail safety"", ""Rural development"", ""Transportation policy"", ""Water resources""]","[""House Committee on Agriculture"", ""House Committee on Transportation and Infrastructure"", ""House Committee on Veterans' Affairs""]","[""General Farm Commodities, Risk Management, and Credit"", ""Highways and Transit"", ""Railroads, Pipelines, and Hazardous Materials"", ""Water Resources and Environment""]",https://bost.house.gov
C001126,Mike Carey,House,Republican,OH,15,[],[],"[""House Committee on House Administration"", ""House Committee on Ways and Means"", ""House Committee on the Budget"", ""Joint Committee of Congress on the Library""]","[""Modernization and Innovation"", ""Social Security"", ""Work and Welfare""]",https://carey.house.gov
C001129,Mike Collins,House,Republican,GA,10,"[""Aerospace systems"", ""Artificial intelligence"", ""Commercial aerospace"", ""Environmental services"", ""Forestry"", ""Gold"", ""Infrastructure construction"", ""Iron ore"", ""Mining royalties"", ""Natural-gas exploration & production"", ""Oil exploration & production"", ""Satellite communications"", ""Semiconductors"", ""Silver"", ""Space launch"", ""Space systems"", ""Specialty minerals"", ""Transit systems"", ""Transportation infrastructure"", ""Wastewater services"", ""Water infrastructure"", ""Water treatment""]","[""Commercial space policy"", ""Environmental infrastructure"", ""Federal energy resources"", ""Highway policy"", ""Infrastructure policy"", ""Mining policy"", ""NASA"", ""Natural resources policy"", ""Public lands"", ""Public transit"", ""Science policy"", ""Space policy"", ""Technology policy"", ""Transportation policy"", ""Water resources""]","[""House Committee on Natural Resources"", ""House Committee on Science, Space, and Technology"", ""House Committee on Transportation and Infrastructure""]","[""Energy and Mineral Resources"", ""Highways and Transit"", ""Oversight and Investigations"", ""Space and Aeronautics"", ""Water Resources and Environment""]",https://collins.house.gov
E000235,Mike Ezell,House,Republican,MS,4,"[""Forestry"", ""Gold"", ""Infrastructure construction"", ""Iron ore"", ""Logistics"", ""Maritime transportation"", ""Mining royalties"", ""Natural-gas exploration & production"", ""Oil exploration & production"", ""Silver"", ""Specialty minerals"", ""Transportation infrastructure"", ""Water infrastructure"", ""Water utilities""]","[""Coast Guard"", ""Federal energy resources"", ""Fisheries"", ""Infrastructure policy"", ""Maritime policy"", ""Mining policy"", ""Natural resources policy"", ""Public lands"", ""Transportation policy"", ""Water policy"", ""Wildlife""]","[""House Committee on Natural Resources"", ""House Committee on Transportation and Infrastructure""]","[""Coast Guard and Maritime Transportation"", ""Economic Development, Public Buildings, and Emergency Management"", ""Energy and Mineral Resources"", ""Water, Wildlife and Fisheries""]",https://ezell.house.gov
F000474,Mike Flood,House,Republican,NE,1,"[""Asset management"", ""Banking"", ""Commercial banking"", ""Consumer banking"", ""Consumer finance"", ""Credit cards"", ""Fintech"", ""Insurance"", ""Mortgage technology"", ""Multifamily residential REIT"", ""Property & casualty insurance"", ""Regional banking"", ""Residential real estate"", ""Securities exchanges""]","[""Bank regulation"", ""Consumer financial protection"", ""Financial regulation"", ""Housing finance"", ""Insurance regulation""]","[""House Committee on Financial Services""]","[""Financial Institutions"", ""Housing and Insurance""]",https://flood.house.gov
H001099,Mike Haridopolos,House,Republican,FL,8,"[""Aerospace systems"", ""Artificial intelligence"", ""Asset management"", ""Banking"", ""Blockchain financial services"", ""Brokerage"", ""Commercial aerospace"", ""Consumer finance"", ""Cryptocurrency exchange"", ""Digital assets"", ""Digital payments"", ""Fintech"", ""Institutional investing"", ""Insurance"", ""Investment banking"", ""Market data"", ""Satellite communications"", ""Securities exchanges"", ""Semiconductors"", ""Space launch"", ""Space systems""]","[""AI in financial services"", ""Capital markets regulation"", ""Commercial space policy"", ""Digital asset regulation"", ""Financial regulation"", ""Fintech policy"", ""NASA"", ""Science policy"", ""Space policy"", ""Technology policy""]","[""House Committee on Financial Services"", ""House Committee on Science, Space, and Technology""]","[""Capital Markets"", ""Digital Assets, Financial Technology, and Artificial Intelligence"", ""Oversight and Investigations"", ""Space and Aeronautics""]",https://haridopolos.house.gov
J000299,Mike Johnson,House,Republican,LA,4,[],[],[],[],https://mikejohnson.house.gov
K000376,Mike Kelly,House,Republican,PA,16,"[""Biotechnology"", ""Health insurance"", ""Healthcare services"", ""Healthcare software"", ""Managed care"", ""Medical devices"", ""Medical diagnostics"", ""Pharmaceuticals""]","[""FDA policy"", ""Health insurance policy"", ""Health tax policy"", ""Medicare policy"", ""Public health policy""]","[""House Committee on Ways and Means""]","[""Health"", ""Tax""]",https://kelly.house.gov
K000403,Mike Kennedy,House,Republican,UT,3,"[""Advanced materials"", ""Aerospace systems"", ""Artificial intelligence"", ""Commercial aerospace"", ""Forestry"", ""Hazardous-waste services"", ""Infrastructure construction"", ""Mining royalties"", ""Natural-gas exploration & production"", ""Oil & gas pipelines"", ""Oil exploration & production"", ""Pipeline construction"", ""Quantum technology"", ""Rail equipment"", ""Rail technology"", ""Robotics & AI"", ""Satellite communications"", ""Semiconductors"", ""Space launch"", ""Space systems"", ""Specialty minerals"", ""Transit systems"", ""Transportation infrastructure""]","[""Commercial space policy"", ""Emerging technology"", ""Federal R&D"", ""Hazardous materials"", ""Highway policy"", ""Infrastructure policy"", ""NASA"", ""Natural resources policy"", ""Pipeline safety"", ""Public lands"", ""Public transit"", ""Rail safety"", ""Science policy"", ""Space policy"", ""Technology policy"", ""Transportation policy""]","[""House Committee on Natural Resources"", ""House Committee on Science, Space, and Technology"", ""House Committee on Transportation and Infrastructure""]","[""Economic Development, Public Buildings, and Emergency Management"", ""Federal Lands"", ""Highways and Transit"", ""Indian and Insular Affairs"", ""Railroads, Pipelines, and Hazardous Materials"", ""Research and Technology"", ""Space and Aeronautics""]",https://mikekennedy.house.gov
L000593,Mike Levin,House,Democrat,CA,49,"[""Electric utilities"", ""Electric-grid infrastructure"", ""Healthcare services"", ""Hydrogen energy"", ""Infrastructure construction"", ""Medical devices"", ""Nuclear power"", ""Nuclear technology"", ""Solar energy"", ""Water infrastructure"", ""Water utilities"", ""Wind energy""]","[""Energy appropriations"", ""Federal appropriations"", ""Military construction"", ""Veterans affairs"", ""Water infrastructure funding""]","[""House Committee on Appropriations""]","[""Energy and Water Development and Related Agencies"", ""Military Construction, Veterans Affairs, and Related Agencies""]",https://levin.house.gov
Q000023,Mike Quigley,House,Democrat,IL,5,"[""Commercial aerospace"", ""Cybersecurity"", ""Defense communications"", ""Defense electronics"", ""Infrastructure construction"", ""Multifamily residential REIT"", ""Rail equipment"", ""Residential real estate"", ""Satellite communications"", ""Space systems"", ""Transportation infrastructure""]","[""Classified intelligence"", ""Cyber intelligence"", ""Federal appropriations"", ""Housing policy"", ""National security"", ""Transportation funding""]","[""House Committee on Appropriations"", ""House Permanent Select Committee on Intelligence""]","[""Defense Intelligence and Overhead Architecture"", ""Legislative Branch"", ""National Security, Department of State, and Related Programs"", ""Open Source Intelligence"", ""Transportation, Housing and Urban Development, and Related Agencies""]",https://quigley.house.gov
R000575,Mike Rogers,House,Republican,AL,3,"[""Aerospace & defense"", ""Defense systems"", ""Defense technology""]","[""Military procurement"", ""National defense""]","[""House Committee on Armed Services""]",[],https://mikerogers.house.gov
T000460,Mike Thompson,House,Democrat,CA,4,"[""Biotechnology"", ""Health insurance"", ""Healthcare services"", ""Healthcare software"", ""Managed care"", ""Medical devices"", ""Medical diagnostics"", ""Pharmaceuticals""]","[""FDA policy"", ""Health insurance policy"", ""Health tax policy"", ""Medicare policy"", ""Public health policy""]","[""House Committee on Ways and Means""]","[""Health"", ""Tax""]",https://mikethompson.house.gov
D000594,Monica De La Cruz,House,Republican,TX,15,"[""Agriculture"", ""Animal nutrition"", ""Asset management"", ""Banking"", ""Broad commodities"", ""Commercial banking"", ""Consumer banking"", ""Consumer finance"", ""Credit cards"", ""Farm supplies"", ""Fintech"", ""Food brands"", ""Insurance"", ""Mortgage technology"", ""Multifamily residential REIT"", ""Packaged foods"", ""Property & casualty insurance"", ""Regional banking"", ""Residential real estate"", ""Risk management"", ""Securities exchanges""]","[""Agricultural policy"", ""Agricultural risk management"", ""Agricultural trade"", ""Bank regulation"", ""Consumer financial protection"", ""Farm credit"", ""Financial regulation"", ""Food policy"", ""Housing finance"", ""Insurance regulation"", ""Nutrition policy"", ""Rural development""]","[""House Committee on Agriculture"", ""House Committee on Financial Services""]","[""Financial Institutions"", ""General Farm Commodities, Risk Management, and Credit"", ""Housing and Insurance"", ""Nutrition and Foreign Agriculture""]",https://delacruz.house.gov
L000603,Morgan Luttrell,House,Republican,TX,8,"[""Aerospace & defense"", ""Artificial intelligence"", ""Cloud computing"", ""Cloud security"", ""Cybersecurity"", ""Defense communications"", ""Defense electronics"", ""Defense software"", ""Defense systems"", ""Defense technology"", ""Electric-grid infrastructure"", ""Identity security"", ""Satellite communications"", ""Space systems"", ""Telecom infrastructure""]","[""Classified intelligence"", ""Critical infrastructure cybersecurity"", ""Defense IT"", ""Defense cybersecurity"", ""Homeland security"", ""Military AI"", ""Military intelligence"", ""Military procurement"", ""National defense"", ""Special operations""]","[""House Committee on Armed Services"", ""House Committee on Homeland Security"", ""House Committee on Veterans' Affairs""]","[""Counterterrorism and Intelligence"", ""Cyber, Information Technologies, and Innovation"", ""Cybersecurity and Infrastructure Protection"", ""Disability Assistance and Memorial Affairs"", ""Intelligence and Special Operations"", ""Technology Modernization""]",https://luttrell.house.gov
M001220,Morgan McGarvey,House,Democrat,KY,3,[],[],"[""House Committee on Small Business"", ""House Committee on Veterans' Affairs"", ""House Committee on the Budget""]","[""Disability Assistance and Memorial Affairs"", ""Economic Growth, Tax, and Capital Access"", ""Economic Opportunity"", ""Innovation, Entrepreneurship, and Workforce Development""]",https://mcgarvey.house.gov
M000194,Nancy Mace,House,Republican,SC,1,"[""Aerospace & defense"", ""Cybersecurity"", ""Defense aerospace"", ""Defense communications"", ""Defense electronics"", ""Defense systems"", ""Defense technology"", ""Naval nuclear propulsion"", ""Satellite communications"", ""Space systems""]","[""Classified intelligence"", ""Military intelligence"", ""Military procurement"", ""National defense"", ""Naval procurement"", ""Power projection"", ""Shipbuilding"", ""Special operations""]","[""House Committee on Armed Services"", ""House Committee on Oversight and Government Reform"", ""House Committee on Veterans' Affairs""]","[""Cybersecurity, Information Technology, and Government Innovation"", ""Delivering on Government Efficiency"", ""Disability Assistance and Memorial Affairs"", ""Federal Law Enforcement"", ""Intelligence and Special Operations"", ""Military Personnel"", ""Seapower and Projection Forces"", ""Technology Modernization""]",https://mace.house.gov
P000197,Nancy Pelosi,House,Democrat,CA,11,[],[],[],[],https://pelosi.house.gov
B001300,Nanette Diaz Barragán,House,Democrat,CA,44,"[""Biotechnology"", ""Broadband & cable"", ""Digital media"", ""Environmental services"", ""Fiber broadband"", ""Hazardous-waste services"", ""Health insurance"", ""Healthcare services"", ""Healthcare software"", ""Industrial pollution control"", ""Medical devices"", ""Medical diagnostics"", ""Networking equipment"", ""Pharmaceuticals"", ""Satellite communications"", ""Specialty chemicals"", ""Telecommunications"", ""Waste disposal"", ""Water treatment"", ""Wireless telecommunications""]","[""Air quality"", ""Broadband policy"", ""Chemical regulation"", ""Consumer protection"", ""Energy policy"", ""Environmental regulation"", ""FDA policy"", ""Health insurance policy"", ""Interstate commerce"", ""Public health"", ""Public health policy"", ""Spectrum policy"", ""Telecommunications policy"", ""Telecommunications regulation""]","[""House Committee on Energy and Commerce""]","[""Communications and Technology"", ""Environment"", ""Health""]",https://barragan.house.gov
M001224,Nathaniel Moran,House,Republican,TX,1,[],[],"[""House Committee on Ethics"", ""House Committee on Ways and Means"", ""House Select Committee on the Strategic Competition Between the United States and the Chinese Communist Party""]","[""Oversight"", ""Social Security"", ""Work and Welfare""]",https://moran.house.gov
D000628,Neal P. Dunn,House,Republican,FL,2,"[""Automotive components"", ""Biotechnology"", ""Broadband & cable"", ""Consumer electronics"", ""Digital media"", ""E-commerce"", ""Fiber broadband"", ""Health insurance"", ""Healthcare services"", ""Healthcare software"", ""Industrial manufacturing"", ""Medical devices"", ""Medical diagnostics"", ""Networking equipment"", ""Pharmaceuticals"", ""Retail technology"", ""Satellite communications"", ""Telecommunications"", ""Wireless telecommunications""]","[""Broadband policy"", ""Consumer protection"", ""Energy policy"", ""FDA policy"", ""Health insurance policy"", ""Interstate commerce"", ""Manufacturing policy"", ""Public health"", ""Public health policy"", ""Spectrum policy"", ""Telecommunications policy"", ""Telecommunications regulation"", ""Trade policy""]","[""House Committee on Energy and Commerce"", ""House Select Committee on the Strategic Competition Between the United States and the Chinese Communist Party""]","[""Commerce, Manufacturing, and Trade"", ""Communications and Technology"", ""Health""]",https://dunn.house.gov
P000621,Nellie Pou,House,Democrat,NJ,9,"[""Aerospace systems"", ""Air freight"", ""Aircraft manufacturing"", ""Commercial aerospace"", ""Environmental services"", ""Infrastructure construction"", ""Passenger airlines"", ""Transit systems"", ""Transportation infrastructure"", ""Wastewater services"", ""Water infrastructure"", ""Water treatment""]","[""Aviation safety"", ""Environmental infrastructure"", ""FAA policy"", ""Highway policy"", ""Infrastructure policy"", ""Public transit"", ""Transportation policy"", ""Water resources""]","[""House Committee on Homeland Security"", ""House Committee on Transportation and Infrastructure""]","[""Aviation"", ""Counterterrorism and Intelligence"", ""Highways and Transit"", ""Water Resources and Environment""]",https://pou.house.gov
L000600,Nicholas A. Langworthy,House,Republican,NY,23,"[""Battery storage"", ""Biotechnology"", ""Electric utilities"", ""Environmental services"", ""Hazardous-waste services"", ""Health insurance"", ""Healthcare services"", ""Healthcare software"", ""Hydrogen energy"", ""Industrial pollution control"", ""Integrated oil & gas"", ""Medical devices"", ""Medical diagnostics"", ""Natural-gas exploration & production"", ""Nuclear power"", ""Oil & gas pipelines"", ""Pharmaceuticals"", ""Power generation"", ""Power transmission"", ""Solar energy"", ""Specialty chemicals"", ""Waste disposal"", ""Water treatment"", ""Wind energy""]","[""Air quality"", ""Chemical regulation"", ""Consumer protection"", ""Energy infrastructure"", ""Energy policy"", ""Energy regulation"", ""Environmental regulation"", ""FDA policy"", ""Grid reliability"", ""Health insurance policy"", ""Interstate commerce"", ""Public health"", ""Public health policy"", ""Telecommunications policy""]","[""House Committee on Energy and Commerce"", ""House Committee on Oversight and Government Reform"", ""House Committee on Rules""]","[""Energy"", ""Environment"", ""Health"", ""Legislative and Budget Process""]",https://langworthy.house.gov
B001323,Nicholas J. Begich III,House,Republican,AK,0,"[""Aerospace systems"", ""Air freight"", ""Aircraft manufacturing"", ""Artificial intelligence"", ""Battery storage"", ""Clean energy"", ""Commercial aerospace"", ""Electric utilities"", ""Environmental services"", ""Forestry"", ""Gold"", ""Hazardous-waste services"", ""Hydrogen energy"", ""Industrial pollution control"", ""Infrastructure construction"", ""Integrated oil & gas"", ""Iron ore"", ""Logistics"", ""Maritime transportation"", ""Mining royalties"", ""Natural-gas exploration & production"", ""Nuclear power"", ""Oil & gas pipelines"", ""Oil exploration & production"", ""Passenger airlines"", ""Pipeline construction"", ""Power generation"", ""Power transmission"", ""Rail equipment"", ""Rail technology"", ""Semiconductors"", ""Silver"", ""Solar energy"", ""Space launch"", ""Space systems"", ""Specialty chemicals"", ""Specialty minerals"", ""Transportation infrastructure"", ""Waste disposal"", ""Water treatment"", ""Wind energy""]","[""Air quality"", ""Aviation safety"", ""Chemical regulation"", ""Coast Guard"", ""Energy infrastructure"", ""Energy regulation"", ""Energy research"", ""Environmental regulation"", ""FAA policy"", ""Federal energy resources"", ""Grid reliability"", ""Hazardous materials"", ""Infrastructure policy"", ""Maritime policy"", ""Mining policy"", ""Natural resources policy"", ""Pipeline safety"", ""Public lands"", ""Rail safety"", ""Science policy"", ""Space policy"", ""Technology policy"", ""Transportation policy""]","[""House Committee on Natural Resources"", ""House Committee on Science, Space, and Technology"", ""House Committee on Transportation and Infrastructure""]","[""Aviation"", ""Coast Guard and Maritime Transportation"", ""Energy"", ""Energy and Mineral Resources"", ""Environment"", ""Investigations and Oversight"", ""Oversight and Investigations"", ""Railroads, Pipelines, and Hazardous Materials""]",https://begich.house.gov
L000598,Nick LaLota,House,Republican,NY,1,"[""Asset management"", ""Banking"", ""Cloud security"", ""Consumer finance"", ""Cybersecurity"", ""Electric-grid infrastructure"", ""Fintech"", ""Healthcare services"", ""Identity security"", ""Infrastructure construction"", ""Insurance"", ""Medical devices"", ""Securities exchanges"", ""Telecom infrastructure""]","[""Critical infrastructure cybersecurity"", ""Federal appropriations"", ""Financial regulation appropriations"", ""Homeland security"", ""Military construction"", ""Veterans affairs""]","[""House Committee on Appropriations"", ""House Committee on Homeland Security""]","[""Counterterrorism and Intelligence"", ""Cybersecurity and Infrastructure Protection"", ""Financial Services and General Government"", ""Legislative Branch"", ""Military Construction, Veterans Affairs, and Related Agencies""]",https://lalota.house.gov
M000317,Nicole Malliotakis,House,Republican,NY,11,[],[],"[""House Committee on Ways and Means"", ""Joint Economic Committee""]","[""Oversight"", ""Tax""]",https://malliotakis.house.gov
W000788,Nikema Williams,House,Democrat,GA,5,"[""Asset management"", ""Banking"", ""Consumer finance"", ""Fintech"", ""Insurance"", ""Mortgage technology"", ""Multifamily residential REIT"", ""Property & casualty insurance"", ""Residential real estate"", ""Securities exchanges""]","[""Financial regulation"", ""Housing finance"", ""Insurance regulation""]","[""House Committee on Financial Services""]","[""Housing and Insurance"", ""Oversight and Investigations""]",https://nikemawilliams.house.gov
B001315,Nikki Budzinski,House,Democrat,IL,13,"[""Agriculture"", ""Animal health"", ""Animal nutrition"", ""Biotechnology"", ""Broad commodities"", ""Commercial banking"", ""Cryptocurrency exchange"", ""Derivatives"", ""Digital assets"", ""Farm supplies"", ""Futures-based commodity exposure"", ""Packaged foods"", ""Risk management""]","[""Agricultural biotechnology"", ""Agricultural policy"", ""Agricultural research"", ""Agricultural risk management"", ""Commodity markets"", ""Conservation"", ""Digital asset policy"", ""Farm credit"", ""Food policy"", ""Rural development""]","[""House Committee on Agriculture"", ""House Committee on Veterans' Affairs""]","[""Commodity Markets, Digital Assets, and Rural Development"", ""Conservation, Research, and Biotechnology"", ""General Farm Commodities, Risk Management, and Credit"", ""Technology Modernization""]",https://budzinski.house.gov
T000474,Norma J. Torres,House,Democrat,CA,35,"[""Commercial aerospace"", ""Infrastructure construction"", ""Multifamily residential REIT"", ""Rail equipment"", ""Residential real estate"", ""Transportation infrastructure""]","[""Federal appropriations"", ""Housing policy"", ""Transportation funding""]","[""House Committee on Appropriations"", ""House Committee on House Administration""]","[""Modernization and Innovation"", ""National Security, Department of State, and Related Programs"", ""Transportation, Housing and Urban Development, and Related Agencies""]",https://torres.house.gov
V000081,Nydia M. Velázquez,House,Democrat,NY,7,"[""Asset management"", ""Banking"", ""Commercial banking"", ""Consumer banking"", ""Consumer finance"", ""Credit cards"", ""Fintech"", ""Insurance"", ""Mortgage technology"", ""Multifamily residential REIT"", ""Property & casualty insurance"", ""Regional banking"", ""Residential real estate"", ""Securities exchanges""]","[""Bank regulation"", ""Consumer financial protection"", ""Financial regulation"", ""Housing finance"", ""Insurance regulation""]","[""House Committee on Financial Services"", ""House Committee on Small Business""]","[""Financial Institutions"", ""Housing and Insurance""]",https://velazquez.house.gov
H001103,Pablo José Hernández,House,Democrat,PR,0,"[""Forestry"", ""Mining royalties"", ""Natural-gas exploration & production"", ""Oil exploration & production"", ""Specialty minerals""]","[""Natural resources policy"", ""Public lands""]","[""House Committee on Homeland Security"", ""House Committee on Natural Resources""]","[""Counterterrorism and Intelligence"", ""Emergency Management and Technology"", ""Indian and Insular Affairs"", ""Oversight and Investigations""]",https://hernandez.house.gov
F000246,Pat Fallon,House,Republican,TX,4,"[""Aerospace & defense"", ""Artificial intelligence"", ""Cloud computing"", ""Cybersecurity"", ""Defense communications"", ""Defense electronics"", ""Defense software"", ""Defense systems"", ""Defense technology"", ""Satellite communications"", ""Space systems""]","[""Classified intelligence"", ""Cyber intelligence"", ""Defense IT"", ""Defense cybersecurity"", ""Military AI"", ""Military procurement"", ""National defense"", ""National security""]","[""House Committee on Armed Services"", ""House Committee on Oversight and Government Reform"", ""House Permanent Select Committee on Intelligence""]","[""Cyber, Information Technologies, and Innovation"", ""Defense Intelligence and Overhead Architecture"", ""Delivering on Government Efficiency"", ""Military Personnel"", ""Open Source Intelligence""]",https://fallon.house.gov
H001101,Pat Harrigan,House,Republican,NC,10,"[""Aerospace & defense"", ""Artificial intelligence"", ""Battery storage"", ""Clean energy"", ""Commercial aerospace"", ""Cybersecurity"", ""Defense communications"", ""Defense electronics"", ""Defense systems"", ""Defense technology"", ""Electric utilities"", ""Hydrogen energy"", ""Integrated oil & gas"", ""Logistics"", ""Military systems"", ""Natural-gas exploration & production"", ""Nuclear power"", ""Oil & gas pipelines"", ""Power generation"", ""Power transmission"", ""Satellite communications"", ""Semiconductors"", ""Solar energy"", ""Space launch"", ""Space systems"", ""Wind energy""]","[""Classified intelligence"", ""Defense logistics"", ""Energy infrastructure"", ""Energy regulation"", ""Energy research"", ""Grid reliability"", ""Military intelligence"", ""Military procurement"", ""Military readiness"", ""National defense"", ""Science policy"", ""Space policy"", ""Special operations"", ""Technology policy""]","[""House Committee on Armed Services"", ""House Committee on Science, Space, and Technology""]","[""Energy"", ""Intelligence and Special Operations"", ""Investigations and Oversight"", ""Military Personnel"", ""Readiness""]",https://harrigan.house.gov
R000579,Patrick Ryan,House,Democrat,NY,18,"[""Aerospace & defense"", ""Artificial intelligence"", ""Cloud computing"", ""Cybersecurity"", ""Defense communications"", ""Defense electronics"", ""Defense software"", ""Defense systems"", ""Defense technology"", ""Environmental services"", ""Hazardous-waste services"", ""Infrastructure construction"", ""Oil & gas pipelines"", ""Pipeline construction"", ""Rail equipment"", ""Rail technology"", ""Satellite communications"", ""Space systems"", ""Transit systems"", ""Transportation infrastructure"", ""Wastewater services"", ""Water infrastructure"", ""Water treatment""]","[""Classified intelligence"", ""Defense IT"", ""Defense cybersecurity"", ""Environmental infrastructure"", ""Hazardous materials"", ""Highway policy"", ""Infrastructure policy"", ""Military AI"", ""Military intelligence"", ""Military procurement"", ""National defense"", ""Pipeline safety"", ""Public transit"", ""Rail safety"", ""Special operations"", ""Transportation policy"", ""Water resources""]","[""House Committee on Armed Services"", ""House Committee on Transportation and Infrastructure""]","[""Cyber, Information Technologies, and Innovation"", ""Highways and Transit"", ""Intelligence and Special Operations"", ""Railroads, Pipelines, and Hazardous Materials"", ""Water Resources and Environment""]",https://patryan.house.gov
G000565,Paul A. Gosar,House,Republican,AZ,9,"[""Forestry"", ""Gold"", ""Iron ore"", ""Mining royalties"", ""Natural-gas exploration & production"", ""Oil exploration & production"", ""Silver"", ""Specialty minerals""]","[""Federal energy resources"", ""Mining policy"", ""Natural resources policy"", ""Public lands""]","[""House Committee on Natural Resources"", ""House Committee on Oversight and Government Reform""]","[""Energy and Mineral Resources"", ""Federal Law Enforcement"", ""Health Care and Financial Services"", ""Oversight and Investigations""]",https://gosar.house.gov
T000469,Paul Tonko,House,Democrat,NY,20,"[""Battery storage"", ""Electric utilities"", ""Environmental services"", ""Hazardous-waste services"", ""Hydrogen energy"", ""Industrial pollution control"", ""Integrated oil & gas"", ""Natural-gas exploration & production"", ""Nuclear power"", ""Oil & gas pipelines"", ""Power generation"", ""Power transmission"", ""Solar energy"", ""Specialty chemicals"", ""Waste disposal"", ""Water treatment"", ""Wind energy""]","[""Air quality"", ""Chemical regulation"", ""Consumer protection"", ""Energy infrastructure"", ""Energy policy"", ""Energy regulation"", ""Environmental regulation"", ""Grid reliability"", ""Interstate commerce"", ""Public health"", ""Telecommunications policy""]","[""House Committee on Energy and Commerce"", ""House Committee on the Budget""]","[""Energy"", ""Environment"", ""Oversight and Investigations""]",https://tonko.house.gov
A000371,Pete Aguilar,House,Democrat,CA,33,"[""Commercial aerospace"", ""Defense aerospace"", ""Defense electronics"", ""Defense systems"", ""Defense technology"", ""Infrastructure construction"", ""Military drones"", ""Missile systems"", ""Multifamily residential REIT"", ""Rail equipment"", ""Residential real estate"", ""Transportation infrastructure""]","[""Defense appropriations"", ""Federal appropriations"", ""Housing policy"", ""Military procurement"", ""Transportation funding""]","[""House Committee on Appropriations""]","[""Defense"", ""Transportation, Housing and Urban Development, and Related Agencies""]",https://aguilar.house.gov
S000250,Pete Sessions,House,Republican,TX,17,"[""Asset management"", ""Banking"", ""Brokerage"", ""Consumer finance"", ""Fintech"", ""Institutional investing"", ""Insurance"", ""Investment banking"", ""Market data"", ""Securities exchanges""]","[""Capital markets regulation"", ""Financial regulation""]","[""House Committee on Financial Services"", ""House Committee on Oversight and Government Reform""]","[""Capital Markets"", ""Government Operations"", ""Health Care and Financial Services"", ""National Security, Illicit Finance, and International Financial Institutions""]",https://sessions.house.gov
S001212,Pete Stauber,House,Republican,MN,8,"[""Aerospace systems"", ""Air freight"", ""Aircraft manufacturing"", ""Commercial aerospace"", ""Forestry"", ""Gold"", ""Hazardous-waste services"", ""Infrastructure construction"", ""Iron ore"", ""Mining royalties"", ""Natural-gas exploration & production"", ""Oil & gas pipelines"", ""Oil exploration & production"", ""Passenger airlines"", ""Pipeline construction"", ""Rail equipment"", ""Rail technology"", ""Silver"", ""Specialty minerals"", ""Transit systems"", ""Transportation infrastructure""]","[""Aviation safety"", ""FAA policy"", ""Federal energy resources"", ""Hazardous materials"", ""Highway policy"", ""Infrastructure policy"", ""Mining policy"", ""Natural resources policy"", ""Pipeline safety"", ""Public lands"", ""Public transit"", ""Rail safety"", ""Transportation policy""]","[""House Committee on Natural Resources"", ""House Committee on Small Business"", ""House Committee on Transportation and Infrastructure""]","[""Aviation"", ""Energy and Mineral Resources"", ""Federal Lands"", ""Highways and Transit"", ""Railroads, Pipelines, and Hazardous Materials"", ""Rural Development, Energy, and Supply Chains""]",https://stauber.house.gov
J000298,Pramila Jayapal,House,Democrat,WA,7,[],[],"[""House Committee on Foreign Affairs"", ""House Committee on the Budget"", ""House Committee on the Judiciary""]","[""Africa"", ""Immigration Integrity, Security, and Enforcement"", ""South and Central Asia"", ""The Constitution and Limited Government""]",https://jayapal.house.gov
K000391,Raja Krishnamoorthi,House,Democrat,IL,8,"[""Cybersecurity"", ""Defense communications"", ""Defense electronics"", ""Satellite communications"", ""Space systems""]","[""Classified intelligence"", ""Cyber intelligence"", ""National security""]","[""House Committee on Oversight and Government Reform"", ""House Permanent Select Committee on Intelligence"", ""House Select Committee on the Strategic Competition Between the United States and the Chinese Communist Party""]","[""Central Intelligence Agency"", ""Health Care and Financial Services"", ""National Intelligence Enterprise""]",https://krishnamoorthi.house.gov
N000190,Ralph Norman,House,Republican,SC,5,"[""Asset management"", ""Banking"", ""Commercial banking"", ""Consumer banking"", ""Consumer finance"", ""Credit cards"", ""Fintech"", ""Insurance"", ""Mortgage technology"", ""Multifamily residential REIT"", ""Property & casualty insurance"", ""Regional banking"", ""Residential real estate"", ""Securities exchanges""]","[""Bank regulation"", ""Consumer financial protection"", ""Financial regulation"", ""Housing finance"", ""Insurance regulation""]","[""House Committee on Financial Services"", ""House Committee on Rules"", ""House Committee on the Budget""]","[""Financial Institutions"", ""Housing and Insurance"", ""Legislative and Budget Process""]",https://norman.house.gov
F000446,Randy Feenstra,House,Republican,IA,4,"[""Agriculture"", ""Animal health"", ""Animal nutrition"", ""Biotechnology"", ""Broad commodities"", ""Farm supplies"", ""Livestock health"", ""Packaged foods""]","[""Agricultural biotechnology"", ""Agricultural policy"", ""Agricultural research"", ""Conservation"", ""Dairy policy"", ""Food policy"", ""Livestock policy"", ""Poultry policy"", ""Rural development""]","[""House Committee on Agriculture"", ""House Committee on Ways and Means""]","[""Conservation, Research, and Biotechnology"", ""Livestock, Dairy, and Poultry"", ""Social Security"", ""Tax"", ""Work and Welfare""]",https://feenstra.house.gov
F000484,Randy Fine,House,Republican,FL,6,[],[],"[""House Committee on Education and Workforce"", ""House Committee on Foreign Affairs""]","[""Europe"", ""Health, Employment, Labor, and Pensions"", ""Higher Education and Workforce Development"", ""Western Hemisphere"", ""Workforce Protections""]",https://fine.house.gov
W000814,"Randy K. Weber, Sr.",House,Republican,TX,14,"[""Artificial intelligence"", ""Battery storage"", ""Clean energy"", ""Commercial aerospace"", ""Electric utilities"", ""Environmental services"", ""Hazardous-waste services"", ""Hydrogen energy"", ""Industrial pollution control"", ""Integrated oil & gas"", ""Natural-gas exploration & production"", ""Nuclear power"", ""Oil & gas pipelines"", ""Power generation"", ""Power transmission"", ""Semiconductors"", ""Solar energy"", ""Space launch"", ""Space systems"", ""Specialty chemicals"", ""Waste disposal"", ""Water treatment"", ""Wind energy""]","[""Air quality"", ""Chemical regulation"", ""Consumer protection"", ""Energy infrastructure"", ""Energy policy"", ""Energy regulation"", ""Energy research"", ""Environmental regulation"", ""Grid reliability"", ""Interstate commerce"", ""Public health"", ""Science policy"", ""Space policy"", ""Technology policy"", ""Telecommunications policy""]","[""House Committee on Energy and Commerce"", ""House Committee on Science, Space, and Technology""]","[""Energy"", ""Environment"", ""Oversight and Investigations""]",https://weber.house.gov
T000481,Rashida Tlaib,House,Democrat,MI,12,"[""Asset management"", ""Banking"", ""Consumer finance"", ""Fintech"", ""Insurance"", ""Mortgage technology"", ""Multifamily residential REIT"", ""Property & casualty insurance"", ""Residential real estate"", ""Securities exchanges""]","[""Financial regulation"", ""Housing finance"", ""Insurance regulation""]","[""House Committee on Financial Services"", ""House Committee on Oversight and Government Reform""]","[""Housing and Insurance"", ""Oversight and Investigations""]",https://tlaib.house.gov
R000599,Raul Ruiz,House,Democrat,CA,25,"[""Biotechnology"", ""Broadband & cable"", ""Digital media"", ""Environmental services"", ""Fiber broadband"", ""Hazardous-waste services"", ""Health insurance"", ""Healthcare services"", ""Healthcare software"", ""Industrial pollution control"", ""Medical devices"", ""Medical diagnostics"", ""Networking equipment"", ""Pharmaceuticals"", ""Satellite communications"", ""Specialty chemicals"", ""Telecommunications"", ""Waste disposal"", ""Water treatment"", ""Wireless telecommunications""]","[""Air quality"", ""Broadband policy"", ""Chemical regulation"", ""Consumer protection"", ""Energy policy"", ""Environmental regulation"", ""FDA policy"", ""Health insurance policy"", ""Interstate commerce"", ""Public health"", ""Public health policy"", ""Spectrum policy"", ""Telecommunications policy"", ""Telecommunications regulation""]","[""House Committee on Energy and Commerce""]","[""Communications and Technology"", ""Environment"", ""Health""]",https://ruiz.house.gov
N000015,Richard E. Neal,House,Democrat,MA,1,[],[],"[""House Committee on Ways and Means"", ""Joint Committee on Taxation""]",[],https://neal.house.gov
H001067,Richard Hudson,House,Republican,NC,9,"[""Broadband & cable"", ""Digital media"", ""Fiber broadband"", ""Networking equipment"", ""Satellite communications"", ""Telecommunications"", ""Wireless telecommunications""]","[""Broadband policy"", ""Consumer protection"", ""Energy policy"", ""Interstate commerce"", ""Public health"", ""Spectrum policy"", ""Telecommunications policy"", ""Telecommunications regulation""]","[""House Committee on Energy and Commerce""]","[""Communications and Technology""]",https://hudson.house.gov
M001218,Richard McCormick,House,Republican,GA,7,"[""Aerospace & defense"", ""Aerospace systems"", ""Aircraft manufacturing"", ""Artificial intelligence"", ""Cloud computing"", ""Commercial aerospace"", ""Cybersecurity"", ""Defense aerospace"", ""Defense electronics"", ""Defense software"", ""Defense systems"", ""Defense technology"", ""Military drones"", ""Military systems"", ""Satellite communications"", ""Semiconductors"", ""Space launch"", ""Space systems""]","[""Commercial space policy"", ""Defense IT"", ""Defense cybersecurity"", ""Ground combat systems"", ""Military AI"", ""Military procurement"", ""NASA"", ""National defense"", ""Science policy"", ""Space policy"", ""Tactical aviation"", ""Technology policy""]","[""House Committee on Armed Services"", ""House Committee on Oversight and Government Reform"", ""House Committee on Science, Space, and Technology""]","[""Cyber, Information Technologies, and Innovation"", ""Cybersecurity, Information Technology, and Government Innovation"", ""Investigations and Oversight"", ""Space and Aeronautics"", ""Tactical Air and Land Forces""]",https://mccormick.house.gov
L000560,Rick Larsen,House,Democrat,WA,2,"[""Infrastructure construction"", ""Transportation infrastructure""]","[""Infrastructure policy"", ""Transportation policy""]","[""House Committee on Transportation and Infrastructure""]",[],https://larsen.house.gov
A000372,Rick W. Allen,House,Republican,GA,12,"[""Battery storage"", ""Broadband & cable"", ""Digital media"", ""Electric utilities"", ""Fiber broadband"", ""Hydrogen energy"", ""Integrated oil & gas"", ""Natural-gas exploration & production"", ""Networking equipment"", ""Nuclear power"", ""Oil & gas pipelines"", ""Power generation"", ""Power transmission"", ""Satellite communications"", ""Solar energy"", ""Telecommunications"", ""Wind energy"", ""Wireless telecommunications""]","[""Broadband policy"", ""Consumer protection"", ""Energy infrastructure"", ""Energy policy"", ""Energy regulation"", ""Grid reliability"", ""Interstate commerce"", ""Public health"", ""Spectrum policy"", ""Telecommunications policy"", ""Telecommunications regulation""]","[""House Committee on Education and Workforce"", ""House Committee on Energy and Commerce""]","[""Communications and Technology"", ""Energy"", ""Health, Employment, Labor, and Pensions"", ""Oversight and Investigations""]",https://allen.house.gov
M001235,Riley M. Moore,House,Republican,WV,2,"[""Artificial intelligence"", ""Biotechnology"", ""Commercial aerospace"", ""Education services"", ""Health insurance"", ""Healthcare services"", ""Medical devices"", ""Medical diagnostics"", ""Pharmaceuticals"", ""Space launch"", ""Space systems""]","[""Commerce policy"", ""Education appropriations"", ""Federal appropriations"", ""Health appropriations"", ""Labor policy"", ""Science funding"", ""Space policy"", ""Technology policy""]","[""House Committee on Appropriations""]","[""Commerce, Justice, Science, and Related Agencies"", ""Labor, Health and Human Services, Education, and Related Agencies"", ""Legislative Branch""]",https://rileymoore.house.gov
T000486,Ritchie Torres,House,Democrat,NY,15,"[""Artificial intelligence"", ""Asset management"", ""Banking"", ""Blockchain financial services"", ""Consumer finance"", ""Cryptocurrency exchange"", ""Digital assets"", ""Digital payments"", ""Fintech"", ""Insurance"", ""Mortgage technology"", ""Multifamily residential REIT"", ""Property & casualty insurance"", ""Residential real estate"", ""Securities exchanges""]","[""AI in financial services"", ""Digital asset regulation"", ""Financial regulation"", ""Fintech policy"", ""Housing finance"", ""Insurance regulation""]","[""House Committee on Financial Services"", ""House Select Committee on the Strategic Competition Between the United States and the Chinese Communist Party""]","[""Digital Assets, Financial Technology, and Artificial Intelligence"", ""Housing and Insurance"", ""National Security, Illicit Finance, and International Financial Institutions""]",https://ritchietorres.house.gov
K000389,Ro Khanna,House,Democrat,CA,17,"[""Aerospace & defense"", ""Artificial intelligence"", ""Cloud computing"", ""Cybersecurity"", ""Defense aerospace"", ""Defense electronics"", ""Defense software"", ""Defense systems"", ""Defense technology"", ""Naval nuclear propulsion""]","[""Defense IT"", ""Defense cybersecurity"", ""Military AI"", ""Military procurement"", ""National defense"", ""Naval procurement"", ""Power projection"", ""Shipbuilding""]","[""House Committee on Armed Services"", ""House Committee on Oversight and Government Reform"", ""House Select Committee on the Strategic Competition Between the United States and the Chinese Communist Party""]","[""Cyber, Information Technologies, and Innovation"", ""Cybersecurity, Information Technology, and Government Innovation"", ""Economic Growth, Energy Policy, and Regulatory Affairs"", ""Seapower and Projection Forces""]",https://khanna.house.gov
A000055,Robert B. Aderholt,House,Republican,AL,4,"[""Agriculture"", ""Biotechnology"", ""Defense aerospace"", ""Defense electronics"", ""Defense systems"", ""Defense technology"", ""Education services"", ""Health insurance"", ""Healthcare services"", ""Medical devices"", ""Medical diagnostics"", ""Military drones"", ""Missile systems"", ""Packaged foods"", ""Pharmaceuticals""]","[""Agricultural appropriations"", ""Defense appropriations"", ""Education appropriations"", ""FDA appropriations"", ""Federal appropriations"", ""Health appropriations"", ""Labor policy"", ""Military procurement""]","[""House Committee on Appropriations""]","[""Agriculture, Rural Development, Food and Drug Administration, and Related Agencies"", ""Defense"", ""Labor, Health and Human Services, Education, and Related Agencies""]",https://aderholt.house.gov
S000185,"Robert C. ""Bobby"" Scott",House,Democrat,VA,3,[],[],"[""House Committee on Education and Workforce"", ""House Committee on the Budget""]",[],https://bobbyscott.house.gov
L000566,Robert E. Latta,House,Republican,OH,5,"[""Battery storage"", ""Broadband & cable"", ""Digital media"", ""Electric utilities"", ""Environmental services"", ""Fiber broadband"", ""Hazardous-waste services"", ""Hydrogen energy"", ""Industrial pollution control"", ""Integrated oil & gas"", ""Natural-gas exploration & production"", ""Networking equipment"", ""Nuclear power"", ""Oil & gas pipelines"", ""Power generation"", ""Power transmission"", ""Satellite communications"", ""Solar energy"", ""Specialty chemicals"", ""Telecommunications"", ""Waste disposal"", ""Water treatment"", ""Wind energy"", ""Wireless telecommunications""]","[""Air quality"", ""Broadband policy"", ""Chemical regulation"", ""Consumer protection"", ""Energy infrastructure"", ""Energy policy"", ""Energy regulation"", ""Environmental regulation"", ""Grid reliability"", ""Interstate commerce"", ""Public health"", ""Spectrum policy"", ""Telecommunications policy"", ""Telecommunications regulation""]","[""House Committee on Energy and Commerce""]","[""Communications and Technology"", ""Energy"", ""Environment""]",https://latta.house.gov
O000177,"Robert F. Onder, Jr.",House,Republican,MO,3,"[""Aerospace systems"", ""Air freight"", ""Aircraft manufacturing"", ""Commercial aerospace"", ""Environmental services"", ""Infrastructure construction"", ""Passenger airlines"", ""Transportation infrastructure"", ""Wastewater services"", ""Water infrastructure"", ""Water treatment""]","[""Aviation safety"", ""Environmental infrastructure"", ""FAA policy"", ""Infrastructure policy"", ""Transportation policy"", ""Water resources""]","[""House Committee on Education and Workforce"", ""House Committee on Transportation and Infrastructure"", ""House Committee on the Judiciary""]","[""Aviation"", ""Economic Development, Public Buildings, and Emergency Management"", ""Health, Employment, Labor, and Pensions"", ""Higher Education and Workforce Development"", ""Immigration Integrity, Security, and Enforcement"", ""Oversight"", ""The Constitution and Limited Government"", ""Water Resources and Environment""]",https://onder.house.gov
G000598,Robert Garcia,House,Democrat,CA,42,"[""Aerospace systems"", ""Air freight"", ""Aircraft manufacturing"", ""Commercial aerospace"", ""Infrastructure construction"", ""Passenger airlines"", ""Transit systems"", ""Transportation infrastructure""]","[""Aviation safety"", ""FAA policy"", ""Highway policy"", ""Infrastructure policy"", ""Public transit"", ""Transportation policy""]","[""House Committee on Oversight and Government Reform"", ""House Committee on Transportation and Infrastructure""]","[""Aviation"", ""Highways and Transit""]",https://robertgarcia.house.gov
W000804,Robert J. Wittman,House,Republican,VA,1,"[""Aerospace & defense"", ""Aircraft manufacturing"", ""Defense aerospace"", ""Defense systems"", ""Defense technology"", ""Forestry"", ""Gold"", ""Iron ore"", ""Military drones"", ""Military systems"", ""Mining royalties"", ""Natural-gas exploration & production"", ""Naval nuclear propulsion"", ""Oil exploration & production"", ""Silver"", ""Specialty minerals"", ""Water infrastructure"", ""Water utilities""]","[""Federal energy resources"", ""Fisheries"", ""Ground combat systems"", ""Military procurement"", ""Mining policy"", ""National defense"", ""Natural resources policy"", ""Naval procurement"", ""Power projection"", ""Public lands"", ""Shipbuilding"", ""Tactical aviation"", ""Water policy"", ""Wildlife""]","[""House Committee on Armed Services"", ""House Committee on Natural Resources"", ""House Select Committee on the Strategic Competition Between the United States and the Chinese Communist Party""]","[""Energy and Mineral Resources"", ""Seapower and Projection Forces"", ""Tactical Air and Land Forces"", ""Water, Wildlife and Fisheries""]",https://wittman.house.gov
M001226,Robert Menendez,House,Democrat,NJ,8,"[""Battery storage"", ""Broadband & cable"", ""Digital media"", ""Electric utilities"", ""Environmental services"", ""Fiber broadband"", ""Hazardous-waste services"", ""Hydrogen energy"", ""Industrial pollution control"", ""Integrated oil & gas"", ""Natural-gas exploration & production"", ""Networking equipment"", ""Nuclear power"", ""Oil & gas pipelines"", ""Power generation"", ""Power transmission"", ""Satellite communications"", ""Solar energy"", ""Specialty chemicals"", ""Telecommunications"", ""Waste disposal"", ""Water treatment"", ""Wind energy"", ""Wireless telecommunications""]","[""Air quality"", ""Broadband policy"", ""Chemical regulation"", ""Consumer protection"", ""Energy infrastructure"", ""Energy policy"", ""Energy regulation"", ""Environmental regulation"", ""Grid reliability"", ""Interstate commerce"", ""Public health"", ""Spectrum policy"", ""Telecommunications policy"", ""Telecommunications regulation""]","[""House Committee on Energy and Commerce""]","[""Communications and Technology"", ""Energy"", ""Environment""]",https://menendez.house.gov
B001327,"Robert P. Bresnahan, Jr.",House,Republican,PA,8,"[""Aerospace systems"", ""Agriculture"", ""Air freight"", ""Aircraft manufacturing"", ""Animal health"", ""Animal nutrition"", ""Biotechnology"", ""Broad commodities"", ""Commercial aerospace"", ""Cryptocurrency exchange"", ""Derivatives"", ""Digital assets"", ""Farm supplies"", ""Futures-based commodity exposure"", ""Infrastructure construction"", ""Packaged foods"", ""Passenger airlines"", ""Transit systems"", ""Transportation infrastructure""]","[""Agricultural biotechnology"", ""Agricultural policy"", ""Agricultural research"", ""Aviation safety"", ""Commodity markets"", ""Conservation"", ""Digital asset policy"", ""FAA policy"", ""Food policy"", ""Highway policy"", ""Infrastructure policy"", ""Public transit"", ""Rural development"", ""Transportation policy""]","[""House Committee on Agriculture"", ""House Committee on Small Business"", ""House Committee on Transportation and Infrastructure""]","[""Aviation"", ""Commodity Markets, Digital Assets, and Rural Development"", ""Conservation, Research, and Biotechnology"", ""Economic Development, Public Buildings, and Emergency Management"", ""Economic Growth, Tax, and Capital Access"", ""Highways and Transit"", ""Innovation, Entrepreneurship, and Workforce Development""]",https://bresnahan.house.gov
K000385,Robin L. Kelly,House,Democrat,IL,2,"[""Automotive components"", ""Biotechnology"", ""Broadband & cable"", ""Consumer electronics"", ""Digital media"", ""E-commerce"", ""Fiber broadband"", ""Health insurance"", ""Healthcare services"", ""Healthcare software"", ""Industrial manufacturing"", ""Medical devices"", ""Medical diagnostics"", ""Networking equipment"", ""Pharmaceuticals"", ""Retail technology"", ""Satellite communications"", ""Telecommunications"", ""Wireless telecommunications""]","[""Broadband policy"", ""Consumer protection"", ""Energy policy"", ""FDA policy"", ""Health insurance policy"", ""Interstate commerce"", ""Manufacturing policy"", ""Public health"", ""Public health policy"", ""Spectrum policy"", ""Telecommunications policy"", ""Telecommunications regulation"", ""Trade policy""]","[""House Committee on Energy and Commerce""]","[""Commerce, Manufacturing, and Trade"", ""Communications and Technology"", ""Health""]",https://robinkelly.house.gov
W000816,Roger Williams,House,Republican,TX,25,"[""Asset management"", ""Banking"", ""Commercial banking"", ""Consumer banking"", ""Consumer finance"", ""Credit cards"", ""Fintech"", ""Insurance"", ""Regional banking"", ""Securities exchanges""]","[""Bank regulation"", ""Consumer financial protection"", ""Financial regulation""]","[""House Committee on Financial Services"", ""House Committee on Small Business""]","[""Financial Institutions"", ""National Security, Illicit Finance, and International Financial Institutions""]",https://williams.house.gov
E000298,Ron Estes,House,Republican,KS,4,[],[],"[""House Committee on Ways and Means"", ""House Committee on the Budget"", ""Joint Economic Committee""]","[""Social Security"", ""Tax""]",https://estes.house.gov
J000304,Ronny Jackson,House,Republican,TX,13,"[""Aerospace & defense"", ""Agriculture"", ""Animal health"", ""Animal nutrition"", ""Biotechnology"", ""Broad commodities"", ""Cybersecurity"", ""Defense aerospace"", ""Defense communications"", ""Defense electronics"", ""Defense systems"", ""Defense technology"", ""Farm supplies"", ""Livestock health"", ""Naval nuclear propulsion"", ""Packaged foods"", ""Satellite communications"", ""Space systems""]","[""Agricultural biotechnology"", ""Agricultural policy"", ""Agricultural research"", ""Classified intelligence"", ""Conservation"", ""Cyber intelligence"", ""Dairy policy"", ""Food policy"", ""Livestock policy"", ""Military intelligence"", ""Military procurement"", ""National defense"", ""National security"", ""Naval procurement"", ""Poultry policy"", ""Power projection"", ""Rural development"", ""Shipbuilding"", ""Special operations""]","[""House Committee on Agriculture"", ""House Committee on Armed Services"", ""House Committee on Foreign Affairs"", ""House Permanent Select Committee on Intelligence""]","[""Africa"", ""Central Intelligence Agency"", ""Conservation, Research, and Biotechnology"", ""Intelligence and Special Operations"", ""Livestock, Dairy, and Poultry"", ""Middle East and North Africa"", ""Oversight and Intelligence"", ""Oversight and Investigations"", ""Seapower and Projection Forces""]",https://jackson.house.gov
D000216,Rosa L. DeLauro,House,Democrat,CT,3,"[""Biotechnology"", ""Education services"", ""Health insurance"", ""Healthcare services"", ""Medical devices"", ""Medical diagnostics"", ""Pharmaceuticals""]","[""Education appropriations"", ""Federal appropriations"", ""Health appropriations"", ""Labor policy""]","[""House Committee on Appropriations""]","[""Labor, Health and Human Services, Education, and Related Agencies""]",https://delauro.house.gov
Y000067,Rudy Yakym III,House,Republican,IN,2,[],[],"[""House Committee on Ways and Means""]","[""Oversight"", ""Social Security"", ""Work and Welfare""]",https://yakym.house.gov
F000469,Russ Fulcher,House,Republican,ID,1,"[""Automotive components"", ""Broadband & cable"", ""Consumer electronics"", ""Digital media"", ""E-commerce"", ""Fiber broadband"", ""Forestry"", ""Gold"", ""Industrial manufacturing"", ""Iron ore"", ""Mining royalties"", ""Natural-gas exploration & production"", ""Networking equipment"", ""Oil exploration & production"", ""Retail technology"", ""Satellite communications"", ""Silver"", ""Specialty minerals"", ""Telecommunications"", ""Wireless telecommunications""]","[""Broadband policy"", ""Consumer protection"", ""Energy policy"", ""Federal energy resources"", ""Interstate commerce"", ""Manufacturing policy"", ""Mining policy"", ""Natural resources policy"", ""Public health"", ""Public lands"", ""Spectrum policy"", ""Telecommunications policy"", ""Telecommunications regulation"", ""Trade policy""]","[""House Committee on Energy and Commerce"", ""House Committee on Natural Resources""]","[""Commerce, Manufacturing, and Trade"", ""Communications and Technology"", ""Energy and Mineral Resources"", ""Federal Lands"", ""Oversight and Investigations""]",https://fulcher.house.gov
F000478,Russell Fry,House,Republican,SC,7,"[""Artificial intelligence"", ""Automotive components"", ""Battery storage"", ""Broadband & cable"", ""Cloud computing"", ""Consumer electronics"", ""Digital advertising"", ""Digital media"", ""E-commerce"", ""Electric utilities"", ""Enterprise software"", ""Fiber broadband"", ""Hydrogen energy"", ""Industrial manufacturing"", ""Integrated oil & gas"", ""Natural-gas exploration & production"", ""Networking equipment"", ""Nuclear power"", ""Oil & gas pipelines"", ""Power generation"", ""Power transmission"", ""Retail technology"", ""Satellite communications"", ""Semiconductors"", ""Social media"", ""Solar energy"", ""Telecommunications"", ""Wind energy"", ""Wireless telecommunications""]","[""AI policy"", ""Broadband policy"", ""Consumer protection"", ""Energy infrastructure"", ""Energy policy"", ""Energy regulation"", ""Grid reliability"", ""Intellectual property"", ""Internet policy"", ""Interstate commerce"", ""Manufacturing policy"", ""Public health"", ""Spectrum policy"", ""Telecommunications policy"", ""Telecommunications regulation"", ""Trade policy""]","[""House Committee on Energy and Commerce"", ""House Committee on the Judiciary""]","[""Commerce, Manufacturing, and Trade"", ""Communications and Technology"", ""Courts, Intellectual Property, Artificial Intelligence, and the Internet"", ""Energy"", ""Immigration Integrity, Security, and Enforcement""]",https://fry.house.gov
Z000018,Ryan K. Zinke,House,Republican,MT,1,"[""Commercial aerospace"", ""Environmental services"", ""Healthcare services"", ""Industrial pollution control"", ""Infrastructure construction"", ""Medical devices"", ""Mining royalties"", ""Multifamily residential REIT"", ""Rail equipment"", ""Residential real estate"", ""Specialty chemicals"", ""Specialty minerals"", ""Transportation infrastructure"", ""Water treatment""]","[""Environmental appropriations"", ""Federal appropriations"", ""Housing policy"", ""Military construction"", ""Public lands"", ""Transportation funding"", ""Veterans affairs""]","[""House Committee on Appropriations"", ""House Committee on Foreign Affairs""]","[""East Asia and Pacific"", ""Interior, Environment, and Related Agencies"", ""Middle East and North Africa"", ""Military Construction, Veterans Affairs, and Related Agencies"", ""Transportation, Housing and Urban Development, and Related Agencies""]",https://zinke.house.gov
M001230,Ryan Mackenzie,House,Republican,PA,7,[],[],"[""House Committee on Education and Workforce"", ""House Committee on Foreign Affairs"", ""House Committee on Homeland Security""]","[""Counterterrorism and Intelligence"", ""Early Childhood, Elementary, and Secondary Education"", ""East Asia and Pacific"", ""Emergency Management and Technology"", ""Health, Employment, Labor, and Pensions"", ""Western Hemisphere"", ""Workforce Protections""]",https://mackenzie.house.gov
C001112,Salud O. Carbajal,House,Democrat,CA,24,"[""Aerospace & defense"", ""Aerospace systems"", ""Agriculture"", ""Air freight"", ""Aircraft manufacturing"", ""Animal nutrition"", ""Broad commodities"", ""Commercial aerospace"", ""Defense aerospace"", ""Defense electronics"", ""Defense systems"", ""Defense technology"", ""Farm supplies"", ""Infrastructure construction"", ""Logistics"", ""Maritime transportation"", ""Military drones"", ""Military systems"", ""Missile systems"", ""Nuclear technology"", ""Packaged foods"", ""Passenger airlines"", ""Space systems"", ""Transit systems"", ""Transportation infrastructure""]","[""Agricultural policy"", ""Aviation safety"", ""Coast Guard"", ""FAA policy"", ""Food policy"", ""Ground combat systems"", ""Highway policy"", ""Infrastructure policy"", ""Maritime policy"", ""Military procurement"", ""Military space"", ""Missile defense"", ""National defense"", ""Nuclear deterrence"", ""Public transit"", ""Rural development"", ""Tactical aviation"", ""Transportation policy""]","[""House Committee on Agriculture"", ""House Committee on Armed Services"", ""House Committee on Transportation and Infrastructure""]","[""Aviation"", ""Coast Guard and Maritime Transportation"", ""Highways and Transit"", ""Strategic Forces"", ""Tactical Air and Land Forces""]",https://carbajal.house.gov
G000546,Sam Graves,House,Republican,MO,6,"[""Aerospace & defense"", ""Aircraft manufacturing"", ""Defense aerospace"", ""Defense systems"", ""Defense technology"", ""Infrastructure construction"", ""Military drones"", ""Military systems"", ""Transportation infrastructure""]","[""Ground combat systems"", ""Infrastructure policy"", ""Military procurement"", ""National defense"", ""Tactical aviation"", ""Transportation policy""]","[""House Committee on Armed Services"", ""House Committee on Transportation and Infrastructure""]","[""Tactical Air and Land Forces""]",https://graves.house.gov
L000607,Sam T. Liccardo,House,Democrat,CA,16,"[""Artificial intelligence"", ""Asset management"", ""Banking"", ""Blockchain financial services"", ""Consumer finance"", ""Cryptocurrency exchange"", ""Digital assets"", ""Digital payments"", ""Fintech"", ""Insurance"", ""Securities exchanges""]","[""AI in financial services"", ""Digital asset regulation"", ""Financial regulation"", ""Fintech policy""]","[""House Committee on Financial Services""]","[""Digital Assets, Financial Technology, and Artificial Intelligence"", ""National Security, Illicit Finance, and International Financial Institutions"", ""Oversight and Investigations""]",https://liccardo.house.gov
B000490,"Sanford D. Bishop, Jr.",House,Democrat,GA,2,"[""Agriculture"", ""Asset management"", ""Banking"", ""Biotechnology"", ""Consumer finance"", ""Fintech"", ""Healthcare services"", ""Infrastructure construction"", ""Insurance"", ""Medical devices"", ""Medical diagnostics"", ""Packaged foods"", ""Pharmaceuticals"", ""Securities exchanges""]","[""Agricultural appropriations"", ""FDA appropriations"", ""Federal appropriations"", ""Financial regulation appropriations"", ""Military construction"", ""Veterans affairs""]","[""House Committee on Appropriations""]","[""Agriculture, Rural Development, Food and Drug Administration, and Related Agencies"", ""Financial Services and General Government"", ""Military Construction, Veterans Affairs, and Related Agencies""]",https://bishop.house.gov
J000305,Sara Jacobs,House,Democrat,CA,51,"[""Aerospace & defense"", ""Cybersecurity"", ""Defense communications"", ""Defense electronics"", ""Defense systems"", ""Defense technology"", ""Satellite communications"", ""Space systems""]","[""Classified intelligence"", ""Military intelligence"", ""Military procurement"", ""National defense"", ""Special operations""]","[""House Committee on Armed Services"", ""House Committee on Foreign Affairs""]","[""Africa"", ""Intelligence and Special Operations"", ""Military Personnel"", ""Western Hemisphere""]",https://sarajacobs.house.gov
E000301,Sarah Elfreth,House,Democrat,MD,3,"[""Aerospace & defense"", ""Defense aerospace"", ""Defense systems"", ""Defense technology"", ""Forestry"", ""Gold"", ""Iron ore"", ""Logistics"", ""Military systems"", ""Mining royalties"", ""Natural-gas exploration & production"", ""Naval nuclear propulsion"", ""Oil exploration & production"", ""Silver"", ""Specialty minerals"", ""Water infrastructure"", ""Water utilities""]","[""Defense logistics"", ""Federal energy resources"", ""Fisheries"", ""Military procurement"", ""Military readiness"", ""Mining policy"", ""National defense"", ""Natural resources policy"", ""Naval procurement"", ""Power projection"", ""Public lands"", ""Shipbuilding"", ""Water policy"", ""Wildlife""]","[""House Committee on Armed Services"", ""House Committee on Natural Resources""]","[""Energy and Mineral Resources"", ""Readiness"", ""Seapower and Projection Forces"", ""Water, Wildlife and Fisheries""]",https://elfreth.house.gov
M001238,Sarah McBride,House,Democrat,DE,0,"[""Advanced materials"", ""Artificial intelligence"", ""Commercial aerospace"", ""Quantum technology"", ""Robotics & AI"", ""Semiconductors"", ""Space launch"", ""Space systems""]","[""Emerging technology"", ""Federal R&D"", ""Science policy"", ""Space policy"", ""Technology policy""]","[""House Committee on Foreign Affairs"", ""House Committee on Science, Space, and Technology""]","[""Europe"", ""Oversight and Intelligence"", ""Research and Technology""]",https://mcbride.house.gov
D000616,Scott DesJarlais,House,Republican,TN,4,"[""Aerospace & defense"", ""Agriculture"", ""Animal nutrition"", ""Broad commodities"", ""Defense aerospace"", ""Defense electronics"", ""Defense systems"", ""Defense technology"", ""Farm supplies"", ""Food brands"", ""Livestock health"", ""Missile systems"", ""Naval nuclear propulsion"", ""Nuclear technology"", ""Packaged foods"", ""Space systems""]","[""Agricultural policy"", ""Agricultural trade"", ""Dairy policy"", ""Food policy"", ""Livestock policy"", ""Military procurement"", ""Military space"", ""Missile defense"", ""National defense"", ""Naval procurement"", ""Nuclear deterrence"", ""Nutrition policy"", ""Poultry policy"", ""Power projection"", ""Rural development"", ""Shipbuilding""]","[""House Committee on Agriculture"", ""House Committee on Armed Services""]","[""Livestock, Dairy, and Poultry"", ""Nutrition and Foreign Agriculture"", ""Seapower and Projection Forces"", ""Strategic Forces""]",https://desjarlais.house.gov
F000471,Scott Fitzgerald,House,Republican,WI,5,"[""Artificial intelligence"", ""Asset management"", ""Banking"", ""Cloud computing"", ""Commercial banking"", ""Consumer banking"", ""Consumer finance"", ""Credit cards"", ""Digital advertising"", ""Enterprise software"", ""Fintech"", ""Insurance"", ""Mortgage technology"", ""Multifamily residential REIT"", ""Property & casualty insurance"", ""Regional banking"", ""Residential real estate"", ""Securities exchanges"", ""Semiconductors"", ""Social media""]","[""AI policy"", ""Bank regulation"", ""Consumer financial protection"", ""Financial regulation"", ""Housing finance"", ""Insurance regulation"", ""Intellectual property"", ""Internet policy""]","[""House Committee on Financial Services"", ""House Committee on the Judiciary""]","[""Courts, Intellectual Property, Artificial Intelligence, and the Internet"", ""Financial Institutions"", ""Housing and Insurance"", ""The Administrative State, Regulatory Reform, and Antitrust""]",https://fitzgerald.house.gov
F000472,Scott Franklin,House,Republican,FL,18,"[""Agriculture"", ""Artificial intelligence"", ""Biotechnology"", ""Commercial aerospace"", ""Electric utilities"", ""Electric-grid infrastructure"", ""Environmental services"", ""Hazardous-waste services"", ""Healthcare services"", ""Hydrogen energy"", ""Industrial pollution control"", ""Infrastructure construction"", ""Medical devices"", ""Medical diagnostics"", ""Nuclear power"", ""Nuclear technology"", ""Packaged foods"", ""Pharmaceuticals"", ""Semiconductors"", ""Solar energy"", ""Space launch"", ""Space systems"", ""Specialty chemicals"", ""Waste disposal"", ""Water infrastructure"", ""Water treatment"", ""Water utilities"", ""Wind energy""]","[""Agricultural appropriations"", ""Air quality"", ""Chemical regulation"", ""Energy appropriations"", ""Environmental regulation"", ""FDA appropriations"", ""Federal appropriations"", ""Military construction"", ""Science policy"", ""Space policy"", ""Technology policy"", ""Veterans affairs"", ""Water infrastructure funding""]","[""House Committee on Appropriations"", ""House Committee on Science, Space, and Technology""]","[""Agriculture, Rural Development, Food and Drug Administration, and Related Agencies"", ""Energy and Water Development and Related Agencies"", ""Environment"", ""Military Construction, Veterans Affairs, and Related Agencies""]",https://franklin.house.gov
P000608,Scott H. Peters,House,Democrat,CA,50,"[""Battery storage"", ""Broadband & cable"", ""Digital media"", ""Electric utilities"", ""Environmental services"", ""Fiber broadband"", ""Hazardous-waste services"", ""Hydrogen energy"", ""Industrial pollution control"", ""Integrated oil & gas"", ""Natural-gas exploration & production"", ""Networking equipment"", ""Nuclear power"", ""Oil & gas pipelines"", ""Power generation"", ""Power transmission"", ""Satellite communications"", ""Solar energy"", ""Specialty chemicals"", ""Telecommunications"", ""Waste disposal"", ""Water treatment"", ""Wind energy"", ""Wireless telecommunications""]","[""Air quality"", ""Broadband policy"", ""Chemical regulation"", ""Consumer protection"", ""Energy infrastructure"", ""Energy policy"", ""Energy regulation"", ""Environmental regulation"", ""Grid reliability"", ""Interstate commerce"", ""Public health"", ""Spectrum policy"", ""Telecommunications policy"", ""Telecommunications regulation""]","[""House Committee on Energy and Commerce"", ""House Committee on the Budget""]","[""Communications and Technology"", ""Energy"", ""Environment""]",https://scottpeters.house.gov
P000605,Scott Perry,House,Republican,PA,10,"[""Aerospace systems"", ""Air freight"", ""Aircraft manufacturing"", ""Commercial aerospace"", ""Cybersecurity"", ""Defense communications"", ""Defense electronics"", ""Infrastructure construction"", ""Passenger airlines"", ""Satellite communications"", ""Space systems"", ""Transportation infrastructure""]","[""Aviation safety"", ""Classified intelligence"", ""Cyber intelligence"", ""FAA policy"", ""Infrastructure policy"", ""National security"", ""Transportation policy""]","[""House Committee on Foreign Affairs"", ""House Committee on Oversight and Government Reform"", ""House Committee on Transportation and Infrastructure"", ""House Permanent Select Committee on Intelligence""]","[""Aviation"", ""Economic Development, Public Buildings, and Emergency Management"", ""Economic Growth, Energy Policy, and Regulatory Affairs"", ""Federal Law Enforcement"", ""National Intelligence Enterprise"", ""Open Source Intelligence"", ""Oversight and Intelligence"", ""South and Central Asia""]",https://perry.house.gov
C001117,Sean Casten,House,Democrat,IL,6,"[""Asset management"", ""Banking"", ""Brokerage"", ""Commercial banking"", ""Consumer banking"", ""Consumer finance"", ""Credit cards"", ""Fintech"", ""Institutional investing"", ""Insurance"", ""Investment banking"", ""Market data"", ""Regional banking"", ""Securities exchanges""]","[""Bank regulation"", ""Capital markets regulation"", ""Consumer financial protection"", ""Financial regulation""]","[""House Committee on Financial Services"", ""Joint Economic Committee""]","[""Capital Markets"", ""Financial Institutions"", ""National Security, Illicit Finance, and International Financial Institutions""]",https://casten.house.gov
M001223,Seth Magaziner,House,Democrat,RI,2,"[""Cloud security"", ""Cybersecurity"", ""Electric-grid infrastructure"", ""Forestry"", ""Gold"", ""Identity security"", ""Iron ore"", ""Mining royalties"", ""Natural-gas exploration & production"", ""Oil exploration & production"", ""Silver"", ""Specialty minerals"", ""Telecom infrastructure"", ""Water infrastructure"", ""Water utilities""]","[""Critical infrastructure cybersecurity"", ""Federal energy resources"", ""Fisheries"", ""Homeland security"", ""Mining policy"", ""Natural resources policy"", ""Public lands"", ""Water policy"", ""Wildlife""]","[""House Committee on Homeland Security"", ""House Committee on Natural Resources""]","[""Counterterrorism and Intelligence"", ""Cybersecurity and Infrastructure Protection"", ""Energy and Mineral Resources"", ""Water, Wildlife and Fisheries""]",https://magaziner.house.gov
M001196,Seth Moulton,House,Democrat,MA,6,"[""Aerospace & defense"", ""Artificial intelligence"", ""Cloud computing"", ""Cybersecurity"", ""Defense electronics"", ""Defense software"", ""Defense systems"", ""Defense technology"", ""Hazardous-waste services"", ""Infrastructure construction"", ""Missile systems"", ""Nuclear technology"", ""Oil & gas pipelines"", ""Pipeline construction"", ""Rail equipment"", ""Rail technology"", ""Space systems"", ""Transit systems"", ""Transportation infrastructure""]","[""Defense IT"", ""Defense cybersecurity"", ""Hazardous materials"", ""Highway policy"", ""Infrastructure policy"", ""Military AI"", ""Military procurement"", ""Military space"", ""Missile defense"", ""National defense"", ""Nuclear deterrence"", ""Pipeline safety"", ""Public transit"", ""Rail safety"", ""Transportation policy""]","[""House Committee on Armed Services"", ""House Committee on Transportation and Infrastructure"", ""House Select Committee on the Strategic Competition Between the United States and the Chinese Communist Party""]","[""Cyber, Information Technologies, and Innovation"", ""Highways and Transit"", ""Railroads, Pipelines, and Hazardous Materials"", ""Strategic Forces""]",https://moulton.house.gov
D000629,Sharice Davids,House,Democrat,KS,3,"[""Aerospace systems"", ""Agriculture"", ""Air freight"", ""Aircraft manufacturing"", ""Animal health"", ""Animal nutrition"", ""Biotechnology"", ""Broad commodities"", ""Commercial aerospace"", ""Commercial banking"", ""Farm supplies"", ""Infrastructure construction"", ""Packaged foods"", ""Passenger airlines"", ""Risk management"", ""Transit systems"", ""Transportation infrastructure""]","[""Agricultural biotechnology"", ""Agricultural policy"", ""Agricultural research"", ""Agricultural risk management"", ""Aviation safety"", ""Conservation"", ""FAA policy"", ""Farm credit"", ""Food policy"", ""Highway policy"", ""Infrastructure policy"", ""Public transit"", ""Rural development"", ""Transportation policy""]","[""House Committee on Agriculture"", ""House Committee on Transportation and Infrastructure""]","[""Aviation"", ""Conservation, Research, and Biotechnology"", ""General Farm Commodities, Risk Management, and Credit"", ""Highways and Transit""]",https://davids.house.gov
B001325,Sheri Biggs,House,Republican,SC,3,"[""Advanced materials"", ""Artificial intelligence"", ""Battery storage"", ""Clean energy"", ""Commercial aerospace"", ""Electric utilities"", ""Hydrogen energy"", ""Integrated oil & gas"", ""Logistics"", ""Maritime transportation"", ""Natural-gas exploration & production"", ""Nuclear power"", ""Oil & gas pipelines"", ""Passenger airlines"", ""Power generation"", ""Power transmission"", ""Quantum technology"", ""Robotics & AI"", ""Semiconductors"", ""Solar energy"", ""Space launch"", ""Space systems"", ""Wind energy""]","[""Emerging technology"", ""Energy infrastructure"", ""Energy regulation"", ""Energy research"", ""Federal R&D"", ""Grid reliability"", ""Maritime security"", ""Science policy"", ""Space policy"", ""Technology policy"", ""Transportation security""]","[""House Committee on Foreign Affairs"", ""House Committee on Homeland Security"", ""House Committee on Science, Space, and Technology""]","[""Border Security and Enforcement"", ""East Asia and Pacific"", ""Energy"", ""Research and Technology"", ""Transportation and Maritime Security"", ""Western Hemisphere""]",https://sheribiggs.house.gov
F000481,Shomari Figures,House,Democrat,AL,2,"[""Agriculture"", ""Animal nutrition"", ""Broad commodities"", ""Cryptocurrency exchange"", ""Derivatives"", ""Digital assets"", ""Environmental services"", ""Farm supplies"", ""Food brands"", ""Futures-based commodity exposure"", ""Infrastructure construction"", ""Packaged foods"", ""Transit systems"", ""Transportation infrastructure"", ""Wastewater services"", ""Water infrastructure"", ""Water treatment""]","[""Agricultural policy"", ""Agricultural trade"", ""Commodity markets"", ""Digital asset policy"", ""Environmental infrastructure"", ""Food policy"", ""Highway policy"", ""Infrastructure policy"", ""Nutrition policy"", ""Public transit"", ""Rural development"", ""Transportation policy"", ""Water resources""]","[""House Committee on Agriculture"", ""House Committee on Transportation and Infrastructure""]","[""Commodity Markets, Digital Assets, and Rural Development"", ""Economic Development, Public Buildings, and Emergency Management"", ""Highways and Transit"", ""Nutrition and Foreign Agriculture"", ""Water Resources and Environment""]",https://figures.house.gov
B001313,Shontel M. Brown,House,Democrat,OH,11,"[""Agriculture"", ""Animal nutrition"", ""Broad commodities"", ""Commercial banking"", ""Farm supplies"", ""Food brands"", ""Packaged foods"", ""Risk management""]","[""Agricultural policy"", ""Agricultural risk management"", ""Agricultural trade"", ""Farm credit"", ""Food policy"", ""Nutrition policy"", ""Rural development""]","[""House Committee on Agriculture"", ""House Committee on Oversight and Government Reform"", ""House Select Committee on the Strategic Competition Between the United States and the Chinese Communist Party""]","[""Cybersecurity, Information Technology, and Government Innovation"", ""General Farm Commodities, Risk Management, and Credit"", ""Nutrition and Foreign Agriculture""]",https://shontelbrown.house.gov
T000488,Shri Thanedar,House,Democrat,MI,13,"[""Agriculture"", ""Animal nutrition"", ""Broad commodities"", ""Cryptocurrency exchange"", ""Derivatives"", ""Digital assets"", ""Farm supplies"", ""Futures-based commodity exposure"", ""Packaged foods""]","[""Agricultural policy"", ""Commodity markets"", ""Digital asset policy"", ""Food policy"", ""Rural development""]","[""House Committee on Agriculture"", ""House Committee on Homeland Security""]","[""Commodity Markets, Digital Assets, and Rural Development"", ""Oversight, Investigations, and Accountability""]",https://thanedar.house.gov
P000610,Stacey E. Plaskett,House,Democrat,VI,0,"[""Cybersecurity"", ""Defense communications"", ""Defense electronics"", ""Satellite communications"", ""Space systems""]","[""Classified intelligence"", ""Cyber intelligence"", ""National security""]","[""House Committee on Ways and Means"", ""House Committee on the Budget"", ""House Permanent Select Committee on Intelligence""]","[""Defense Intelligence and Overhead Architecture"", ""National Intelligence Enterprise"", ""Social Security"", ""Tax""]",https://plaskett.house.gov
H000874,Steny H. Hoyer,House,Democrat,MD,5,"[""Asset management"", ""Banking"", ""Biotechnology"", ""Consumer finance"", ""Education services"", ""Fintech"", ""Health insurance"", ""Healthcare services"", ""Insurance"", ""Medical devices"", ""Medical diagnostics"", ""Pharmaceuticals"", ""Securities exchanges""]","[""Education appropriations"", ""Federal appropriations"", ""Financial regulation appropriations"", ""Health appropriations"", ""Labor policy""]","[""House Committee on Appropriations""]","[""Financial Services and General Government"", ""Labor, Health and Human Services, Education, and Related Agencies"", ""Legislative Branch""]",https://hoyer.house.gov
B000740,Stephanie I. Bice,House,Republican,OK,5,"[""Biotechnology"", ""Commercial aerospace"", ""Education services"", ""Health insurance"", ""Healthcare services"", ""Infrastructure construction"", ""Medical devices"", ""Medical diagnostics"", ""Multifamily residential REIT"", ""Pharmaceuticals"", ""Rail equipment"", ""Residential real estate"", ""Transportation infrastructure""]","[""Education appropriations"", ""Federal appropriations"", ""Health appropriations"", ""Housing policy"", ""Labor policy"", ""Military construction"", ""Transportation funding"", ""Veterans affairs""]","[""House Committee on Appropriations"", ""House Committee on House Administration""]","[""Labor, Health and Human Services, Education, and Related Agencies"", ""Military Construction, Veterans Affairs, and Related Agencies"", ""Modernization and Innovation"", ""Transportation, Housing and Urban Development, and Related Agencies""]",https://bice.house.gov
L000562,Stephen F. Lynch,House,Democrat,MA,8,"[""Artificial intelligence"", ""Asset management"", ""Banking"", ""Blockchain financial services"", ""Brokerage"", ""Commercial banking"", ""Consumer banking"", ""Consumer finance"", ""Credit cards"", ""Cryptocurrency exchange"", ""Digital assets"", ""Digital payments"", ""Fintech"", ""Institutional investing"", ""Insurance"", ""Investment banking"", ""Market data"", ""Regional banking"", ""Securities exchanges""]","[""AI in financial services"", ""Bank regulation"", ""Capital markets regulation"", ""Consumer financial protection"", ""Digital asset regulation"", ""Financial regulation"", ""Fintech policy""]","[""House Committee on Financial Services"", ""House Committee on Oversight and Government Reform""]","[""Capital Markets"", ""Delivering on Government Efficiency"", ""Digital Assets, Financial Technology, and Artificial Intelligence"", ""Financial Institutions"", ""Military and Foreign Affairs""]",https://lynch.house.gov
C001068,Steve Cohen,House,Democrat,TN,9,"[""Cybersecurity"", ""Defense communications"", ""Defense electronics"", ""Satellite communications"", ""Space systems""]","[""Classified intelligence"", ""Cyber intelligence"", ""National security""]","[""House Committee on the Judiciary"", ""House Permanent Select Committee on Intelligence""]","[""Crime and Federal Government Surveillance"", ""Immigration Integrity, Security, and Enforcement"", ""National Security Agency and Cyber"", ""Open Source Intelligence"", ""The Constitution and Limited Government""]",https://cohen.house.gov
S001176,Steve Scalise,House,Republican,LA,1,[],[],[],[],https://scalise.house.gov
W000809,Steve Womack,House,Republican,AR,3,"[""Asset management"", ""Banking"", ""Commercial aerospace"", ""Consumer finance"", ""Defense aerospace"", ""Defense electronics"", ""Defense systems"", ""Defense technology"", ""Fintech"", ""Infrastructure construction"", ""Insurance"", ""Military drones"", ""Missile systems"", ""Multifamily residential REIT"", ""Rail equipment"", ""Residential real estate"", ""Securities exchanges"", ""Transportation infrastructure""]","[""Defense appropriations"", ""Federal appropriations"", ""Financial regulation appropriations"", ""Housing policy"", ""Military procurement"", ""Transportation funding""]","[""House Committee on Appropriations""]","[""Defense"", ""Financial Services and General Government"", ""Transportation, Housing and Urban Development, and Related Agencies""]",https://womack.house.gov
H001066,Steven Horsford,House,Democrat,NV,4,"[""Biotechnology"", ""Health insurance"", ""Healthcare services"", ""Healthcare software"", ""Managed care"", ""Medical devices"", ""Medical diagnostics"", ""Pharmaceuticals""]","[""FDA policy"", ""Health insurance policy"", ""Health tax policy"", ""Medicare policy"", ""Public health policy""]","[""House Committee on Ways and Means""]","[""Health"", ""Social Security""]",https://horsford.house.gov
S001230,Suhas Subramanyam,House,Democrat,VA,10,"[""Advanced materials"", ""Artificial intelligence"", ""Battery storage"", ""Clean energy"", ""Commercial aerospace"", ""Electric utilities"", ""Hydrogen energy"", ""Integrated oil & gas"", ""Natural-gas exploration & production"", ""Nuclear power"", ""Oil & gas pipelines"", ""Power generation"", ""Power transmission"", ""Quantum technology"", ""Robotics & AI"", ""Semiconductors"", ""Solar energy"", ""Space launch"", ""Space systems"", ""Wind energy""]","[""Emerging technology"", ""Energy infrastructure"", ""Energy regulation"", ""Energy research"", ""Federal R&D"", ""Grid reliability"", ""Science policy"", ""Space policy"", ""Technology policy""]","[""House Committee on Ethics"", ""House Committee on Oversight and Government Reform"", ""House Committee on Science, Space, and Technology""]","[""Cybersecurity, Information Technology, and Government Innovation"", ""Delivering on Government Efficiency"", ""Energy"", ""Military and Foreign Affairs"", ""Research and Technology""]",https://subramanyam.house.gov
L000602,Summer L. Lee,House,Democrat,PA,12,[],[],"[""House Committee on Education and Workforce"", ""House Committee on the Judiciary""]","[""Early Childhood, Elementary, and Secondary Education"", ""Health, Employment, Labor, and Pensions"", ""Immigration Integrity, Security, and Enforcement"", ""The Constitution and Limited Government""]",https://summerlee.house.gov
L000590,Susie Lee,House,Democrat,NV,3,"[""Defense aerospace"", ""Defense electronics"", ""Defense systems"", ""Defense technology"", ""Electric utilities"", ""Electric-grid infrastructure"", ""Forestry"", ""Gold"", ""Hydrogen energy"", ""Iron ore"", ""Military drones"", ""Mining royalties"", ""Missile systems"", ""Natural-gas exploration & production"", ""Nuclear power"", ""Nuclear technology"", ""Oil exploration & production"", ""Silver"", ""Solar energy"", ""Specialty minerals"", ""Water infrastructure"", ""Water utilities"", ""Wind energy""]","[""Defense appropriations"", ""Energy appropriations"", ""Federal appropriations"", ""Federal energy resources"", ""Military procurement"", ""Mining policy"", ""Natural resources policy"", ""Public lands"", ""Water infrastructure funding""]","[""House Committee on Appropriations"", ""House Committee on Natural Resources""]","[""Defense"", ""Energy and Mineral Resources"", ""Energy and Water Development and Related Agencies"", ""Federal Lands""]",https://susielee.house.gov
D000617,Suzan K. DelBene,House,Democrat,WA,1,[],"[""Customs"", ""Tariffs"", ""Trade policy""]","[""House Committee on Ways and Means""]","[""Oversight"", ""Tax"", ""Trade""]",https://delbene.house.gov
B001278,Suzanne Bonamici,House,Democrat,OR,1,"[""Artificial intelligence"", ""Commercial aerospace"", ""Environmental services"", ""Hazardous-waste services"", ""Industrial pollution control"", ""Semiconductors"", ""Space launch"", ""Space systems"", ""Specialty chemicals"", ""Waste disposal"", ""Water treatment""]","[""Air quality"", ""Chemical regulation"", ""Environmental regulation"", ""Science policy"", ""Space policy"", ""Technology policy""]","[""House Committee on Education and Workforce"", ""House Committee on Science, Space, and Technology""]","[""Early Childhood, Elementary, and Secondary Education"", ""Environment"", ""Higher Education and Workforce Development"", ""Investigations and Oversight""]",https://bonamici.house.gov
K000400,Sydney Kamlager-Dove,House,Democrat,CA,37,"[""Artificial intelligence"", ""Cloud computing"", ""Digital advertising"", ""Enterprise software"", ""Semiconductors"", ""Social media""]","[""AI policy"", ""Intellectual property"", ""Internet policy""]","[""House Committee on Foreign Affairs"", ""House Committee on the Judiciary""]","[""Courts, Intellectual Property, Artificial Intelligence, and the Internet"", ""Crime and Federal Government Surveillance"", ""South and Central Asia"", ""Western Hemisphere""]",https://kamlager-dove.house.gov
G000587,Sylvia R. Garcia,House,Democrat,TX,29,"[""Artificial intelligence"", ""Asset management"", ""Banking"", ""Blockchain financial services"", ""Consumer finance"", ""Cryptocurrency exchange"", ""Digital assets"", ""Digital payments"", ""Fintech"", ""Insurance"", ""Mortgage technology"", ""Multifamily residential REIT"", ""Property & casualty insurance"", ""Residential real estate"", ""Securities exchanges""]","[""AI in financial services"", ""Digital asset regulation"", ""Financial regulation"", ""Fintech policy"", ""Housing finance"", ""Insurance regulation""]","[""House Committee on Ethics"", ""House Committee on Financial Services""]","[""Digital Assets, Financial Technology, and Artificial Intelligence"", ""Housing and Insurance""]",https://sylviagarcia.house.gov
L000582,Ted Lieu,House,Democrat,CA,36,"[""Artificial intelligence"", ""Cloud computing"", ""Digital advertising"", ""Enterprise software"", ""Semiconductors"", ""Social media""]","[""AI policy"", ""Intellectual property"", ""Internet policy""]","[""House Committee on Foreign Affairs"", ""House Committee on the Judiciary""]","[""Courts, Intellectual Property, Artificial Intelligence, and the Internet""]",https://lieu.house.gov
L000273,Teresa Leger Fernandez,House,Democrat,NM,3,"[""Forestry"", ""Mining royalties"", ""Natural-gas exploration & production"", ""Oil exploration & production"", ""Specialty minerals""]","[""Natural resources policy"", ""Public lands""]","[""House Committee on Natural Resources"", ""House Committee on Rules""]","[""Federal Lands"", ""Indian and Insular Affairs"", ""Legislative and Budget Process""]",https://fernandez.house.gov
S001185,Terri A. Sewell,House,Democrat,AL,7,[],"[""Customs"", ""Tariffs"", ""Trade policy""]","[""House Committee on House Administration"", ""House Committee on Ways and Means"", ""Joint Committee on Printing""]","[""Elections"", ""Oversight"", ""Social Security"", ""Trade""]",https://sewell.house.gov
K000398,"Thomas H. Kean, Jr.",House,Republican,NJ,7,"[""Automotive components"", ""Biotechnology"", ""Broadband & cable"", ""Consumer electronics"", ""Digital media"", ""E-commerce"", ""Fiber broadband"", ""Health insurance"", ""Healthcare services"", ""Healthcare software"", ""Industrial manufacturing"", ""Medical devices"", ""Medical diagnostics"", ""Networking equipment"", ""Pharmaceuticals"", ""Retail technology"", ""Satellite communications"", ""Telecommunications"", ""Wireless telecommunications""]","[""Broadband policy"", ""Consumer protection"", ""Energy policy"", ""FDA policy"", ""Health insurance policy"", ""Interstate commerce"", ""Manufacturing policy"", ""Public health"", ""Public health policy"", ""Spectrum policy"", ""Telecommunications policy"", ""Telecommunications regulation"", ""Trade policy""]","[""House Committee on Energy and Commerce"", ""House Committee on Foreign Affairs""]","[""Commerce, Manufacturing, and Trade"", ""Communications and Technology"", ""Health"", ""Middle East and North Africa"", ""South and Central Asia""]",https://kean.house.gov
M001184,Thomas Massie,House,Republican,KY,4,"[""Aerospace systems"", ""Air freight"", ""Aircraft manufacturing"", ""Artificial intelligence"", ""Cloud computing"", ""Commercial aerospace"", ""Digital advertising"", ""Enterprise software"", ""Environmental services"", ""Infrastructure construction"", ""Passenger airlines"", ""Semiconductors"", ""Social media"", ""Transit systems"", ""Transportation infrastructure"", ""Wastewater services"", ""Water infrastructure"", ""Water treatment""]","[""AI policy"", ""Aviation safety"", ""Environmental infrastructure"", ""FAA policy"", ""Highway policy"", ""Infrastructure policy"", ""Intellectual property"", ""Internet policy"", ""Public transit"", ""Transportation policy"", ""Water resources""]","[""House Committee on Transportation and Infrastructure"", ""House Committee on the Judiciary""]","[""Aviation"", ""Courts, Intellectual Property, Artificial Intelligence, and the Internet"", ""Highways and Transit"", ""The Constitution and Limited Government"", ""Water Resources and Environment""]",https://massie.house.gov
T000165,Thomas P. Tiffany,House,Republican,WI,7,"[""Forestry"", ""Gold"", ""Iron ore"", ""Mining royalties"", ""Natural-gas exploration & production"", ""Oil exploration & production"", ""Silver"", ""Specialty minerals""]","[""Federal energy resources"", ""Mining policy"", ""Natural resources policy"", ""Public lands""]","[""House Committee on Natural Resources"", ""House Committee on the Judiciary""]","[""Crime and Federal Government Surveillance"", ""Energy and Mineral Resources"", ""Federal Lands"", ""Immigration Integrity, Security, and Enforcement""]",https://tiffany.house.gov
S001201,Thomas R. Suozzi,House,Democrat,NY,3,[],[],"[""House Committee on Ways and Means"", ""House Select Committee on the Strategic Competition Between the United States and the Chinese Communist Party""]","[""Oversight"", ""Tax""]",https://suozzi.house.gov
B001309,Tim Burchett,House,Republican,TN,2,"[""Aerospace systems"", ""Air freight"", ""Aircraft manufacturing"", ""Commercial aerospace"", ""Hazardous-waste services"", ""Infrastructure construction"", ""Oil & gas pipelines"", ""Passenger airlines"", ""Pipeline construction"", ""Rail equipment"", ""Rail technology"", ""Transit systems"", ""Transportation infrastructure""]","[""Aviation safety"", ""FAA policy"", ""Hazardous materials"", ""Highway policy"", ""Infrastructure policy"", ""Pipeline safety"", ""Public transit"", ""Rail safety"", ""Transportation policy""]","[""House Committee on Foreign Affairs"", ""House Committee on Oversight and Government Reform"", ""House Committee on Transportation and Infrastructure""]","[""Aviation"", ""Delivering on Government Efficiency"", ""Government Operations"", ""Highways and Transit"", ""Middle East and North Africa"", ""Railroads, Pipelines, and Hazardous Materials"", ""South and Central Asia""]",https://burchett.house.gov
M001236,Tim Moore,House,Republican,NC,14,"[""Artificial intelligence"", ""Asset management"", ""Banking"", ""Blockchain financial services"", ""Commercial banking"", ""Consumer banking"", ""Consumer finance"", ""Credit cards"", ""Cryptocurrency exchange"", ""Digital assets"", ""Digital payments"", ""Fintech"", ""Insurance"", ""Regional banking"", ""Securities exchanges""]","[""AI in financial services"", ""Bank regulation"", ""Consumer financial protection"", ""Digital asset regulation"", ""Financial regulation"", ""Fintech policy""]","[""House Committee on Financial Services"", ""House Committee on the Budget""]","[""Digital Assets, Financial Technology, and Artificial Intelligence"", ""Financial Institutions"", ""Oversight and Investigations""]",https://timmoore.house.gov
W000798,Tim Walberg,House,Republican,MI,5,"[""Forestry"", ""Mining royalties"", ""Natural-gas exploration & production"", ""Oil exploration & production"", ""Specialty minerals"", ""Water infrastructure"", ""Water utilities""]","[""Fisheries"", ""Natural resources policy"", ""Public lands"", ""Water policy"", ""Wildlife""]","[""House Committee on Education and Workforce"", ""House Committee on Natural Resources""]","[""Indian and Insular Affairs"", ""Water, Wildlife and Fisheries""]",https://walberg.house.gov
K000402,Timothy M. Kennedy,House,Democrat,NY,26,"[""Commercial aerospace"", ""Logistics"", ""Maritime transportation"", ""Passenger airlines""]","[""Maritime security"", ""Transportation security""]","[""House Committee on Homeland Security"", ""House Committee on Veterans' Affairs""]","[""Economic Opportunity"", ""Emergency Management and Technology"", ""Oversight and Investigations"", ""Transportation and Maritime Security""]",https://kennedy.house.gov
B001321,Tom Barrett,House,Republican,MI,7,"[""Aerospace systems"", ""Air freight"", ""Aircraft manufacturing"", ""Commercial aerospace"", ""Infrastructure construction"", ""Passenger airlines"", ""Transit systems"", ""Transportation infrastructure""]","[""Aviation safety"", ""FAA policy"", ""Highway policy"", ""Infrastructure policy"", ""Public transit"", ""Transportation policy""]","[""House Committee on Transportation and Infrastructure"", ""House Committee on Veterans' Affairs""]","[""Aviation"", ""Economic Development, Public Buildings, and Emergency Management"", ""Economic Opportunity"", ""Highways and Transit"", ""Technology Modernization""]",https://barrett.house.gov
C001053,Tom Cole,House,Republican,OK,4,[],"[""Federal appropriations""]","[""House Committee on Appropriations""]",[],https://cole.house.gov
E000294,Tom Emmer,House,Republican,MN,6,"[""Artificial intelligence"", ""Asset management"", ""Banking"", ""Blockchain financial services"", ""Consumer finance"", ""Cryptocurrency exchange"", ""Digital assets"", ""Digital payments"", ""Fintech"", ""Insurance"", ""Securities exchanges""]","[""AI in financial services"", ""Digital asset regulation"", ""Financial regulation"", ""Fintech policy""]","[""House Committee on Financial Services""]","[""Digital Assets, Financial Technology, and Artificial Intelligence""]",https://emmer.house.gov
M001177,Tom McClintock,House,Republican,CA,5,"[""Forestry"", ""Mining royalties"", ""Natural-gas exploration & production"", ""Oil exploration & production"", ""Specialty minerals"", ""Water infrastructure"", ""Water utilities""]","[""Fisheries"", ""Natural resources policy"", ""Public lands"", ""Water policy"", ""Wildlife""]","[""House Committee on Natural Resources"", ""House Committee on the Budget"", ""House Committee on the Judiciary""]","[""Federal Lands"", ""Immigration Integrity, Security, and Enforcement"", ""The Constitution and Limited Government"", ""Water, Wildlife and Fisheries""]",https://mcclintock.house.gov
W000829,Tony Wied,House,Republican,WI,8,"[""Aerospace systems"", ""Agriculture"", ""Air freight"", ""Aircraft manufacturing"", ""Animal nutrition"", ""Broad commodities"", ""Commercial aerospace"", ""Environmental services"", ""Farm supplies"", ""Food brands"", ""Forestry"", ""Infrastructure construction"", ""Livestock health"", ""Packaged foods"", ""Passenger airlines"", ""Transit systems"", ""Transportation infrastructure"", ""Wastewater services"", ""Water infrastructure"", ""Water treatment""]","[""Agricultural policy"", ""Agricultural trade"", ""Aviation safety"", ""Dairy policy"", ""Environmental infrastructure"", ""FAA policy"", ""Food policy"", ""Forestry policy"", ""Highway policy"", ""Horticulture policy"", ""Infrastructure policy"", ""Livestock policy"", ""Nutrition policy"", ""Poultry policy"", ""Public transit"", ""Rural development"", ""Transportation policy"", ""Water resources""]","[""House Committee on Agriculture"", ""House Committee on Small Business"", ""House Committee on Transportation and Infrastructure""]","[""Aviation"", ""Contracting and Infrastructure"", ""Forestry and Horticulture"", ""Highways and Transit"", ""Innovation, Entrepreneurship, and Workforce Development"", ""Livestock, Dairy, and Poultry"", ""Nutrition and Foreign Agriculture"", ""Rural Development, Energy, and Supply Chains"", ""Water Resources and Environment""]",https://wied.house.gov
M000871,Tracey Mann,House,Republican,KS,1,"[""Aerospace systems"", ""Agriculture"", ""Air freight"", ""Aircraft manufacturing"", ""Animal nutrition"", ""Broad commodities"", ""Commercial aerospace"", ""Cryptocurrency exchange"", ""Derivatives"", ""Digital assets"", ""Environmental services"", ""Farm supplies"", ""Food brands"", ""Futures-based commodity exposure"", ""Hazardous-waste services"", ""Infrastructure construction"", ""Livestock health"", ""Oil & gas pipelines"", ""Packaged foods"", ""Passenger airlines"", ""Pipeline construction"", ""Rail equipment"", ""Rail technology"", ""Transportation infrastructure"", ""Wastewater services"", ""Water infrastructure"", ""Water treatment""]","[""Agricultural policy"", ""Agricultural trade"", ""Aviation safety"", ""Commodity markets"", ""Dairy policy"", ""Digital asset policy"", ""Environmental infrastructure"", ""FAA policy"", ""Food policy"", ""Hazardous materials"", ""Infrastructure policy"", ""Livestock policy"", ""Nutrition policy"", ""Pipeline safety"", ""Poultry policy"", ""Rail safety"", ""Rural development"", ""Transportation policy"", ""Water resources""]","[""House Committee on Agriculture"", ""House Committee on Transportation and Infrastructure""]","[""Aviation"", ""Commodity Markets, Digital Assets, and Rural Development"", ""Livestock, Dairy, and Poultry"", ""Nutrition and Foreign Agriculture"", ""Railroads, Pipelines, and Hazardous Materials"", ""Water Resources and Environment""]",https://mann.house.gov
K000388,Trent Kelly,House,Republican,MS,1,"[""Aerospace & defense"", ""Agriculture"", ""Animal nutrition"", ""Broad commodities"", ""Cybersecurity"", ""Defense aerospace"", ""Defense communications"", ""Defense electronics"", ""Defense systems"", ""Defense technology"", ""Farm supplies"", ""Forestry"", ""Livestock health"", ""Naval nuclear propulsion"", ""Packaged foods"", ""Satellite communications"", ""Space systems""]","[""Agricultural policy"", ""Classified intelligence"", ""Cyber intelligence"", ""Dairy policy"", ""Food policy"", ""Forestry policy"", ""Horticulture policy"", ""Livestock policy"", ""Military intelligence"", ""Military procurement"", ""National defense"", ""National security"", ""Naval procurement"", ""Poultry policy"", ""Power projection"", ""Rural development"", ""Shipbuilding"", ""Special operations""]","[""House Committee on Agriculture"", ""House Committee on Armed Services"", ""House Permanent Select Committee on Intelligence""]","[""Central Intelligence Agency"", ""Forestry and Horticulture"", ""Intelligence and Special Operations"", ""Livestock, Dairy, and Poultry"", ""National Security Agency and Cyber"", ""Seapower and Projection Forces""]",https://trentkelly.house.gov
C001125,Troy A. Carter,House,Democrat,LA,2,"[""Biotechnology"", ""Broadband & cable"", ""Commercial aerospace"", ""Digital media"", ""Environmental services"", ""Fiber broadband"", ""Hazardous-waste services"", ""Health insurance"", ""Healthcare services"", ""Healthcare software"", ""Industrial pollution control"", ""Logistics"", ""Maritime transportation"", ""Medical devices"", ""Medical diagnostics"", ""Networking equipment"", ""Passenger airlines"", ""Pharmaceuticals"", ""Satellite communications"", ""Specialty chemicals"", ""Telecommunications"", ""Waste disposal"", ""Water treatment"", ""Wireless telecommunications""]","[""Air quality"", ""Broadband policy"", ""Chemical regulation"", ""Consumer protection"", ""Energy policy"", ""Environmental regulation"", ""FDA policy"", ""Health insurance policy"", ""Interstate commerce"", ""Maritime security"", ""Public health"", ""Public health policy"", ""Spectrum policy"", ""Telecommunications policy"", ""Telecommunications regulation"", ""Transportation security""]","[""House Committee on Energy and Commerce"", ""House Committee on Homeland Security""]","[""Communications and Technology"", ""Environment"", ""Health"", ""Oversight, Investigations, and Accountability"", ""Transportation and Maritime Security""]",https://troycarter.house.gov
B001306,Troy Balderson,House,Republican,OH,12,"[""Battery storage"", ""Biotechnology"", ""Electric utilities"", ""Health insurance"", ""Healthcare services"", ""Healthcare software"", ""Hydrogen energy"", ""Integrated oil & gas"", ""Medical devices"", ""Medical diagnostics"", ""Natural-gas exploration & production"", ""Nuclear power"", ""Oil & gas pipelines"", ""Pharmaceuticals"", ""Power generation"", ""Power transmission"", ""Solar energy"", ""Wind energy""]","[""Consumer protection"", ""Energy infrastructure"", ""Energy policy"", ""Energy regulation"", ""FDA policy"", ""Grid reliability"", ""Health insurance policy"", ""Interstate commerce"", ""Public health"", ""Public health policy"", ""Telecommunications policy""]","[""House Committee on Energy and Commerce""]","[""Energy"", ""Health"", ""Oversight and Investigations""]",https://balderson.house.gov
D000634,Troy Downing,House,Republican,MT,2,"[""Artificial intelligence"", ""Asset management"", ""Banking"", ""Blockchain financial services"", ""Brokerage"", ""Consumer finance"", ""Cryptocurrency exchange"", ""Digital assets"", ""Digital payments"", ""Fintech"", ""Forestry"", ""Institutional investing"", ""Insurance"", ""Investment banking"", ""Market data"", ""Mining royalties"", ""Mortgage technology"", ""Multifamily residential REIT"", ""Natural-gas exploration & production"", ""Oil exploration & production"", ""Property & casualty insurance"", ""Residential real estate"", ""Securities exchanges"", ""Specialty minerals"", ""Water infrastructure"", ""Water utilities""]","[""AI in financial services"", ""Capital markets regulation"", ""Digital asset regulation"", ""Financial regulation"", ""Fintech policy"", ""Fisheries"", ""Housing finance"", ""Insurance regulation"", ""Natural resources policy"", ""Public lands"", ""Water policy"", ""Wildlife""]","[""House Committee on Financial Services"", ""House Committee on Natural Resources""]","[""Capital Markets"", ""Digital Assets, Financial Technology, and Artificial Intelligence"", ""Housing and Insurance"", ""Indian and Insular Affairs"", ""Water, Wildlife and Fisheries""]",https://downing.house.gov
N000026,Troy E. Nehls,House,Republican,TX,22,"[""Aerospace systems"", ""Air freight"", ""Aircraft manufacturing"", ""Commercial aerospace"", ""Hazardous-waste services"", ""Infrastructure construction"", ""Oil & gas pipelines"", ""Passenger airlines"", ""Pipeline construction"", ""Rail equipment"", ""Rail technology"", ""Transit systems"", ""Transportation infrastructure""]","[""Aviation safety"", ""FAA policy"", ""Hazardous materials"", ""Highway policy"", ""Infrastructure policy"", ""Pipeline safety"", ""Public transit"", ""Rail safety"", ""Transportation policy""]","[""House Committee on Transportation and Infrastructure"", ""House Committee on the Judiciary"", ""House Select Subcommittee to Investigate the Remaining Questions Surrounding January 6, 2021""]","[""Aviation"", ""Crime and Federal Government Surveillance"", ""Highways and Transit"", ""Immigration Integrity, Security, and Enforcement"", ""Railroads, Pipelines, and Hazardous Materials""]",https://nehls.house.gov
H001094,Val T. Hoyle,House,Democrat,OR,4,"[""Aerospace systems"", ""Air freight"", ""Aircraft manufacturing"", ""Commercial aerospace"", ""Environmental services"", ""Forestry"", ""Infrastructure construction"", ""Mining royalties"", ""Natural-gas exploration & production"", ""Oil exploration & production"", ""Passenger airlines"", ""Specialty minerals"", ""Transit systems"", ""Transportation infrastructure"", ""Wastewater services"", ""Water infrastructure"", ""Water treatment"", ""Water utilities""]","[""Aviation safety"", ""Environmental infrastructure"", ""FAA policy"", ""Fisheries"", ""Highway policy"", ""Infrastructure policy"", ""Natural resources policy"", ""Public lands"", ""Public transit"", ""Transportation policy"", ""Water policy"", ""Water resources"", ""Wildlife""]","[""House Committee on Natural Resources"", ""House Committee on Transportation and Infrastructure""]","[""Aviation"", ""Highways and Transit"", ""Indian and Insular Affairs"", ""Water Resources and Environment"", ""Water, Wildlife and Fisheries""]",https://hoyle.house.gov
F000477,Valerie P. Foushee,House,Democrat,NC,4,"[""Aerospace systems"", ""Air freight"", ""Aircraft manufacturing"", ""Artificial intelligence"", ""Battery storage"", ""Clean energy"", ""Commercial aerospace"", ""Electric utilities"", ""Hazardous-waste services"", ""Hydrogen energy"", ""Infrastructure construction"", ""Integrated oil & gas"", ""Natural-gas exploration & production"", ""Nuclear power"", ""Oil & gas pipelines"", ""Passenger airlines"", ""Pipeline construction"", ""Power generation"", ""Power transmission"", ""Rail equipment"", ""Rail technology"", ""Satellite communications"", ""Semiconductors"", ""Solar energy"", ""Space launch"", ""Space systems"", ""Transportation infrastructure"", ""Wind energy""]","[""Aviation safety"", ""Commercial space policy"", ""Energy infrastructure"", ""Energy regulation"", ""Energy research"", ""FAA policy"", ""Grid reliability"", ""Hazardous materials"", ""Infrastructure policy"", ""NASA"", ""Pipeline safety"", ""Rail safety"", ""Science policy"", ""Space policy"", ""Technology policy"", ""Transportation policy""]","[""House Committee on Science, Space, and Technology"", ""House Committee on Transportation and Infrastructure""]","[""Aviation"", ""Energy"", ""Railroads, Pipelines, and Hazardous Materials"", ""Space and Aeronautics""]",https://foushee.house.gov
B001260,Vern Buchanan,House,Republican,FL,16,"[""Biotechnology"", ""Health insurance"", ""Healthcare services"", ""Healthcare software"", ""Managed care"", ""Medical devices"", ""Medical diagnostics"", ""Pharmaceuticals""]","[""Customs"", ""FDA policy"", ""Health insurance policy"", ""Health tax policy"", ""Medicare policy"", ""Public health policy"", ""Tariffs"", ""Trade policy""]","[""House Committee on Ways and Means"", ""Joint Committee on Taxation""]","[""Health"", ""Trade""]",https://buchanan.house.gov
E000299,Veronica Escobar,House,Democrat,TX,16,"[""Cybersecurity"", ""Defense communications"", ""Defense technology"", ""Healthcare services"", ""Infrastructure construction"", ""Medical devices""]","[""Border security"", ""Federal appropriations"", ""Homeland security appropriations"", ""Military construction"", ""Veterans affairs""]","[""House Committee on Appropriations"", ""House Committee on the Budget""]","[""Homeland Security"", ""Military Construction, Veterans Affairs, and Related Agencies""]",https://escobar.house.gov
G000581,Vicente Gonzalez,House,Democrat,TX,34,"[""Asset management"", ""Banking"", ""Brokerage"", ""Consumer finance"", ""Fintech"", ""Institutional investing"", ""Insurance"", ""Investment banking"", ""Market data"", ""Securities exchanges""]","[""Capital markets regulation"", ""Financial regulation""]","[""House Committee on Financial Services""]","[""Capital Markets"", ""National Security, Illicit Finance, and International Financial Institutions""]",https://gonzalez.house.gov
S000929,Victoria Spartz,House,Republican,IN,5,[],[],"[""Joint Economic Committee""]",[],https://spartz.house.gov
F000480,Vince Fong,House,Republican,CA,20,"[""Advanced materials"", ""Aerospace systems"", ""Artificial intelligence"", ""Cloud security"", ""Commercial aerospace"", ""Cybersecurity"", ""Electric-grid infrastructure"", ""Environmental services"", ""Hazardous-waste services"", ""Identity security"", ""Infrastructure construction"", ""Oil & gas pipelines"", ""Pipeline construction"", ""Quantum technology"", ""Rail equipment"", ""Rail technology"", ""Robotics & AI"", ""Satellite communications"", ""Semiconductors"", ""Space launch"", ""Space systems"", ""Telecom infrastructure"", ""Transit systems"", ""Transportation infrastructure"", ""Wastewater services"", ""Water infrastructure"", ""Water treatment""]","[""Commercial space policy"", ""Critical infrastructure cybersecurity"", ""Emerging technology"", ""Environmental infrastructure"", ""Federal R&D"", ""Hazardous materials"", ""Highway policy"", ""Homeland security"", ""Infrastructure policy"", ""NASA"", ""Pipeline safety"", ""Public transit"", ""Rail safety"", ""Science policy"", ""Space policy"", ""Technology policy"", ""Transportation policy"", ""Water resources""]","[""House Committee on Homeland Security"", ""House Committee on Science, Space, and Technology"", ""House Committee on Transportation and Infrastructure""]","[""Cybersecurity and Infrastructure Protection"", ""Highways and Transit"", ""Railroads, Pipelines, and Hazardous Materials"", ""Research and Technology"", ""Space and Aeronautics"", ""Water Resources and Environment""]",https://fong.house.gov
F000450,Virginia Foxx,House,Republican,NC,5,[],[],"[""House Committee on Education and Workforce"", ""House Committee on Oversight and Government Reform"", ""House Committee on Rules""]","[""Government Operations"", ""Health, Employment, Labor, and Pensions""]",https://foxx.house.gov
S001214,W. Gregory Steube,House,Republican,FL,17,"[""Biotechnology"", ""Cybersecurity"", ""Defense communications"", ""Defense electronics"", ""Health insurance"", ""Healthcare services"", ""Healthcare software"", ""Managed care"", ""Medical devices"", ""Medical diagnostics"", ""Pharmaceuticals"", ""Satellite communications"", ""Space systems""]","[""Classified intelligence"", ""Customs"", ""Cyber intelligence"", ""FDA policy"", ""Health insurance policy"", ""Health tax policy"", ""Medicare policy"", ""National security"", ""Public health policy"", ""Tariffs"", ""Trade policy""]","[""House Committee on Ways and Means"", ""House Permanent Select Committee on Intelligence""]","[""Defense Intelligence and Overhead Architecture"", ""Health"", ""National Security Agency and Cyber"", ""Open Source Intelligence"", ""Trade""]",https://steube.house.gov
D000626,Warren Davidson,House,Republican,OH,8,"[""Artificial intelligence"", ""Asset management"", ""Banking"", ""Blockchain financial services"", ""Brokerage"", ""Consumer finance"", ""Cryptocurrency exchange"", ""Digital assets"", ""Digital payments"", ""Fintech"", ""Institutional investing"", ""Insurance"", ""Investment banking"", ""Market data"", ""Securities exchanges""]","[""AI in financial services"", ""Capital markets regulation"", ""Digital asset regulation"", ""Financial regulation"", ""Fintech policy""]","[""House Committee on Financial Services"", ""House Committee on Foreign Affairs""]","[""Capital Markets"", ""Digital Assets, Financial Technology, and Artificial Intelligence"", ""Europe"", ""National Security, Illicit Finance, and International Financial Institutions"", ""Oversight and Intelligence""]",https://davidson.house.gov
B001324,Wesley Bell,House,Democrat,MO,1,"[""Aerospace & defense"", ""Aircraft manufacturing"", ""Defense aerospace"", ""Defense electronics"", ""Defense systems"", ""Defense technology"", ""Military drones"", ""Military systems"", ""Missile systems"", ""Nuclear technology"", ""Space systems""]","[""Ground combat systems"", ""Military procurement"", ""Military space"", ""Missile defense"", ""National defense"", ""Nuclear deterrence"", ""Tactical aviation""]","[""House Committee on Armed Services"", ""House Committee on Foreign Affairs"", ""House Committee on Oversight and Government Reform""]","[""Federal Law Enforcement"", ""Health Care and Financial Services"", ""Strategic Forces"", ""Tactical Air and Land Forces""]",https://bell.house.gov
H001095,Wesley Hunt,House,Republican,TX,38,"[""Forestry"", ""Gold"", ""Iron ore"", ""Mining royalties"", ""Natural-gas exploration & production"", ""Oil exploration & production"", ""Silver"", ""Specialty minerals""]","[""Federal energy resources"", ""Mining policy"", ""Natural resources policy"", ""Public lands""]","[""House Committee on Natural Resources"", ""House Committee on the Judiciary""]","[""Energy and Mineral Resources"", ""Federal Lands"", ""Immigration Integrity, Security, and Enforcement"", ""The Constitution and Limited Government""]",https://hunt.house.gov
K000375,William R. Keating,House,Democrat,MA,9,"[""Aerospace & defense"", ""Artificial intelligence"", ""Cloud computing"", ""Cybersecurity"", ""Defense communications"", ""Defense electronics"", ""Defense software"", ""Defense systems"", ""Defense technology"", ""Satellite communications"", ""Space systems""]","[""Classified intelligence"", ""Defense IT"", ""Defense cybersecurity"", ""Military AI"", ""Military intelligence"", ""Military procurement"", ""National defense"", ""Special operations""]","[""House Committee on Armed Services"", ""House Committee on Foreign Affairs""]","[""Cyber, Information Technologies, and Innovation"", ""Europe"", ""Intelligence and Special Operations"", ""Middle East and North Africa""]",https://keating.house.gov
T000480,William R. Timmons IV,House,Republican,SC,4,"[""Artificial intelligence"", ""Asset management"", ""Banking"", ""Blockchain financial services"", ""Commercial banking"", ""Consumer banking"", ""Consumer finance"", ""Credit cards"", ""Cryptocurrency exchange"", ""Digital assets"", ""Digital payments"", ""Fintech"", ""Insurance"", ""Mortgage technology"", ""Multifamily residential REIT"", ""Property & casualty insurance"", ""Regional banking"", ""Residential real estate"", ""Securities exchanges""]","[""AI in financial services"", ""Bank regulation"", ""Consumer financial protection"", ""Digital asset regulation"", ""Financial regulation"", ""Fintech policy"", ""Housing finance"", ""Insurance regulation""]","[""House Committee on Financial Services"", ""House Committee on Oversight and Government Reform""]","[""Delivering on Government Efficiency"", ""Digital Assets, Financial Technology, and Artificial Intelligence"", ""Financial Institutions"", ""Housing and Insurance"", ""Military and Foreign Affairs""]",https://timmons.house.gov
A000381,Yassamin Ansari,House,Democrat,AZ,3,"[""Forestry"", ""Gold"", ""Iron ore"", ""Mining royalties"", ""Natural-gas exploration & production"", ""Oil exploration & production"", ""Silver"", ""Specialty minerals""]","[""Federal energy resources"", ""Mining policy"", ""Natural resources policy"", ""Public lands""]","[""House Committee on Natural Resources"", ""House Committee on Oversight and Government Reform""]","[""Cybersecurity, Information Technology, and Government Innovation"", ""Economic Growth, Energy Policy, and Regulatory Affairs"", ""Energy and Mineral Resources"", ""Federal Law Enforcement"", ""Oversight and Investigations""]",https://ansari.house.gov
K000397,Young Kim,House,Republican,CA,40,"[""Asset management"", ""Banking"", ""Commercial banking"", ""Consumer banking"", ""Consumer finance"", ""Credit cards"", ""Fintech"", ""Insurance"", ""Regional banking"", ""Securities exchanges""]","[""Bank regulation"", ""Consumer financial protection"", ""Financial regulation""]","[""House Committee on Financial Services"", ""House Committee on Foreign Affairs"", ""House Select Committee on the Strategic Competition Between the United States and the Chinese Communist Party""]","[""East Asia and Pacific"", ""Europe"", ""Financial Institutions"", ""National Security, Illicit Finance, and International Financial Institutions""]",https://youngkim.house.gov
C001067,Yvette D. Clarke,House,Democrat,NY,9,"[""Automotive components"", ""Broadband & cable"", ""Consumer electronics"", ""Digital media"", ""E-commerce"", ""Fiber broadband"", ""Industrial manufacturing"", ""Networking equipment"", ""Retail technology"", ""Satellite communications"", ""Telecommunications"", ""Wireless telecommunications""]","[""Broadband policy"", ""Consumer protection"", ""Energy policy"", ""Interstate commerce"", ""Manufacturing policy"", ""Public health"", ""Spectrum policy"", ""Telecommunications policy"", ""Telecommunications regulation"", ""Trade policy""]","[""House Committee on Energy and Commerce""]","[""Commerce, Manufacturing, and Trade"", ""Communications and Technology"", ""Oversight and Investigations""]",https://clarke.house.gov
N000193,Zachary Nunn,House,Republican,IA,3,"[""Agriculture"", ""Animal nutrition"", ""Artificial intelligence"", ""Asset management"", ""Banking"", ""Blockchain financial services"", ""Broad commodities"", ""Brokerage"", ""Commercial banking"", ""Consumer finance"", ""Cryptocurrency exchange"", ""Derivatives"", ""Digital assets"", ""Digital payments"", ""Farm supplies"", ""Fintech"", ""Futures-based commodity exposure"", ""Institutional investing"", ""Insurance"", ""Investment banking"", ""Market data"", ""Packaged foods"", ""Risk management"", ""Securities exchanges""]","[""AI in financial services"", ""Agricultural policy"", ""Agricultural risk management"", ""Capital markets regulation"", ""Commodity markets"", ""Digital asset policy"", ""Digital asset regulation"", ""Farm credit"", ""Financial regulation"", ""Fintech policy"", ""Food policy"", ""Rural development""]","[""House Committee on Agriculture"", ""House Committee on Financial Services"", ""House Select Committee on the Strategic Competition Between the United States and the Chinese Communist Party""]","[""Capital Markets"", ""Commodity Markets, Digital Assets, and Rural Development"", ""Digital Assets, Financial Technology, and Artificial Intelligence"", ""General Farm Commodities, Risk Management, and Credit"", ""National Security, Illicit Finance, and International Financial Institutions""]",https://nunn.house.gov
L000397,Zoe Lofgren,House,Democrat,CA,18,"[""Artificial intelligence"", ""Cloud computing"", ""Commercial aerospace"", ""Digital advertising"", ""Enterprise software"", ""Semiconductors"", ""Social media"", ""Space launch"", ""Space systems""]","[""AI policy"", ""Intellectual property"", ""Internet policy"", ""Science policy"", ""Space policy"", ""Technology policy""]","[""House Committee on Science, Space, and Technology"", ""House Committee on the Judiciary""]","[""Courts, Intellectual Property, Artificial Intelligence, and the Internet"", ""Immigration Integrity, Security, and Enforcement"", ""The Administrative State, Regulatory Reform, and Antitrust""]",https://lofgren.house.gov
S001150,Adam B. Schiff,Senate,Democrat,CA,,"[""Agriculture"", ""Animal nutrition"", ""Biotechnology"", ""Broad commodities"", ""Clean energy"", ""Derivatives"", ""Electric-grid infrastructure"", ""Farm supplies"", ""Forestry"", ""Futures-based commodity exposure"", ""Hydrogen energy"", ""Industrial pollution control"", ""Infrastructure construction"", ""Nuclear power"", ""Nuclear technology"", ""Packaged foods"", ""Risk management"", ""Solar energy"", ""Specialty minerals"", ""Transportation infrastructure"", ""Wind energy""]","[""Agricultural biotechnology"", ""Agricultural policy"", ""Agricultural trade"", ""Air quality"", ""Climate policy"", ""Commodity markets"", ""Conservation"", ""Food policy"", ""Forestry policy"", ""Infrastructure policy"", ""Nuclear safety"", ""Rural development"", ""Transportation policy""]","[""Senate Committee on Agriculture, Nutrition, and Forestry"", ""Senate Committee on Environment and Public Works"", ""Senate Committee on Small Business and Entrepreneurship"", ""Senate Committee on the Judiciary""]","[""Antitrust, Competition Policy, and Consumer Rights"", ""Clean Air, Climate, and Nuclear Innovation and Safety"", ""Commodities, Derivatives, Risk Management, and Trade"", ""Conservation, Forestry, Natural Resources, and Biotechnology"", ""Fisheries, Water, and Wildlife"", ""Intellectual Property"", ""Privacy, Technology, and the Law"", ""Transportation and Infrastructure"", ""the Constitution""]",https://www.schiff.senate.gov
A000383,Alan Armstrong,Senate,Republican,OK,,"[""Asset management"", ""Benefits administration"", ""Biotechnology"", ""HR software"", ""Health insurance"", ""Healthcare services"", ""Medical devices"", ""Payroll services"", ""Pharmaceuticals""]","[""Labor policy"", ""Pensions"", ""Public health"", ""Retirement policy"", ""Workplace safety""]","[""Senate Committee on Health, Education, Labor, and Pensions"", ""Senate Committee on Indian Affairs""]","[""Employment and Workplace Safety"", ""Primary Health and Retirement Security""]",https://www.armstrong.senate.gov
P000145,Alex Padilla,Senate,Democrat,CA,,"[""Battery storage"", ""Clean energy"", ""Electric utilities"", ""Electric-grid infrastructure"", ""Forestry"", ""Gold"", ""Hydrogen energy"", ""Industrial pollution control"", ""Infrastructure construction"", ""Integrated oil & gas"", ""Iron ore"", ""Mining royalties"", ""Natural-gas exploration & production"", ""Nuclear power"", ""Nuclear technology"", ""Oil exploration & production"", ""Power generation"", ""Power transmission"", ""Silver"", ""Solar energy"", ""Specialty minerals"", ""Transportation infrastructure"", ""Water infrastructure"", ""Water utilities"", ""Wind energy""]","[""Air quality"", ""Climate policy"", ""Energy policy"", ""Energy security"", ""Energy technology"", ""Federal power"", ""Forestry policy"", ""Grid policy"", ""Hydropower"", ""Infrastructure policy"", ""Mining policy"", ""Natural resources"", ""Nuclear safety"", ""Public lands"", ""Transportation policy"", ""Water policy""]","[""Joint Committee of Congress on the Library"", ""Joint Committee on Printing"", ""Senate Committee on Energy and Natural Resources"", ""Senate Committee on Environment and Public Works"", ""Senate Committee on Rules and Administration"", ""Senate Committee on the Budget"", ""Senate Committee on the Judiciary""]","[""Border Security and Immigration"", ""Clean Air, Climate, and Nuclear Innovation and Safety"", ""Energy"", ""Federal Courts, Oversight, Agency Action, and Federal Rights"", ""Fisheries, Water, and Wildlife"", ""Privacy, Technology, and the Law"", ""Public Lands, Forests, and Mining"", ""Transportation and Infrastructure"", ""Water and Power"", ""the Constitution""]",https://www.padilla.senate.gov
K000367,Amy Klobuchar,Senate,Democrat,MN,,"[""Agriculture"", ""Animal nutrition"", ""Artificial intelligence"", ""Bioenergy"", ""Biotechnology"", ""Broad commodities"", ""Broadband & cable"", ""Commercial banking"", ""Consumer electronics"", ""Cybersecurity"", ""Derivatives"", ""Digital advertising"", ""Digital media"", ""E-commerce"", ""Electric utilities"", ""Farm supplies"", ""Fiber broadband"", ""Food brands"", ""Forestry"", ""Freight logistics"", ""Futures-based commodity exposure"", ""Media & entertainment"", ""Natural & organic foods"", ""Oil & gas pipelines"", ""Packaged foods"", ""Pipeline construction"", ""Rail equipment"", ""Risk management"", ""Satellite communications"", ""Solar energy"", ""Specialty minerals"", ""Telecommunications"", ""Transportation infrastructure"", ""Wind energy"", ""Wireless telecommunications""]","[""Agricultural biotechnology"", ""Agricultural policy"", ""Agricultural research"", ""Agricultural trade"", ""Commodity markets"", ""Conservation"", ""Consumer protection"", ""Data privacy"", ""Food policy"", ""Forestry policy"", ""Freight policy"", ""Media policy"", ""Nutrition policy"", ""Pipeline safety"", ""Rural credit"", ""Rural development"", ""Rural energy"", ""Spectrum policy"", ""Surface transportation"", ""Technology policy"", ""Telecommunications regulation""]","[""Joint Committee of Congress on the Library"", ""Joint Economic Committee"", ""Senate Committee on Agriculture, Nutrition, and Forestry"", ""Senate Committee on Commerce, Science, and Transportation"", ""Senate Committee on Rules and Administration"", ""Senate Committee on the Judiciary""]","[""Antitrust, Competition Policy, and Consumer Rights"", ""Border Security and Immigration"", ""Commodities, Derivatives, Risk Management, and Trade"", ""Conservation, Forestry, Natural Resources, and Biotechnology"", ""Consumer Protection, Technology, and Data Privacy"", ""Crime and Counterterrorism"", ""Food and Nutrition, Specialty Crops, Organics, and Research"", ""Livestock, Dairy, Poultry, and Food Safety"", ""Privacy, Technology, and the Law"", ""Rural Development, Energy, and Credit"", ""Surface Transportation, Freight, Pipelines, and Safety"", ""Telecommunications and Media""]",https://www.klobuchar.senate.gov
K000394,Andy Kim,Senate,Democrat,NJ,,"[""Aircraft manufacturing"", ""Asset management"", ""Banking"", ""Biotechnology"", ""Broadband & cable"", ""Brokerage"", ""Commercial aerospace"", ""Commercial banking"", ""Consumer banking"", ""Consumer finance"", ""Credit cards"", ""Cross-border payments"", ""Digital media"", ""Fiber broadband"", ""Fintech"", ""Freight logistics"", ""Health insurance"", ""Healthcare services"", ""Institutional investing"", ""Insurance"", ""Investment banking"", ""Media & entertainment"", ""Medical devices"", ""Oil & gas pipelines"", ""Passenger airlines"", ""Pharmaceuticals"", ""Pipeline construction"", ""Rail equipment"", ""Regional banking"", ""Satellite communications"", ""Securities exchanges"", ""Space launch"", ""Space systems"", ""Telecommunications"", ""Transportation infrastructure"", ""Wireless telecommunications""]","[""Aviation policy"", ""Bank regulation"", ""Commercial space policy"", ""Consumer financial protection"", ""Financial regulation"", ""Freight policy"", ""Housing finance"", ""Insurance policy"", ""International finance"", ""Media policy"", ""Pensions"", ""Pipeline safety"", ""Public health"", ""Retirement policy"", ""Sanctions"", ""Securities regulation"", ""Spectrum policy"", ""Surface transportation"", ""Telecommunications regulation"", ""Trade finance""]","[""Senate Committee on Banking, Housing, and Urban Affairs"", ""Senate Committee on Commerce, Science, and Transportation"", ""Senate Committee on Health, Education, Labor, and Pensions"", ""Senate Committee on Homeland Security and Governmental Affairs"", ""Senate Special Committee on Aging""]","[""Aviation, Space, and Innovation"", ""Disaster Management, District of Columbia, and Census"", ""Education and the American Family"", ""Financial Institutions and Consumer Protection"", ""National Security and International Trade and Finance"", ""Permanent Subcommittee on Investigations"", ""Primary Health and Retirement Security"", ""Securities, Insurance, and Investment"", ""Surface Transportation, Freight, Pipelines, and Safety"", ""Telecommunications and Media""]",https://www.kim.senate.gov
A000382,Angela D. Alsobrooks,Senate,Democrat,MD,,"[""Asset management"", ""Banking"", ""Benefits administration"", ""Brokerage"", ""Commercial banking"", ""Consumer banking"", ""Consumer finance"", ""Credit cards"", ""Electric-grid infrastructure"", ""Fintech"", ""HR software"", ""Infrastructure construction"", ""Institutional investing"", ""Insurance"", ""Investment banking"", ""Mortgage technology"", ""Multifamily residential REIT"", ""Payroll services"", ""Regional banking"", ""Residential real estate"", ""Securities exchanges"", ""Transportation infrastructure""]","[""Bank regulation"", ""Community development"", ""Consumer financial protection"", ""Financial regulation"", ""Housing finance"", ""Housing policy"", ""Infrastructure policy"", ""Insurance policy"", ""Labor policy"", ""Securities regulation"", ""Transportation policy"", ""Workplace safety""]","[""Senate Committee on Banking, Housing, and Urban Affairs"", ""Senate Committee on Environment and Public Works"", ""Senate Committee on Health, Education, Labor, and Pensions"", ""Senate Special Committee on Aging""]","[""Education and the American Family"", ""Employment and Workplace Safety"", ""Financial Institutions and Consumer Protection"", ""Fisheries, Water, and Wildlife"", ""Housing, Transportation, and Community Development"", ""Securities, Insurance, and Investment"", ""Transportation and Infrastructure""]",https://www.alsobrooks.senate.gov
K000383,"Angus S. King, Jr.",Senate,Independent,ME,,"[""Aerospace & defense"", ""Aircraft manufacturing"", ""Battery storage"", ""Cybersecurity"", ""Defense aerospace"", ""Defense communications"", ""Defense electronics"", ""Defense systems"", ""Defense technology"", ""Electric utilities"", ""Forestry"", ""Gold"", ""Hydrogen energy"", ""Integrated oil & gas"", ""Iron ore"", ""Military drones"", ""Military systems"", ""Mining royalties"", ""Missile systems"", ""Natural-gas exploration & production"", ""Naval nuclear propulsion"", ""Nuclear power"", ""Nuclear technology"", ""Oil exploration & production"", ""Power generation"", ""Power transmission"", ""Satellite communications"", ""Silver"", ""Solar energy"", ""Space systems"", ""Specialty minerals"", ""Wind energy""]","[""Classified intelligence"", ""Cyber intelligence"", ""Energy policy"", ""Energy security"", ""Energy technology"", ""Forestry policy"", ""Grid policy"", ""Ground combat systems"", ""Military procurement"", ""Military space"", ""Mining policy"", ""Missile defense"", ""National defense"", ""National security"", ""Natural resources"", ""Naval procurement"", ""Nuclear deterrence"", ""Public lands"", ""Shipbuilding"", ""Tactical aviation""]","[""Senate Committee on Armed Services"", ""Senate Committee on Energy and Natural Resources"", ""Senate Committee on Veterans' Affairs"", ""Senate Select Committee on Intelligence""]","[""Airland"", ""Energy"", ""National Parks"", ""Public Lands, Forests, and Mining"", ""Seapower"", ""Strategic Forces""]",https://www.king.senate.gov
M001244,Ashley Moody,Senate,Republican,FL,,"[""Aerospace & defense"", ""Aircraft manufacturing"", ""Artificial intelligence"", ""Asset management"", ""Biotechnology"", ""Cybersecurity"", ""Defense aerospace"", ""Defense systems"", ""Defense technology"", ""Health insurance"", ""Healthcare services"", ""Medical devices"", ""Military drones"", ""Military systems"", ""Naval nuclear propulsion"", ""Pharmaceuticals"", ""Robotics & AI""]","[""Emerging defense technology"", ""Ground combat systems"", ""Military procurement"", ""National defense"", ""Naval procurement"", ""Pensions"", ""Public health"", ""Retirement policy"", ""Shipbuilding"", ""Special operations"", ""Tactical aviation""]","[""Joint Economic Committee"", ""Senate Committee on Armed Services"", ""Senate Committee on Health, Education, Labor, and Pensions"", ""Senate Committee on Homeland Security and Governmental Affairs"", ""Senate Committee on the Judiciary"", ""Senate Special Committee on Aging""]","[""Airland"", ""Antitrust, Competition Policy, and Consumer Rights"", ""Border Management, Federal Workforce, and Regulatory Affairs"", ""Border Security and Immigration"", ""Disaster Management, District of Columbia, and Census"", ""Education and the American Family"", ""Emerging Threats and Capabilities"", ""Intellectual Property"", ""Primary Health and Retirement Security"", ""Privacy, Technology, and the Law"", ""Seapower""]",https://www.moody.senate.gov
L000570,Ben Ray Luján,Senate,Democrat,NM,,"[""Agriculture"", ""Animal nutrition"", ""Artificial intelligence"", ""Bioenergy"", ""Biotechnology"", ""Broad commodities"", ""Broadband & cable"", ""Commercial banking"", ""Consumer electronics"", ""Cybersecurity"", ""Digital advertising"", ""Digital media"", ""E-commerce"", ""Electric utilities"", ""Farm supplies"", ""Fiber broadband"", ""Food brands"", ""Forestry"", ""Freight logistics"", ""Health insurance"", ""Healthcare services"", ""Infrastructure construction"", ""Integrated oil & gas"", ""Managed care"", ""Media & entertainment"", ""Medical devices"", ""Natural & organic foods"", ""Natural-gas exploration & production"", ""Nuclear power"", ""Oil & gas pipelines"", ""Packaged foods"", ""Pharmaceuticals"", ""Pipeline construction"", ""Rail equipment"", ""Satellite communications"", ""Solar energy"", ""Specialty minerals"", ""Telecommunications"", ""Transportation infrastructure"", ""Wind energy"", ""Wireless telecommunications""]","[""Agricultural biotechnology"", ""Agricultural policy"", ""Agricultural research"", ""Conservation"", ""Consumer protection"", ""Data privacy"", ""Energy tax policy"", ""Food policy"", ""Forestry policy"", ""Freight policy"", ""Health tax policy"", ""Infrastructure finance"", ""Media policy"", ""Medicaid"", ""Medicare"", ""Nutrition policy"", ""Pipeline safety"", ""Rural credit"", ""Rural development"", ""Rural energy"", ""Spectrum policy"", ""Surface transportation"", ""Technology policy"", ""Telecommunications regulation""]","[""Senate Committee on Agriculture, Nutrition, and Forestry"", ""Senate Committee on Commerce, Science, and Transportation"", ""Senate Committee on Finance"", ""Senate Committee on Indian Affairs"", ""Senate Committee on the Budget"", ""United States Senate Caucus on International Narcotics Control""]","[""Conservation, Forestry, Natural Resources, and Biotechnology"", ""Consumer Protection, Technology, and Data Privacy"", ""Energy, Natural Resources, and Infrastructure"", ""Food and Nutrition, Specialty Crops, Organics, and Research"", ""Health Care"", ""Rural Development, Energy, and Credit"", ""Surface Transportation, Freight, Pipelines, and Safety"", ""Taxation and IRS Oversight"", ""Telecommunications and Media""]",https://www.lujan.senate.gov
S000033,Bernard Sanders,Senate,Independent,VT,,"[""Asset management"", ""Benefits administration"", ""Biotechnology"", ""Clean energy"", ""Environmental services"", ""HR software"", ""Hazardous-waste services"", ""Health insurance"", ""Healthcare services"", ""Hydrogen energy"", ""Industrial pollution control"", ""Managed care"", ""Medical devices"", ""Nuclear power"", ""Nuclear technology"", ""Payroll services"", ""Pharmaceuticals"", ""Solar energy"", ""Specialty chemicals"", ""Waste disposal"", ""Wind energy""]","[""Air quality"", ""Chemical regulation"", ""Climate policy"", ""Environmental regulation"", ""Health tax policy"", ""Labor policy"", ""Medicaid"", ""Medicare"", ""Nuclear safety"", ""Pensions"", ""Public health"", ""Retirement policy"", ""Waste policy"", ""Workplace safety""]","[""Senate Committee on Environment and Public Works"", ""Senate Committee on Finance"", ""Senate Committee on Health, Education, Labor, and Pensions"", ""Senate Committee on Veterans' Affairs"", ""Senate Committee on the Budget""]","[""Chemical Safety, Waste Management, Environmental Justice, and Regulatory Oversight"", ""Clean Air, Climate, and Nuclear Innovation and Safety"", ""Education and the American Family"", ""Employment and Workplace Safety"", ""Fisheries, Water, and Wildlife"", ""Health Care"", ""Primary Health and Retirement Security"", ""Social Security, Pensions, and Family Policy"", ""Taxation and IRS Oversight""]",https://www.sanders.senate.gov
M001242,Bernie Moreno,Senate,Republican,OH,,"[""Advanced materials"", ""Artificial intelligence"", ""Asset management"", ""Banking"", ""Blockchain financial services"", ""Broadband & cable"", ""Brokerage"", ""Consumer finance"", ""Cryptocurrency exchange"", ""Digital assets"", ""Digital media"", ""Digital payments"", ""Fiber broadband"", ""Fintech"", ""Freight logistics"", ""Industrial manufacturing"", ""Institutional investing"", ""Insurance"", ""Investment banking"", ""Logistics"", ""Maritime transportation"", ""Media & entertainment"", ""Mortgage technology"", ""Multifamily residential REIT"", ""Oil & gas pipelines"", ""Pipeline construction"", ""Rail equipment"", ""Residential real estate"", ""Robotics & AI"", ""Satellite communications"", ""Securities exchanges"", ""Semiconductors"", ""Telecommunications"", ""Transportation infrastructure"", ""Wireless telecommunications""]","[""Coast Guard"", ""Community development"", ""Digital asset regulation"", ""Financial regulation"", ""Fisheries"", ""Freight policy"", ""Housing finance"", ""Housing policy"", ""Insurance policy"", ""Manufacturing policy"", ""Maritime policy"", ""Media policy"", ""Pipeline safety"", ""Science policy"", ""Securities regulation"", ""Spectrum policy"", ""Surface transportation"", ""Technology competitiveness"", ""Telecommunications regulation""]","[""Senate Committee on Banking, Housing, and Urban Affairs"", ""Senate Committee on Commerce, Science, and Transportation"", ""Senate Committee on Homeland Security and Governmental Affairs"", ""Senate Committee on the Budget"", ""United States Senate Caucus on International Narcotics Control""]","[""Border Management, Federal Workforce, and Regulatory Affairs"", ""Coast Guard, Maritime, and Fisheries"", ""Digital Assets"", ""Housing, Transportation, and Community Development"", ""Permanent Subcommittee on Investigations"", ""Science, Manufacturing, and Competitiveness"", ""Securities, Insurance, and Investment"", ""Surface Transportation, Freight, Pipelines, and Safety"", ""Telecommunications and Media""]",https://www.moreno.senate.gov
C001075,Bill Cassidy,Senate,Republican,LA,,"[""Asset management"", ""Battery storage"", ""Benefits administration"", ""Biotechnology"", ""Electric utilities"", ""HR software"", ""Health insurance"", ""Healthcare services"", ""Hydrogen energy"", ""Integrated oil & gas"", ""Managed care"", ""Medical devices"", ""Natural-gas exploration & production"", ""Nuclear power"", ""Oil exploration & production"", ""Payroll services"", ""Pharmaceuticals"", ""Power generation"", ""Power transmission"", ""Solar energy"", ""Specialty minerals"", ""Water infrastructure"", ""Water utilities"", ""Wind energy""]","[""Energy policy"", ""Energy security"", ""Energy technology"", ""Federal power"", ""Grid policy"", ""Health tax policy"", ""Hydropower"", ""Labor policy"", ""Medicaid"", ""Medicare"", ""Natural resources"", ""Pensions"", ""Public health"", ""Retirement policy"", ""Water policy"", ""Workplace safety""]","[""Senate Committee on Energy and Natural Resources"", ""Senate Committee on Finance"", ""Senate Committee on Health, Education, Labor, and Pensions"", ""Senate Committee on Veterans' Affairs""]","[""Education and the American Family"", ""Employment and Workplace Safety"", ""Energy"", ""Fiscal Responsibility and Economic Growth"", ""Health Care"", ""National Parks"", ""Primary Health and Retirement Security"", ""Taxation and IRS Oversight"", ""Water and Power""]",https://www.cassidy.senate.gov
H000601,Bill Hagerty,Senate,Republican,TN,,"[""Asset management"", ""Banking"", ""Blockchain financial services"", ""Commercial banking"", ""Consumer banking"", ""Consumer finance"", ""Credit cards"", ""Cross-border payments"", ""Cryptocurrency exchange"", ""Digital assets"", ""Digital payments"", ""Electric utilities"", ""Electric-grid infrastructure"", ""Fintech"", ""Insurance"", ""Investment banking"", ""Nuclear power"", ""Nuclear technology"", ""Regional banking"", ""Securities exchanges"", ""Solar energy"", ""Water infrastructure"", ""Wind energy""]","[""Bank regulation"", ""Consumer financial protection"", ""Digital asset regulation"", ""Energy appropriations"", ""Financial regulation"", ""Housing finance"", ""International finance"", ""Sanctions"", ""Trade finance"", ""Water infrastructure funding""]","[""Joint Committee on Printing"", ""Senate Committee on Appropriations"", ""Senate Committee on Banking, Housing, and Urban Affairs"", ""Senate Committee on Foreign Relations"", ""Senate Committee on Rules and Administration""]","[""Commerce, Justice, Science, and Related Agencies"", ""Department of Homeland Security"", ""Digital Assets"", ""Energy and Water Development"", ""Financial Institutions and Consumer Protection"", ""Financial Services and General Government"", ""Military Construction, Veterans Affairs, and Related Agencies"", ""Multilateral International Development, Multilateral Institutions, and International Economic, Energy, and Environmental Policy"", ""National Security and International Trade and Finance"", ""State Department and USAID Management, International Operations, and Bilateral International Development"", ""State, Foreign Operations, and Related Programs"", ""Western Hemisphere, Transnational Crime, Civilian Security, Democracy, Human Rights, and Global Women's Issues""]",https://www.hagerty.senate.gov
S001194,Brian Schatz,Senate,Democrat,HI,,"[""Artificial intelligence"", ""Broadband & cable"", ""Consumer electronics"", ""Cybersecurity"", ""Defense aerospace"", ""Defense electronics"", ""Defense systems"", ""Defense technology"", ""Digital advertising"", ""Digital media"", ""E-commerce"", ""Fiber broadband"", ""Freight logistics"", ""Logistics"", ""Maritime transportation"", ""Media & entertainment"", ""Military drones"", ""Missile systems"", ""Oil & gas pipelines"", ""Pipeline construction"", ""Rail equipment"", ""Satellite communications"", ""Telecommunications"", ""Transportation infrastructure"", ""Wireless telecommunications""]","[""Coast Guard"", ""Consumer protection"", ""Data privacy"", ""Defense appropriations"", ""Fisheries"", ""Freight policy"", ""Maritime policy"", ""Media policy"", ""Military procurement"", ""Pipeline safety"", ""Spectrum policy"", ""Surface transportation"", ""Technology policy"", ""Telecommunications regulation""]","[""Senate Committee on Appropriations"", ""Senate Committee on Commerce, Science, and Transportation"", ""Senate Committee on Foreign Relations"", ""Senate Committee on Indian Affairs"", ""Senate Select Committee on Ethics""]","[""Coast Guard, Maritime, and Fisheries"", ""Commerce, Justice, Science, and Related Agencies"", ""Consumer Protection, Technology, and Data Privacy"", ""Department of Defense"", ""Departments of Labor, Health and Human Services, and Education, and Related Agencies"", ""East Asia, the Pacific, and International Cybersecurity Policy"", ""Europe and Regional Security Cooperation"", ""Military Construction, Veterans Affairs, and Related Agencies"", ""Multilateral International Development, Multilateral Institutions, and International Economic, Energy, and Environmental Policy"", ""State, Foreign Operations, and Related Programs"", ""Surface Transportation, Freight, Pipelines, and Safety"", ""Telecommunications and Media"", ""Transportation, Housing and Urban Development, and Related Agencies""]",https://www.schatz.senate.gov
C001113,Catherine Cortez Masto,Senate,Democrat,NV,,"[""Asset management"", ""Banking"", ""Battery storage"", ""Biotechnology"", ""Brokerage"", ""Commercial banking"", ""Consumer banking"", ""Consumer finance"", ""Credit cards"", ""Cross-border payments"", ""Electric utilities"", ""Fintech"", ""Forestry"", ""Gold"", ""Health insurance"", ""Healthcare services"", ""Hydrogen energy"", ""Institutional investing"", ""Insurance"", ""Integrated oil & gas"", ""Investment banking"", ""Iron ore"", ""Managed care"", ""Medical devices"", ""Mining royalties"", ""Natural-gas exploration & production"", ""Nuclear power"", ""Oil exploration & production"", ""Pharmaceuticals"", ""Power generation"", ""Power transmission"", ""Regional banking"", ""Securities exchanges"", ""Silver"", ""Solar energy"", ""Specialty minerals"", ""Water infrastructure"", ""Water utilities"", ""Wind energy""]","[""Bank regulation"", ""Consumer financial protection"", ""Customs"", ""Energy policy"", ""Energy security"", ""Energy technology"", ""Federal power"", ""Financial regulation"", ""Forestry policy"", ""Grid policy"", ""Health tax policy"", ""Housing finance"", ""Hydropower"", ""Insurance policy"", ""International competitiveness"", ""International finance"", ""Medicaid"", ""Medicare"", ""Mining policy"", ""Natural resources"", ""Public lands"", ""Sanctions"", ""Securities regulation"", ""Tariffs"", ""Trade finance"", ""Trade policy"", ""Water policy""]","[""Senate Committee on Banking, Housing, and Urban Affairs"", ""Senate Committee on Energy and Natural Resources"", ""Senate Committee on Finance"", ""Senate Committee on Indian Affairs""]","[""Energy"", ""Financial Institutions and Consumer Protection"", ""Health Care"", ""International Trade, Customs, and Global Competitiveness"", ""National Security and International Trade and Finance"", ""Public Lands, Forests, and Mining"", ""Securities, Insurance, and Investment"", ""Social Security, Pensions, and Family Policy"", ""Water and Power""]",https://www.cortezmasto.senate.gov
S000148,Charles E. Schumer,Senate,Democrat,NY,,"[""Cybersecurity"", ""Defense communications"", ""Defense electronics"", ""Satellite communications"", ""Space systems""]","[""Classified intelligence"", ""Cyber intelligence"", ""National security""]","[""Senate Committee on Rules and Administration"", ""Senate Select Committee on Intelligence""]",[],https://www.schumer.senate.gov
V000128,Chris Van Hollen,Senate,Democrat,MD,,"[""Asset management"", ""Banking"", ""Blockchain financial services"", ""Consumer finance"", ""Cross-border payments"", ""Cryptocurrency exchange"", ""Digital assets"", ""Digital payments"", ""Fintech"", ""Insurance"", ""Investment banking"", ""Mortgage technology"", ""Multifamily residential REIT"", ""Residential real estate"", ""Securities exchanges"", ""Transportation infrastructure""]","[""Community development"", ""Digital asset regulation"", ""Financial regulation"", ""Housing finance"", ""Housing policy"", ""International finance"", ""Sanctions"", ""Trade finance""]","[""Senate Committee on Appropriations"", ""Senate Committee on Banking, Housing, and Urban Affairs"", ""Senate Committee on Foreign Relations"", ""Senate Committee on the Budget""]","[""Africa and Global Health Policy"", ""Commerce, Justice, Science, and Related Agencies"", ""Department of Homeland Security"", ""Department of Interior, Environment, and Related Agencies"", ""Digital Assets"", ""East Asia, the Pacific, and International Cybersecurity Policy"", ""Financial Services and General Government"", ""Housing, Transportation, and Community Development"", ""National Security and International Trade and Finance"", ""State Department and USAID Management, International Operations, and Bilateral International Development"", ""Transportation, Housing and Urban Development, and Related Agencies""]",https://www.vanhollen.senate.gov
C001088,Christopher A. Coons,Senate,Democrat,DE,,"[""Defense aerospace"", ""Defense electronics"", ""Defense systems"", ""Defense technology"", ""Electric utilities"", ""Electric-grid infrastructure"", ""Military drones"", ""Missile systems"", ""Nuclear power"", ""Nuclear technology"", ""Solar energy"", ""Water infrastructure"", ""Wind energy""]","[""Defense appropriations"", ""Energy appropriations"", ""Military procurement"", ""Water infrastructure funding""]","[""Senate Committee on Appropriations"", ""Senate Committee on Foreign Relations"", ""Senate Committee on Small Business and Entrepreneurship"", ""Senate Committee on the Judiciary"", ""Senate Select Committee on Ethics""]","[""Africa and Global Health Policy"", ""Border Security and Immigration"", ""Commerce, Justice, Science, and Related Agencies"", ""Crime and Counterterrorism"", ""Department of Defense"", ""East Asia, the Pacific, and International Cybersecurity Policy"", ""Energy and Water Development"", ""Financial Services and General Government"", ""Intellectual Property"", ""Multilateral International Development, Multilateral Institutions, and International Economic, Energy, and Environmental Policy"", ""Privacy, Technology, and the Law"", ""State Department and USAID Management, International Operations, and Bilateral International Development"", ""State, Foreign Operations, and Related Programs"", ""Transportation, Housing and Urban Development, and Related Agencies""]",https://www.coons.senate.gov
M001169,Christopher Murphy,Senate,Democrat,CT,,"[""Asset management"", ""Benefits administration"", ""Biotechnology"", ""Defense aerospace"", ""Defense electronics"", ""Defense systems"", ""Defense technology"", ""HR software"", ""Health insurance"", ""Healthcare services"", ""Medical devices"", ""Military drones"", ""Missile systems"", ""Payroll services"", ""Pharmaceuticals""]","[""Defense appropriations"", ""Labor policy"", ""Military procurement"", ""Pensions"", ""Public health"", ""Retirement policy"", ""Workplace safety""]","[""Senate Committee on Appropriations"", ""Senate Committee on Foreign Relations"", ""Senate Committee on Health, Education, Labor, and Pensions""]","[""Department of Defense"", ""Department of Homeland Security"", ""Departments of Labor, Health and Human Services, and Education, and Related Agencies"", ""Employment and Workplace Safety"", ""Europe and Regional Security Cooperation"", ""Near East, South Asia, Central Asia, and Counterterrorism"", ""Primary Health and Retirement Security"", ""State, Foreign Operations, and Related Programs"", ""Transportation, Housing and Urban Development, and Related Agencies"", ""Western Hemisphere, Transnational Crime, Civilian Security, Democracy, Human Rights, and Global Women's Issues""]",https://www.murphy.senate.gov
G000386,Chuck Grassley,Senate,Republican,IA,,"[""Agriculture"", ""Animal nutrition"", ""Bioenergy"", ""Broad commodities"", ""Commercial banking"", ""Derivatives"", ""Electric utilities"", ""Farm supplies"", ""Food brands"", ""Futures-based commodity exposure"", ""Natural & organic foods"", ""Packaged foods"", ""Risk management"", ""Solar energy"", ""Wind energy""]","[""Agricultural policy"", ""Agricultural research"", ""Agricultural trade"", ""Commodity markets"", ""Customs"", ""Food policy"", ""International competitiveness"", ""Nutrition policy"", ""Rural credit"", ""Rural development"", ""Rural energy"", ""Tariffs"", ""Trade policy""]","[""Joint Committee on Taxation"", ""Senate Committee on Agriculture, Nutrition, and Forestry"", ""Senate Committee on Finance"", ""Senate Committee on the Budget"", ""Senate Committee on the Judiciary"", ""United States Senate Caucus on International Narcotics Control""]","[""Commodities, Derivatives, Risk Management, and Trade"", ""Food and Nutrition, Specialty Crops, Organics, and Research"", ""International Trade, Customs, and Global Competitiveness"", ""Rural Development, Energy, and Credit"", ""Social Security, Pensions, and Family Policy"", ""Taxation and IRS Oversight""]",https://www.grassley.senate.gov
H001079,Cindy Hyde-Smith,Senate,Republican,MS,,"[""Agriculture"", ""Animal nutrition"", ""Battery storage"", ""Biotechnology"", ""Broad commodities"", ""Defense aerospace"", ""Defense electronics"", ""Defense systems"", ""Defense technology"", ""Derivatives"", ""Electric utilities"", ""Electric-grid infrastructure"", ""Farm supplies"", ""Forestry"", ""Futures-based commodity exposure"", ""Gold"", ""Hydrogen energy"", ""Integrated oil & gas"", ""Iron ore"", ""Military drones"", ""Mining royalties"", ""Missile systems"", ""Natural-gas exploration & production"", ""Nuclear power"", ""Nuclear technology"", ""Oil exploration & production"", ""Packaged foods"", ""Power generation"", ""Power transmission"", ""Risk management"", ""Silver"", ""Solar energy"", ""Specialty minerals"", ""Water infrastructure"", ""Wind energy""]","[""Agricultural biotechnology"", ""Agricultural policy"", ""Agricultural trade"", ""Commodity markets"", ""Conservation"", ""Defense appropriations"", ""Energy appropriations"", ""Energy policy"", ""Energy security"", ""Energy technology"", ""Food policy"", ""Forestry policy"", ""Grid policy"", ""Military procurement"", ""Mining policy"", ""Natural resources"", ""Public lands"", ""Rural development"", ""Water infrastructure funding""]","[""Joint Committee of Congress on the Library"", ""Senate Committee on Agriculture, Nutrition, and Forestry"", ""Senate Committee on Appropriations"", ""Senate Committee on Energy and Natural Resources"", ""Senate Committee on Rules and Administration""]","[""Agriculture, Rural Development, Food and Drug Administration, and Related Agencies"", ""Commodities, Derivatives, Risk Management, and Trade"", ""Conservation, Forestry, Natural Resources, and Biotechnology"", ""Department of Defense"", ""Department of Homeland Security"", ""Departments of Labor, Health and Human Services, and Education, and Related Agencies"", ""Energy"", ""Energy and Water Development"", ""Livestock, Dairy, Poultry, and Food Safety"", ""Public Lands, Forests, and Mining"", ""Transportation, Housing and Urban Development, and Related Agencies""]",https://www.hydesmith.senate.gov
B001288,Cory A. Booker,Senate,Democrat,NJ,,"[""Agriculture"", ""Animal nutrition"", ""Broad commodities"", ""Derivatives"", ""Farm supplies"", ""Food brands"", ""Futures-based commodity exposure"", ""Natural & organic foods"", ""Packaged foods"", ""Risk management""]","[""Agricultural policy"", ""Agricultural research"", ""Agricultural trade"", ""Commodity markets"", ""Food policy"", ""Nutrition policy"", ""Rural development""]","[""Senate Committee on Agriculture, Nutrition, and Forestry"", ""Senate Committee on Foreign Relations"", ""Senate Committee on Small Business and Entrepreneurship"", ""Senate Committee on the Judiciary""]","[""Africa and Global Health Policy"", ""Antitrust, Competition Policy, and Consumer Rights"", ""Border Security and Immigration"", ""Commodities, Derivatives, Risk Management, and Trade"", ""Crime and Counterterrorism"", ""Europe and Regional Security Cooperation"", ""Food and Nutrition, Specialty Crops, Organics, and Research"", ""Livestock, Dairy, Poultry, and Food Safety"", ""Near East, South Asia, Central Asia, and Counterterrorism"", ""the Constitution""]",https://www.booker.senate.gov
L000571,Cynthia M. Lummis,Senate,Republican,WY,,"[""Advanced materials"", ""Artificial intelligence"", ""Asset management"", ""Banking"", ""Blockchain financial services"", ""Broadband & cable"", ""Brokerage"", ""Clean energy"", ""Commercial banking"", ""Consumer banking"", ""Consumer electronics"", ""Consumer finance"", ""Credit cards"", ""Cryptocurrency exchange"", ""Cybersecurity"", ""Digital advertising"", ""Digital assets"", ""Digital media"", ""Digital payments"", ""E-commerce"", ""Electric-grid infrastructure"", ""Fiber broadband"", ""Fintech"", ""Hydrogen energy"", ""Industrial manufacturing"", ""Industrial pollution control"", ""Infrastructure construction"", ""Institutional investing"", ""Insurance"", ""Investment banking"", ""Media & entertainment"", ""Nuclear power"", ""Nuclear technology"", ""Regional banking"", ""Robotics & AI"", ""Satellite communications"", ""Securities exchanges"", ""Semiconductors"", ""Solar energy"", ""Telecommunications"", ""Transportation infrastructure"", ""Wind energy"", ""Wireless telecommunications""]","[""Air quality"", ""Bank regulation"", ""Climate policy"", ""Consumer financial protection"", ""Consumer protection"", ""Data privacy"", ""Digital asset regulation"", ""Financial regulation"", ""Housing finance"", ""Infrastructure policy"", ""Insurance policy"", ""Manufacturing policy"", ""Media policy"", ""Nuclear safety"", ""Science policy"", ""Securities regulation"", ""Spectrum policy"", ""Technology competitiveness"", ""Technology policy"", ""Telecommunications regulation"", ""Transportation policy""]","[""Senate Committee on Banking, Housing, and Urban Affairs"", ""Senate Committee on Commerce, Science, and Transportation"", ""Senate Committee on Environment and Public Works""]","[""Clean Air, Climate, and Nuclear Innovation and Safety"", ""Consumer Protection, Technology, and Data Privacy"", ""Digital Assets"", ""Financial Institutions and Consumer Protection"", ""Fisheries, Water, and Wildlife"", ""Science, Manufacturing, and Competitiveness"", ""Securities, Insurance, and Investment"", ""Telecommunications and Media"", ""Transportation and Infrastructure""]",https://www.lummis.senate.gov
S001198,Dan Sullivan,Senate,Republican,AK,,"[""Aerospace & defense"", ""Aircraft manufacturing"", ""Broadband & cable"", ""Defense aerospace"", ""Defense systems"", ""Defense technology"", ""Digital media"", ""Electric-grid infrastructure"", ""Environmental services"", ""Fiber broadband"", ""Freight logistics"", ""Hazardous-waste services"", ""Industrial pollution control"", ""Infrastructure construction"", ""Logistics"", ""Maritime transportation"", ""Media & entertainment"", ""Military drones"", ""Military systems"", ""Naval nuclear propulsion"", ""Oil & gas pipelines"", ""Pipeline construction"", ""Rail equipment"", ""Satellite communications"", ""Specialty chemicals"", ""Telecommunications"", ""Transportation infrastructure"", ""Waste disposal"", ""Wireless telecommunications""]","[""Chemical regulation"", ""Coast Guard"", ""Environmental regulation"", ""Fisheries"", ""Freight policy"", ""Ground combat systems"", ""Infrastructure policy"", ""Maritime policy"", ""Media policy"", ""Military procurement"", ""National defense"", ""Naval procurement"", ""Pipeline safety"", ""Shipbuilding"", ""Spectrum policy"", ""Surface transportation"", ""Tactical aviation"", ""Telecommunications regulation"", ""Transportation policy"", ""Waste policy""]","[""Senate Committee on Armed Services"", ""Senate Committee on Commerce, Science, and Transportation"", ""Senate Committee on Environment and Public Works"", ""Senate Committee on Veterans' Affairs""]","[""Airland"", ""Chemical Safety, Waste Management, Environmental Justice, and Regulatory Oversight"", ""Coast Guard, Maritime, and Fisheries"", ""Fisheries, Water, and Wildlife"", ""Readiness and Management Support"", ""Seapower"", ""Surface Transportation, Freight, Pipelines, and Safety"", ""Telecommunications and Media"", ""Transportation and Infrastructure""]",https://www.sullivan.senate.gov
G000608,Darline Graham,Senate,Republican,SC,,[],[],[],[],https://www.dgraham.senate.gov
M001243,David McCormick,Senate,Republican,PA,,"[""Asset management"", ""Banking"", ""Battery storage"", ""Blockchain financial services"", ""Consumer finance"", ""Cross-border payments"", ""Cryptocurrency exchange"", ""Digital assets"", ""Digital payments"", ""Electric utilities"", ""Fintech"", ""Hydrogen energy"", ""Insurance"", ""Integrated oil & gas"", ""Investment banking"", ""Mortgage technology"", ""Multifamily residential REIT"", ""Natural-gas exploration & production"", ""Nuclear power"", ""Oil exploration & production"", ""Power generation"", ""Power transmission"", ""Residential real estate"", ""Securities exchanges"", ""Solar energy"", ""Specialty minerals"", ""Transportation infrastructure"", ""Water infrastructure"", ""Water utilities"", ""Wind energy""]","[""Community development"", ""Digital asset regulation"", ""Energy policy"", ""Energy security"", ""Energy technology"", ""Federal power"", ""Financial regulation"", ""Grid policy"", ""Housing finance"", ""Housing policy"", ""Hydropower"", ""International finance"", ""Natural resources"", ""Sanctions"", ""Trade finance"", ""Water policy""]","[""Joint Economic Committee"", ""Senate Committee on Banking, Housing, and Urban Affairs"", ""Senate Committee on Energy and Natural Resources"", ""Senate Committee on Foreign Relations"", ""Senate Special Committee on Aging""]","[""Digital Assets"", ""East Asia, the Pacific, and International Cybersecurity Policy"", ""Energy"", ""Housing, Transportation, and Community Development"", ""Multilateral International Development, Multilateral Institutions, and International Economic, Energy, and Environmental Policy"", ""National Security and International Trade and Finance"", ""Near East, South Asia, Central Asia, and Counterterrorism"", ""Water and Power""]",https://www.mccormick.senate.gov
F000463,Deb Fischer,Senate,Republican,NE,,"[""Aerospace & defense"", ""Agriculture"", ""Aircraft manufacturing"", ""Animal nutrition"", ""Artificial intelligence"", ""Bioenergy"", ""Broad commodities"", ""Broadband & cable"", ""Commercial banking"", ""Consumer electronics"", ""Cybersecurity"", ""Defense aerospace"", ""Defense systems"", ""Defense technology"", ""Digital advertising"", ""Digital media"", ""E-commerce"", ""Electric utilities"", ""Farm supplies"", ""Fiber broadband"", ""Freight logistics"", ""Media & entertainment"", ""Military drones"", ""Military systems"", ""Missile systems"", ""Nuclear technology"", ""Oil & gas pipelines"", ""Packaged foods"", ""Pipeline construction"", ""Rail equipment"", ""Satellite communications"", ""Solar energy"", ""Space systems"", ""Telecommunications"", ""Transportation infrastructure"", ""Wind energy"", ""Wireless telecommunications""]","[""Agricultural policy"", ""Consumer protection"", ""Data privacy"", ""Food policy"", ""Freight policy"", ""Ground combat systems"", ""Media policy"", ""Military procurement"", ""Military space"", ""Missile defense"", ""National defense"", ""Nuclear deterrence"", ""Pipeline safety"", ""Rural credit"", ""Rural development"", ""Rural energy"", ""Spectrum policy"", ""Surface transportation"", ""Tactical aviation"", ""Technology policy"", ""Telecommunications regulation""]","[""Joint Committee of Congress on the Library"", ""Joint Committee on Printing"", ""Senate Committee on Agriculture, Nutrition, and Forestry"", ""Senate Committee on Appropriations"", ""Senate Committee on Armed Services"", ""Senate Committee on Commerce, Science, and Transportation"", ""Senate Committee on Rules and Administration"", ""Senate Select Committee on Ethics""]","[""Agriculture, Rural Development, Food and Drug Administration, and Related Agencies"", ""Airland"", ""Commerce, Justice, Science, and Related Agencies"", ""Consumer Protection, Technology, and Data Privacy"", ""Department of Interior, Environment, and Related Agencies"", ""Financial Services and General Government"", ""Legislative Branch"", ""Livestock, Dairy, Poultry, and Food Safety"", ""Military Construction, Veterans Affairs, and Related Agencies"", ""Readiness and Management Support"", ""Rural Development, Energy, and Credit"", ""Strategic Forces"", ""Surface Transportation, Freight, Pipelines, and Safety"", ""Telecommunications and Media""]",https://www.fischer.senate.gov
M000133,Edward J. Markey,Senate,Democrat,MA,,"[""Artificial intelligence"", ""Asset management"", ""Biotechnology"", ""Broadband & cable"", ""Clean energy"", ""Consumer electronics"", ""Cybersecurity"", ""Digital advertising"", ""Digital media"", ""E-commerce"", ""Electric-grid infrastructure"", ""Environmental services"", ""Fiber broadband"", ""Freight logistics"", ""Hazardous-waste services"", ""Health insurance"", ""Healthcare services"", ""Hydrogen energy"", ""Industrial pollution control"", ""Infrastructure construction"", ""Media & entertainment"", ""Medical devices"", ""Nuclear power"", ""Nuclear technology"", ""Oil & gas pipelines"", ""Pharmaceuticals"", ""Pipeline construction"", ""Rail equipment"", ""Satellite communications"", ""Solar energy"", ""Specialty chemicals"", ""Telecommunications"", ""Transportation infrastructure"", ""Waste disposal"", ""Wind energy"", ""Wireless telecommunications""]","[""Air quality"", ""Chemical regulation"", ""Climate policy"", ""Consumer protection"", ""Data privacy"", ""Environmental regulation"", ""Freight policy"", ""Infrastructure policy"", ""Media policy"", ""Nuclear safety"", ""Pensions"", ""Pipeline safety"", ""Public health"", ""Retirement policy"", ""Spectrum policy"", ""Surface transportation"", ""Technology policy"", ""Telecommunications regulation"", ""Transportation policy"", ""Waste policy""]","[""Senate Committee on Commerce, Science, and Transportation"", ""Senate Committee on Environment and Public Works"", ""Senate Committee on Health, Education, Labor, and Pensions"", ""Senate Committee on Small Business and Entrepreneurship""]","[""Chemical Safety, Waste Management, Environmental Justice, and Regulatory Oversight"", ""Clean Air, Climate, and Nuclear Innovation and Safety"", ""Consumer Protection, Technology, and Data Privacy"", ""Education and the American Family"", ""Primary Health and Retirement Security"", ""Surface Transportation, Freight, Pipelines, and Safety"", ""Telecommunications and Media"", ""Transportation and Infrastructure""]",https://www.markey.senate.gov
S001208,Elissa Slotkin,Senate,Democrat,MI,,"[""Aerospace & defense"", ""Agriculture"", ""Aircraft manufacturing"", ""Animal nutrition"", ""Artificial intelligence"", ""Broad commodities"", ""Cloud security"", ""Cybersecurity"", ""Defense aerospace"", ""Defense software"", ""Defense systems"", ""Defense technology"", ""Derivatives"", ""Farm supplies"", ""Futures-based commodity exposure"", ""Military drones"", ""Military systems"", ""Packaged foods"", ""Risk management"", ""Robotics & AI""]","[""Agricultural policy"", ""Agricultural trade"", ""Commodity markets"", ""Cyber operations"", ""Defense cybersecurity"", ""Emerging defense technology"", ""Food policy"", ""Ground combat systems"", ""Military procurement"", ""National defense"", ""Rural development"", ""Special operations"", ""Tactical aviation""]","[""Senate Committee on Agriculture, Nutrition, and Forestry"", ""Senate Committee on Armed Services"", ""Senate Committee on Homeland Security and Governmental Affairs"", ""Senate Committee on Veterans' Affairs""]","[""Airland"", ""Border Management, Federal Workforce, and Regulatory Affairs"", ""Commodities, Derivatives, Risk Management, and Trade"", ""Cybersecurity"", ""Disaster Management, District of Columbia, and Census"", ""Emerging Threats and Capabilities"", ""Livestock, Dairy, Poultry, and Food Safety""]",https://www.slotkin.senate.gov
W000817,Elizabeth Warren,Senate,Democrat,MA,,"[""Aerospace & defense"", ""Asset management"", ""Banking"", ""Biotechnology"", ""Blockchain financial services"", ""Brokerage"", ""Commercial banking"", ""Consumer banking"", ""Consumer finance"", ""Credit cards"", ""Cross-border payments"", ""Cryptocurrency exchange"", ""Defense systems"", ""Defense technology"", ""Digital assets"", ""Digital payments"", ""Fintech"", ""Health insurance"", ""Healthcare services"", ""Institutional investing"", ""Insurance"", ""Investment banking"", ""Managed care"", ""Medical devices"", ""Missile systems"", ""Mortgage technology"", ""Multifamily residential REIT"", ""Nuclear technology"", ""Pharmaceuticals"", ""Regional banking"", ""Residential real estate"", ""Securities exchanges"", ""Space systems"", ""Transportation infrastructure""]","[""Bank regulation"", ""Community development"", ""Consumer financial protection"", ""Customs"", ""Digital asset regulation"", ""Financial regulation"", ""Health tax policy"", ""Housing finance"", ""Housing policy"", ""Insurance policy"", ""International competitiveness"", ""International finance"", ""Medicaid"", ""Medicare"", ""Military procurement"", ""Military space"", ""Missile defense"", ""National defense"", ""Nuclear deterrence"", ""Sanctions"", ""Securities regulation"", ""Tariffs"", ""Trade finance"", ""Trade policy""]","[""Senate Committee on Armed Services"", ""Senate Committee on Banking, Housing, and Urban Affairs"", ""Senate Committee on Finance"", ""Senate Special Committee on Aging""]","[""Digital Assets"", ""Economic Policy"", ""Financial Institutions and Consumer Protection"", ""Health Care"", ""Housing, Transportation, and Community Development"", ""International Trade, Customs, and Global Competitiveness"", ""National Security and International Trade and Finance"", ""Personnel"", ""Readiness and Management Support"", ""Securities, Insurance, and Investment"", ""Strategic Forces"", ""Taxation and IRS Oversight""]",https://www.warren.senate.gov
S001227,Eric Schmitt,Senate,Republican,MO,,"[""Advanced materials"", ""Aerospace & defense"", ""Aircraft manufacturing"", ""Artificial intelligence"", ""Broadband & cable"", ""Cloud security"", ""Commercial aerospace"", ""Cybersecurity"", ""Defense aerospace"", ""Defense software"", ""Defense systems"", ""Defense technology"", ""Digital media"", ""Fiber broadband"", ""Freight logistics"", ""Industrial manufacturing"", ""Media & entertainment"", ""Military drones"", ""Military systems"", ""Oil & gas pipelines"", ""Passenger airlines"", ""Pipeline construction"", ""Rail equipment"", ""Robotics & AI"", ""Satellite communications"", ""Semiconductors"", ""Space launch"", ""Space systems"", ""Telecommunications"", ""Transportation infrastructure"", ""Wireless telecommunications""]","[""Aviation policy"", ""Commercial space policy"", ""Cyber operations"", ""Defense cybersecurity"", ""Emerging defense technology"", ""Freight policy"", ""Ground combat systems"", ""Manufacturing policy"", ""Media policy"", ""Military procurement"", ""National defense"", ""Pipeline safety"", ""Science policy"", ""Special operations"", ""Spectrum policy"", ""Surface transportation"", ""Tactical aviation"", ""Technology competitiveness"", ""Telecommunications regulation""]","[""Joint Economic Committee"", ""Senate Committee on Armed Services"", ""Senate Committee on Commerce, Science, and Transportation"", ""Senate Committee on the Judiciary""]","[""Airland"", ""Antitrust, Competition Policy, and Consumer Rights"", ""Aviation, Space, and Innovation"", ""Cybersecurity"", ""Emerging Threats and Capabilities"", ""Federal Courts, Oversight, Agency Action, and Federal Rights"", ""Intellectual Property"", ""Readiness and Management Support"", ""Science, Manufacturing, and Competitiveness"", ""Surface Transportation, Freight, Pipelines, and Safety"", ""Telecommunications and Media"", ""the Constitution""]",https://www.schmitt.senate.gov
P000595,Gary C. Peters,Senate,Democrat,MI,,"[""Advanced materials"", ""Aerospace & defense"", ""Aircraft manufacturing"", ""Artificial intelligence"", ""Broadband & cable"", ""Cloud security"", ""Cybersecurity"", ""Defense aerospace"", ""Defense software"", ""Defense systems"", ""Defense technology"", ""Digital media"", ""Electric utilities"", ""Electric-grid infrastructure"", ""Fiber broadband"", ""Freight logistics"", ""Industrial manufacturing"", ""Logistics"", ""Maritime transportation"", ""Media & entertainment"", ""Military drones"", ""Military systems"", ""Nuclear power"", ""Nuclear technology"", ""Oil & gas pipelines"", ""Pipeline construction"", ""Rail equipment"", ""Robotics & AI"", ""Satellite communications"", ""Semiconductors"", ""Solar energy"", ""Telecommunications"", ""Transportation infrastructure"", ""Water infrastructure"", ""Wind energy"", ""Wireless telecommunications""]","[""Coast Guard"", ""Cyber operations"", ""Defense cybersecurity"", ""Emerging defense technology"", ""Energy appropriations"", ""Fisheries"", ""Freight policy"", ""Ground combat systems"", ""Manufacturing policy"", ""Maritime policy"", ""Media policy"", ""Military procurement"", ""National defense"", ""Pipeline safety"", ""Science policy"", ""Special operations"", ""Spectrum policy"", ""Surface transportation"", ""Tactical aviation"", ""Technology competitiveness"", ""Telecommunications regulation"", ""Water infrastructure funding""]","[""Senate Committee on Appropriations"", ""Senate Committee on Armed Services"", ""Senate Committee on Commerce, Science, and Transportation"", ""Senate Committee on Homeland Security and Governmental Affairs""]","[""Agriculture, Rural Development, Food and Drug Administration, and Related Agencies"", ""Airland"", ""Border Management, Federal Workforce, and Regulatory Affairs"", ""Coast Guard, Maritime, and Fisheries"", ""Commerce, Justice, Science, and Related Agencies"", ""Cybersecurity"", ""Department of Homeland Security"", ""Disaster Management, District of Columbia, and Census"", ""Emerging Threats and Capabilities"", ""Energy and Water Development"", ""Military Construction, Veterans Affairs, and Related Agencies"", ""Permanent Subcommittee on Investigations"", ""Science, Manufacturing, and Competitiveness"", ""Surface Transportation, Freight, Pipelines, and Safety"", ""Telecommunications and Media""]",https://www.peters.senate.gov
R000122,Jack Reed,Senate,Democrat,RI,,"[""Aerospace & defense"", ""Aircraft manufacturing"", ""Artificial intelligence"", ""Asset management"", ""Banking"", ""Brokerage"", ""Cloud security"", ""Commercial banking"", ""Consumer banking"", ""Consumer finance"", ""Credit cards"", ""Cybersecurity"", ""Defense aerospace"", ""Defense communications"", ""Defense electronics"", ""Defense software"", ""Defense systems"", ""Defense technology"", ""Fintech"", ""Institutional investing"", ""Insurance"", ""Investment banking"", ""Military drones"", ""Military systems"", ""Missile systems"", ""Naval nuclear propulsion"", ""Nuclear technology"", ""Regional banking"", ""Robotics & AI"", ""Satellite communications"", ""Securities exchanges"", ""Space systems""]","[""Bank regulation"", ""Classified intelligence"", ""Consumer financial protection"", ""Cyber intelligence"", ""Cyber operations"", ""Defense appropriations"", ""Defense cybersecurity"", ""Emerging defense technology"", ""Financial regulation"", ""Ground combat systems"", ""Housing finance"", ""Insurance policy"", ""Military procurement"", ""Military space"", ""Missile defense"", ""National defense"", ""National security"", ""Naval procurement"", ""Nuclear deterrence"", ""Securities regulation"", ""Shipbuilding"", ""Special operations"", ""Tactical aviation""]","[""Senate Committee on Appropriations"", ""Senate Committee on Armed Services"", ""Senate Committee on Banking, Housing, and Urban Affairs"", ""Senate Select Committee on Intelligence""]","[""Airland"", ""Commerce, Justice, Science, and Related Agencies"", ""Cybersecurity"", ""Department of Defense"", ""Departments of Labor, Health and Human Services, and Education, and Related Agencies"", ""Economic Policy"", ""Emerging Threats and Capabilities"", ""Financial Institutions and Consumer Protection"", ""Financial Services and General Government"", ""Military Construction, Veterans Affairs, and Related Agencies"", ""Personnel"", ""Readiness and Management Support"", ""Seapower"", ""Securities, Insurance, and Investment"", ""Strategic Forces"", ""Transportation, Housing and Urban Development, and Related Agencies""]",https://www.reed.senate.gov
R000608,Jacky Rosen,Senate,Democrat,NV,,"[""Advanced materials"", ""Aerospace & defense"", ""Aircraft manufacturing"", ""Artificial intelligence"", ""Broadband & cable"", ""Cloud security"", ""Commercial aerospace"", ""Cybersecurity"", ""Defense software"", ""Defense systems"", ""Defense technology"", ""Digital media"", ""Fiber broadband"", ""Industrial manufacturing"", ""Media & entertainment"", ""Military drones"", ""Missile systems"", ""Nuclear technology"", ""Passenger airlines"", ""Robotics & AI"", ""Satellite communications"", ""Semiconductors"", ""Space launch"", ""Space systems"", ""Telecommunications"", ""Wireless telecommunications""]","[""Aviation policy"", ""Commercial space policy"", ""Cyber operations"", ""Defense cybersecurity"", ""Emerging defense technology"", ""Manufacturing policy"", ""Media policy"", ""Military procurement"", ""Military space"", ""Missile defense"", ""National defense"", ""Nuclear deterrence"", ""Science policy"", ""Special operations"", ""Spectrum policy"", ""Technology competitiveness"", ""Telecommunications regulation""]","[""Senate Committee on Armed Services"", ""Senate Committee on Commerce, Science, and Transportation"", ""Senate Committee on Foreign Relations"", ""Senate Committee on Small Business and Entrepreneurship""]","[""Aviation, Space, and Innovation"", ""Cybersecurity"", ""Emerging Threats and Capabilities"", ""Multilateral International Development, Multilateral Institutions, and International Economic, Energy, and Environmental Policy"", ""Near East, South Asia, Central Asia, and Counterterrorism"", ""Science, Manufacturing, and Competitiveness"", ""Strategic Forces"", ""Telecommunications and Media"", ""Western Hemisphere, Transnational Crime, Civilian Security, Democracy, Human Rights, and Global Women's Issues""]",https://www.rosen.senate.gov
J000312,James C. Justice,Senate,Republican,WV,,"[""Agriculture"", ""Animal nutrition"", ""Battery storage"", ""Biotechnology"", ""Broad commodities"", ""Electric utilities"", ""Farm supplies"", ""Food brands"", ""Forestry"", ""Gold"", ""Hydrogen energy"", ""Integrated oil & gas"", ""Iron ore"", ""Mining royalties"", ""Natural & organic foods"", ""Natural-gas exploration & production"", ""Nuclear power"", ""Oil exploration & production"", ""Packaged foods"", ""Power generation"", ""Power transmission"", ""Silver"", ""Solar energy"", ""Specialty minerals"", ""Water infrastructure"", ""Water utilities"", ""Wind energy""]","[""Agricultural biotechnology"", ""Agricultural policy"", ""Agricultural research"", ""Conservation"", ""Energy policy"", ""Energy security"", ""Energy technology"", ""Federal power"", ""Food policy"", ""Forestry policy"", ""Grid policy"", ""Hydropower"", ""Mining policy"", ""Natural resources"", ""Nutrition policy"", ""Public lands"", ""Rural development"", ""Water policy""]","[""Senate Committee on Agriculture, Nutrition, and Forestry"", ""Senate Committee on Energy and Natural Resources"", ""Senate Committee on Small Business and Entrepreneurship"", ""Senate Special Committee on Aging""]","[""Conservation, Forestry, Natural Resources, and Biotechnology"", ""Energy"", ""Food and Nutrition, Specialty Crops, Organics, and Research"", ""Livestock, Dairy, Poultry, and Food Safety"", ""Public Lands, Forests, and Mining"", ""Water and Power""]",https://www.justice.senate.gov
R000584,James E. Risch,Senate,Republican,ID,,"[""Battery storage"", ""Cybersecurity"", ""Defense communications"", ""Defense electronics"", ""Electric utilities"", ""Forestry"", ""Gold"", ""Hydrogen energy"", ""Integrated oil & gas"", ""Iron ore"", ""Mining royalties"", ""Natural-gas exploration & production"", ""Nuclear power"", ""Oil exploration & production"", ""Power generation"", ""Power transmission"", ""Satellite communications"", ""Silver"", ""Solar energy"", ""Space systems"", ""Specialty minerals"", ""Water infrastructure"", ""Water utilities"", ""Wind energy""]","[""Classified intelligence"", ""Cyber intelligence"", ""Energy policy"", ""Energy security"", ""Energy technology"", ""Federal power"", ""Forestry policy"", ""Grid policy"", ""Hydropower"", ""Mining policy"", ""National security"", ""Natural resources"", ""Public lands"", ""Water policy""]","[""Senate Committee on Energy and Natural Resources"", ""Senate Committee on Foreign Relations"", ""Senate Committee on Small Business and Entrepreneurship"", ""Senate Select Committee on Ethics"", ""Senate Select Committee on Intelligence"", ""United States Senate Caucus on International Narcotics Control""]","[""Africa and Global Health Policy"", ""East Asia, the Pacific, and International Cybersecurity Policy"", ""Energy"", ""Europe and Regional Security Cooperation"", ""Multilateral International Development, Multilateral Institutions, and International Economic, Energy, and Environmental Policy"", ""Near East, South Asia, Central Asia, and Counterterrorism"", ""Public Lands, Forests, and Mining"", ""State Department and USAID Management, International Operations, and Bilateral International Development"", ""Water and Power"", ""Western Hemisphere, Transnational Crime, Civilian Security, Democracy, Human Rights, and Global Women's Issues""]",https://www.risch.senate.gov
L000575,James Lankford,Senate,Republican,OK,,"[""Biotechnology"", ""Cybersecurity"", ""Defense communications"", ""Defense electronics"", ""Electric utilities"", ""Health insurance"", ""Healthcare services"", ""Infrastructure construction"", ""Integrated oil & gas"", ""Managed care"", ""Medical devices"", ""Natural-gas exploration & production"", ""Nuclear power"", ""Pharmaceuticals"", ""Satellite communications"", ""Solar energy"", ""Space systems"", ""Wind energy""]","[""Classified intelligence"", ""Cyber intelligence"", ""Energy tax policy"", ""Health tax policy"", ""Infrastructure finance"", ""Medicaid"", ""Medicare"", ""National security""]","[""Senate Committee on Finance"", ""Senate Committee on Homeland Security and Governmental Affairs"", ""Senate Select Committee on Ethics"", ""Senate Select Committee on Intelligence""]","[""Border Management, Federal Workforce, and Regulatory Affairs"", ""Energy, Natural Resources, and Infrastructure"", ""Health Care"", ""Permanent Subcommittee on Investigations"", ""Taxation and IRS Oversight""]",https://www.lankford.senate.gov
S001181,Jeanne Shaheen,Senate,Democrat,NH,,"[""Aerospace & defense"", ""Artificial intelligence"", ""Cybersecurity"", ""Defense aerospace"", ""Defense electronics"", ""Defense systems"", ""Defense technology"", ""Military drones"", ""Missile systems"", ""Naval nuclear propulsion"", ""Robotics & AI""]","[""Defense appropriations"", ""Emerging defense technology"", ""Military procurement"", ""National defense"", ""Naval procurement"", ""Shipbuilding"", ""Special operations""]","[""Commission on Security and Cooperation in Europe"", ""Senate Committee on Appropriations"", ""Senate Committee on Armed Services"", ""Senate Committee on Foreign Relations"", ""Senate Committee on Small Business and Entrepreneurship"", ""Senate Select Committee on Ethics""]","[""Africa and Global Health Policy"", ""Agriculture, Rural Development, Food and Drug Administration, and Related Agencies"", ""Commerce, Justice, Science, and Related Agencies"", ""Department of Defense"", ""Department of Homeland Security"", ""Departments of Labor, Health and Human Services, and Education, and Related Agencies"", ""East Asia, the Pacific, and International Cybersecurity Policy"", ""Emerging Threats and Capabilities"", ""Europe and Regional Security Cooperation"", ""Multilateral International Development, Multilateral Institutions, and International Economic, Energy, and Environmental Policy"", ""Near East, South Asia, Central Asia, and Counterterrorism"", ""Readiness and Management Support"", ""Seapower"", ""State Department and USAID Management, International Operations, and Bilateral International Development"", ""State, Foreign Operations, and Related Programs"", ""Western Hemisphere, Transnational Crime, Civilian Security, Democracy, Human Rights, and Global Women's Issues""]",https://www.shaheen.senate.gov
M001176,Jeff Merkley,Senate,Democrat,OR,,"[""Clean energy"", ""Electric utilities"", ""Electric-grid infrastructure"", ""Environmental services"", ""Hazardous-waste services"", ""Hydrogen energy"", ""Industrial pollution control"", ""Infrastructure construction"", ""Nuclear power"", ""Nuclear technology"", ""Solar energy"", ""Specialty chemicals"", ""Transportation infrastructure"", ""Waste disposal"", ""Water infrastructure"", ""Wind energy""]","[""Air quality"", ""Chemical regulation"", ""Climate policy"", ""Energy appropriations"", ""Environmental regulation"", ""Infrastructure policy"", ""Nuclear safety"", ""Transportation policy"", ""Waste policy"", ""Water infrastructure funding""]","[""Joint Committee on Printing"", ""Senate Committee on Appropriations"", ""Senate Committee on Environment and Public Works"", ""Senate Committee on Foreign Relations"", ""Senate Committee on Rules and Administration"", ""Senate Committee on the Budget""]","[""Africa and Global Health Policy"", ""Agriculture, Rural Development, Food and Drug Administration, and Related Agencies"", ""Chemical Safety, Waste Management, Environmental Justice, and Regulatory Oversight"", ""Clean Air, Climate, and Nuclear Innovation and Safety"", ""Commerce, Justice, Science, and Related Agencies"", ""Department of Interior, Environment, and Related Agencies"", ""Departments of Labor, Health and Human Services, and Education, and Related Agencies"", ""East Asia, the Pacific, and International Cybersecurity Policy"", ""Energy and Water Development"", ""State, Foreign Operations, and Related Programs"", ""Transportation and Infrastructure"", ""Western Hemisphere, Transnational Crime, Civilian Security, Democracy, Human Rights, and Global Women's Issues""]",https://www.merkley.senate.gov
M000934,Jerry Moran,Senate,Republican,KS,,"[""Agriculture"", ""Aircraft manufacturing"", ""Animal nutrition"", ""Artificial intelligence"", ""Bioenergy"", ""Broad commodities"", ""Broadband & cable"", ""Commercial aerospace"", ""Commercial banking"", ""Consumer electronics"", ""Cybersecurity"", ""Defense aerospace"", ""Defense communications"", ""Defense electronics"", ""Defense systems"", ""Defense technology"", ""Derivatives"", ""Digital advertising"", ""Digital media"", ""E-commerce"", ""Electric utilities"", ""Farm supplies"", ""Fiber broadband"", ""Futures-based commodity exposure"", ""Media & entertainment"", ""Military drones"", ""Missile systems"", ""Packaged foods"", ""Passenger airlines"", ""Risk management"", ""Satellite communications"", ""Solar energy"", ""Space launch"", ""Space systems"", ""Telecommunications"", ""Wind energy"", ""Wireless telecommunications""]","[""Agricultural policy"", ""Agricultural trade"", ""Aviation policy"", ""Classified intelligence"", ""Commercial space policy"", ""Commodity markets"", ""Consumer protection"", ""Cyber intelligence"", ""Data privacy"", ""Defense appropriations"", ""Food policy"", ""Media policy"", ""Military procurement"", ""National security"", ""Rural credit"", ""Rural development"", ""Rural energy"", ""Spectrum policy"", ""Technology policy"", ""Telecommunications regulation""]","[""Senate Committee on Agriculture, Nutrition, and Forestry"", ""Senate Committee on Appropriations"", ""Senate Committee on Commerce, Science, and Transportation"", ""Senate Committee on Indian Affairs"", ""Senate Committee on Veterans' Affairs"", ""Senate Select Committee on Intelligence""]","[""Agriculture, Rural Development, Food and Drug Administration, and Related Agencies"", ""Aviation, Space, and Innovation"", ""Commerce, Justice, Science, and Related Agencies"", ""Commodities, Derivatives, Risk Management, and Trade"", ""Consumer Protection, Technology, and Data Privacy"", ""Department of Defense"", ""Departments of Labor, Health and Human Services, and Education, and Related Agencies"", ""Rural Development, Energy, and Credit"", ""State, Foreign Operations, and Related Programs"", ""Telecommunications and Media"", ""Transportation, Housing and Urban Development, and Related Agencies""]",https://www.moran.senate.gov
B001299,Jim Banks,Senate,Republican,IN,,"[""Aerospace & defense"", ""Asset management"", ""Banking"", ""Benefits administration"", ""Biotechnology"", ""Brokerage"", ""Consumer finance"", ""Cross-border payments"", ""Defense systems"", ""Defense technology"", ""Fintech"", ""HR software"", ""Health insurance"", ""Healthcare services"", ""Institutional investing"", ""Insurance"", ""Investment banking"", ""Medical devices"", ""Missile systems"", ""Naval nuclear propulsion"", ""Nuclear technology"", ""Payroll services"", ""Pharmaceuticals"", ""Securities exchanges"", ""Space systems""]","[""Financial regulation"", ""Housing finance"", ""Insurance policy"", ""International finance"", ""Labor policy"", ""Military procurement"", ""Military space"", ""Missile defense"", ""National defense"", ""Naval procurement"", ""Nuclear deterrence"", ""Pensions"", ""Public health"", ""Retirement policy"", ""Sanctions"", ""Securities regulation"", ""Shipbuilding"", ""Trade finance"", ""Workplace safety""]","[""Senate Committee on Armed Services"", ""Senate Committee on Banking, Housing, and Urban Affairs"", ""Senate Committee on Health, Education, Labor, and Pensions"", ""Senate Committee on Veterans' Affairs""]","[""Economic Policy"", ""Education and the American Family"", ""Employment and Workplace Safety"", ""National Security and International Trade and Finance"", ""Personnel"", ""Primary Health and Retirement Security"", ""Seapower"", ""Securities, Insurance, and Investment"", ""Strategic Forces""]",https://www.banks.senate.gov
B001261,John Barrasso,Senate,Republican,WY,,"[""Battery storage"", ""Biotechnology"", ""Electric utilities"", ""Forestry"", ""Gold"", ""Health insurance"", ""Healthcare services"", ""Hydrogen energy"", ""Infrastructure construction"", ""Integrated oil & gas"", ""Iron ore"", ""Managed care"", ""Medical devices"", ""Mining royalties"", ""Natural-gas exploration & production"", ""Nuclear power"", ""Oil exploration & production"", ""Pharmaceuticals"", ""Power generation"", ""Power transmission"", ""Silver"", ""Solar energy"", ""Specialty minerals"", ""Wind energy""]","[""Energy policy"", ""Energy security"", ""Energy tax policy"", ""Energy technology"", ""Forestry policy"", ""Grid policy"", ""Health tax policy"", ""Infrastructure finance"", ""Medicaid"", ""Medicare"", ""Mining policy"", ""Natural resources"", ""Public lands""]","[""Senate Committee on Energy and Natural Resources"", ""Senate Committee on Finance"", ""Senate Committee on Foreign Relations""]","[""Africa and Global Health Policy"", ""Energy"", ""Energy, Natural Resources, and Infrastructure"", ""Europe and Regional Security Cooperation"", ""Health Care"", ""Multilateral International Development, Multilateral Institutions, and International Economic, Energy, and Environmental Policy"", ""National Parks"", ""Public Lands, Forests, and Mining"", ""State Department and USAID Management, International Operations, and Bilateral International Development"", ""Taxation and IRS Oversight""]",https://www.barrasso.senate.gov
B001236,John Boozman,Senate,Republican,AR,,"[""Agriculture"", ""Animal nutrition"", ""Bioenergy"", ""Biotechnology"", ""Broad commodities"", ""Clean energy"", ""Commercial banking"", ""Defense aerospace"", ""Defense electronics"", ""Defense systems"", ""Defense technology"", ""Derivatives"", ""Electric utilities"", ""Electric-grid infrastructure"", ""Farm supplies"", ""Food brands"", ""Forestry"", ""Futures-based commodity exposure"", ""Hydrogen energy"", ""Industrial pollution control"", ""Infrastructure construction"", ""Military drones"", ""Missile systems"", ""Natural & organic foods"", ""Nuclear power"", ""Nuclear technology"", ""Packaged foods"", ""Risk management"", ""Solar energy"", ""Specialty minerals"", ""Transportation infrastructure"", ""Wind energy""]","[""Agricultural biotechnology"", ""Agricultural policy"", ""Agricultural research"", ""Agricultural trade"", ""Air quality"", ""Climate policy"", ""Commodity markets"", ""Conservation"", ""Defense appropriations"", ""Food policy"", ""Forestry policy"", ""Infrastructure policy"", ""Military procurement"", ""Nuclear safety"", ""Nutrition policy"", ""Rural credit"", ""Rural development"", ""Rural energy"", ""Transportation policy""]","[""Commission on Security and Cooperation in Europe"", ""Senate Committee on Agriculture, Nutrition, and Forestry"", ""Senate Committee on Appropriations"", ""Senate Committee on Environment and Public Works"", ""Senate Committee on Rules and Administration"", ""Senate Committee on Veterans' Affairs""]","[""Clean Air, Climate, and Nuclear Innovation and Safety"", ""Commodities, Derivatives, Risk Management, and Trade"", ""Conservation, Forestry, Natural Resources, and Biotechnology"", ""Department of Defense"", ""Departments of Labor, Health and Human Services, and Education, and Related Agencies"", ""Financial Services and General Government"", ""Fisheries, Water, and Wildlife"", ""Food and Nutrition, Specialty Crops, Organics, and Research"", ""Livestock, Dairy, Poultry, and Food Safety"", ""Military Construction, Veterans Affairs, and Related Agencies"", ""Rural Development, Energy, and Credit"", ""State, Foreign Operations, and Related Programs"", ""Transportation and Infrastructure"", ""Transportation, Housing and Urban Development, and Related Agencies""]",https://www.boozman.senate.gov/public
C001056,John Cornyn,Senate,Republican,TX,,"[""Cybersecurity"", ""Defense communications"", ""Defense electronics"", ""Electric utilities"", ""Infrastructure construction"", ""Integrated oil & gas"", ""Natural-gas exploration & production"", ""Nuclear power"", ""Satellite communications"", ""Solar energy"", ""Space systems"", ""Wind energy""]","[""Classified intelligence"", ""Customs"", ""Cyber intelligence"", ""Energy tax policy"", ""Infrastructure finance"", ""International competitiveness"", ""National security"", ""Tariffs"", ""Trade policy""]","[""Joint Committee on Taxation"", ""Senate Committee on Finance"", ""Senate Committee on Foreign Relations"", ""Senate Committee on the Budget"", ""Senate Committee on the Judiciary"", ""Senate Select Committee on Intelligence"", ""United States Senate Caucus on International Narcotics Control""]","[""Africa and Global Health Policy"", ""Border Security and Immigration"", ""Crime and Counterterrorism"", ""East Asia, the Pacific, and International Cybersecurity Policy"", ""Energy, Natural Resources, and Infrastructure"", ""International Trade, Customs, and Global Competitiveness"", ""Privacy, Technology, and the Law"", ""Taxation and IRS Oversight"", ""Western Hemisphere, Transnational Crime, Civilian Security, Democracy, Human Rights, and Global Women's Issues"", ""the Constitution""]",https://www.cornyn.senate.gov
F000479,John Fetterman,Senate,Democrat,PA,,"[""Agriculture"", ""Aircraft manufacturing"", ""Animal nutrition"", ""Broad commodities"", ""Broadband & cable"", ""Commercial aerospace"", ""Derivatives"", ""Digital media"", ""Farm supplies"", ""Fiber broadband"", ""Food brands"", ""Futures-based commodity exposure"", ""Media & entertainment"", ""Natural & organic foods"", ""Packaged foods"", ""Passenger airlines"", ""Risk management"", ""Satellite communications"", ""Space launch"", ""Space systems"", ""Telecommunications"", ""Wireless telecommunications""]","[""Agricultural policy"", ""Agricultural research"", ""Agricultural trade"", ""Aviation policy"", ""Commercial space policy"", ""Commodity markets"", ""Food policy"", ""Media policy"", ""Nutrition policy"", ""Rural development"", ""Spectrum policy"", ""Telecommunications regulation""]","[""Commission on Security and Cooperation in Europe"", ""Senate Committee on Agriculture, Nutrition, and Forestry"", ""Senate Committee on Commerce, Science, and Transportation"", ""Senate Committee on Homeland Security and Governmental Affairs""]","[""Aviation, Space, and Innovation"", ""Border Management, Federal Workforce, and Regulatory Affairs"", ""Commodities, Derivatives, Risk Management, and Trade"", ""Food and Nutrition, Specialty Crops, Organics, and Research"", ""Permanent Subcommittee on Investigations"", ""Telecommunications and Media""]",https://www.fetterman.senate.gov
H001061,John Hoeven,Senate,Republican,ND,,"[""Agriculture"", ""Animal nutrition"", ""Battery storage"", ""Biotechnology"", ""Broad commodities"", ""Defense aerospace"", ""Defense electronics"", ""Defense systems"", ""Defense technology"", ""Electric utilities"", ""Electric-grid infrastructure"", ""Farm supplies"", ""Food brands"", ""Forestry"", ""Hydrogen energy"", ""Integrated oil & gas"", ""Military drones"", ""Missile systems"", ""Natural & organic foods"", ""Natural-gas exploration & production"", ""Nuclear power"", ""Nuclear technology"", ""Oil exploration & production"", ""Packaged foods"", ""Power generation"", ""Power transmission"", ""Solar energy"", ""Specialty minerals"", ""Water infrastructure"", ""Water utilities"", ""Wind energy""]","[""Agricultural biotechnology"", ""Agricultural policy"", ""Agricultural research"", ""Conservation"", ""Defense appropriations"", ""Energy appropriations"", ""Energy policy"", ""Energy security"", ""Energy technology"", ""Federal power"", ""Food policy"", ""Forestry policy"", ""Grid policy"", ""Hydropower"", ""Military procurement"", ""Natural resources"", ""Nutrition policy"", ""Rural development"", ""Water infrastructure funding"", ""Water policy""]","[""Senate Committee on Agriculture, Nutrition, and Forestry"", ""Senate Committee on Appropriations"", ""Senate Committee on Energy and Natural Resources"", ""Senate Committee on Indian Affairs""]","[""Agriculture, Rural Development, Food and Drug Administration, and Related Agencies"", ""Conservation, Forestry, Natural Resources, and Biotechnology"", ""Department of Defense"", ""Department of Interior, Environment, and Related Agencies"", ""Energy"", ""Energy and Water Development"", ""Food and Nutrition, Specialty Crops, Organics, and Research"", ""Livestock, Dairy, Poultry, and Food Safety"", ""Military Construction, Veterans Affairs, and Related Agencies"", ""Transportation, Housing and Urban Development, and Related Agencies"", ""Water and Power""]",https://www.hoeven.senate.gov
K000393,John Kennedy,Senate,Republican,LA,,"[""Asset management"", ""Banking"", ""Brokerage"", ""Commercial banking"", ""Consumer banking"", ""Consumer finance"", ""Credit cards"", ""Defense aerospace"", ""Defense electronics"", ""Defense systems"", ""Defense technology"", ""Electric utilities"", ""Electric-grid infrastructure"", ""Fintech"", ""Institutional investing"", ""Insurance"", ""Investment banking"", ""Military drones"", ""Missile systems"", ""Nuclear power"", ""Nuclear technology"", ""Regional banking"", ""Securities exchanges"", ""Solar energy"", ""Water infrastructure"", ""Wind energy""]","[""Bank regulation"", ""Consumer financial protection"", ""Defense appropriations"", ""Energy appropriations"", ""Financial regulation"", ""Housing finance"", ""Insurance policy"", ""Military procurement"", ""Securities regulation"", ""Water infrastructure funding""]","[""Senate Committee on Appropriations"", ""Senate Committee on Banking, Housing, and Urban Affairs"", ""Senate Committee on the Budget"", ""Senate Committee on the Judiciary""]","[""Border Security and Immigration"", ""Commerce, Justice, Science, and Related Agencies"", ""Department of Defense"", ""Department of Homeland Security"", ""Departments of Labor, Health and Human Services, and Education, and Related Agencies"", ""Economic Policy"", ""Energy and Water Development"", ""Federal Courts, Oversight, Agency Action, and Federal Rights"", ""Financial Institutions and Consumer Protection"", ""Privacy, Technology, and the Law"", ""Securities, Insurance, and Investment"", ""Transportation, Housing and Urban Development, and Related Agencies"", ""the Constitution""]",https://www.kennedy.senate.gov/public
C001114,John R. Curtis,Senate,Republican,UT,,"[""Artificial intelligence"", ""Broadband & cable"", ""Clean energy"", ""Consumer electronics"", ""Cybersecurity"", ""Digital advertising"", ""Digital media"", ""E-commerce"", ""Electric-grid infrastructure"", ""Environmental services"", ""Fiber broadband"", ""Hazardous-waste services"", ""Hydrogen energy"", ""Industrial pollution control"", ""Infrastructure construction"", ""Logistics"", ""Maritime transportation"", ""Media & entertainment"", ""Nuclear power"", ""Nuclear technology"", ""Satellite communications"", ""Solar energy"", ""Specialty chemicals"", ""Telecommunications"", ""Transportation infrastructure"", ""Waste disposal"", ""Wind energy"", ""Wireless telecommunications""]","[""Air quality"", ""Chemical regulation"", ""Climate policy"", ""Coast Guard"", ""Consumer protection"", ""Data privacy"", ""Environmental regulation"", ""Fisheries"", ""Infrastructure policy"", ""Maritime policy"", ""Media policy"", ""Nuclear safety"", ""Spectrum policy"", ""Technology policy"", ""Telecommunications regulation"", ""Transportation policy"", ""Waste policy""]","[""Senate Committee on Commerce, Science, and Transportation"", ""Senate Committee on Environment and Public Works"", ""Senate Committee on Foreign Relations"", ""Senate Committee on Small Business and Entrepreneurship""]","[""Chemical Safety, Waste Management, Environmental Justice, and Regulatory Oversight"", ""Clean Air, Climate, and Nuclear Innovation and Safety"", ""Coast Guard, Maritime, and Fisheries"", ""Consumer Protection, Technology, and Data Privacy"", ""East Asia, the Pacific, and International Cybersecurity Policy"", ""Europe and Regional Security Cooperation"", ""Telecommunications and Media"", ""Transportation and Infrastructure"", ""Western Hemisphere, Transnational Crime, Civilian Security, Democracy, Human Rights, and Global Women's Issues""]",https://www.curtis.senate.gov
T000250,John Thune,Senate,Republican,SD,,"[""Agriculture"", ""Aircraft manufacturing"", ""Animal nutrition"", ""Artificial intelligence"", ""Biotechnology"", ""Broad commodities"", ""Broadband & cable"", ""Commercial aerospace"", ""Consumer electronics"", ""Cybersecurity"", ""Defense communications"", ""Defense electronics"", ""Derivatives"", ""Digital advertising"", ""Digital media"", ""E-commerce"", ""Farm supplies"", ""Fiber broadband"", ""Forestry"", ""Freight logistics"", ""Futures-based commodity exposure"", ""Health insurance"", ""Healthcare services"", ""Managed care"", ""Media & entertainment"", ""Medical devices"", ""Oil & gas pipelines"", ""Packaged foods"", ""Passenger airlines"", ""Pharmaceuticals"", ""Pipeline construction"", ""Rail equipment"", ""Risk management"", ""Satellite communications"", ""Space launch"", ""Space systems"", ""Specialty minerals"", ""Telecommunications"", ""Transportation infrastructure"", ""Wireless telecommunications""]","[""Agricultural biotechnology"", ""Agricultural policy"", ""Agricultural trade"", ""Aviation policy"", ""Classified intelligence"", ""Commercial space policy"", ""Commodity markets"", ""Conservation"", ""Consumer protection"", ""Customs"", ""Cyber intelligence"", ""Data privacy"", ""Food policy"", ""Forestry policy"", ""Freight policy"", ""Health tax policy"", ""International competitiveness"", ""Media policy"", ""Medicaid"", ""Medicare"", ""National security"", ""Pipeline safety"", ""Rural development"", ""Spectrum policy"", ""Surface transportation"", ""Tariffs"", ""Technology policy"", ""Telecommunications regulation"", ""Trade policy""]","[""Senate Committee on Agriculture, Nutrition, and Forestry"", ""Senate Committee on Commerce, Science, and Transportation"", ""Senate Committee on Finance"", ""Senate Select Committee on Intelligence""]","[""Aviation, Space, and Innovation"", ""Commodities, Derivatives, Risk Management, and Trade"", ""Conservation, Forestry, Natural Resources, and Biotechnology"", ""Consumer Protection, Technology, and Data Privacy"", ""Health Care"", ""International Trade, Customs, and Global Competitiveness"", ""Livestock, Dairy, Poultry, and Food Safety"", ""Surface Transportation, Freight, Pipelines, and Safety"", ""Taxation and IRS Oversight"", ""Telecommunications and Media""]",https://www.thune.senate.gov
H000273,John W. Hickenlooper,Senate,Democrat,CO,,"[""Advanced materials"", ""Aircraft manufacturing"", ""Artificial intelligence"", ""Asset management"", ""Battery storage"", ""Benefits administration"", ""Biotechnology"", ""Broadband & cable"", ""Commercial aerospace"", ""Consumer electronics"", ""Cybersecurity"", ""Digital advertising"", ""Digital media"", ""E-commerce"", ""Electric utilities"", ""Fiber broadband"", ""Forestry"", ""Gold"", ""HR software"", ""Health insurance"", ""Healthcare services"", ""Hydrogen energy"", ""Industrial manufacturing"", ""Integrated oil & gas"", ""Iron ore"", ""Media & entertainment"", ""Medical devices"", ""Mining royalties"", ""Natural-gas exploration & production"", ""Nuclear power"", ""Oil exploration & production"", ""Passenger airlines"", ""Payroll services"", ""Pharmaceuticals"", ""Power generation"", ""Power transmission"", ""Robotics & AI"", ""Satellite communications"", ""Semiconductors"", ""Silver"", ""Solar energy"", ""Space launch"", ""Space systems"", ""Specialty minerals"", ""Telecommunications"", ""Water infrastructure"", ""Water utilities"", ""Wind energy"", ""Wireless telecommunications""]","[""Aviation policy"", ""Commercial space policy"", ""Consumer protection"", ""Data privacy"", ""Energy policy"", ""Energy security"", ""Energy technology"", ""Federal power"", ""Forestry policy"", ""Grid policy"", ""Hydropower"", ""Labor policy"", ""Manufacturing policy"", ""Media policy"", ""Mining policy"", ""Natural resources"", ""Pensions"", ""Public health"", ""Public lands"", ""Retirement policy"", ""Science policy"", ""Spectrum policy"", ""Technology competitiveness"", ""Technology policy"", ""Telecommunications regulation"", ""Water policy"", ""Workplace safety""]","[""Senate Committee on Commerce, Science, and Transportation"", ""Senate Committee on Energy and Natural Resources"", ""Senate Committee on Health, Education, Labor, and Pensions"", ""Senate Committee on Small Business and Entrepreneurship""]","[""Aviation, Space, and Innovation"", ""Consumer Protection, Technology, and Data Privacy"", ""Employment and Workplace Safety"", ""Energy"", ""Primary Health and Retirement Security"", ""Public Lands, Forests, and Mining"", ""Science, Manufacturing, and Competitiveness"", ""Telecommunications and Media"", ""Water and Power""]",https://www.hickenlooper.senate.gov
H001104,Jon Husted,Senate,Republican,OH,,"[""Asset management"", ""Benefits administration"", ""Biotechnology"", ""Clean energy"", ""Environmental services"", ""HR software"", ""Hazardous-waste services"", ""Health insurance"", ""Healthcare services"", ""Hydrogen energy"", ""Industrial pollution control"", ""Medical devices"", ""Nuclear power"", ""Nuclear technology"", ""Payroll services"", ""Pharmaceuticals"", ""Solar energy"", ""Specialty chemicals"", ""Waste disposal"", ""Wind energy""]","[""Air quality"", ""Chemical regulation"", ""Climate policy"", ""Environmental regulation"", ""Labor policy"", ""Nuclear safety"", ""Pensions"", ""Public health"", ""Retirement policy"", ""Waste policy"", ""Workplace safety""]","[""Senate Committee on Appropriations"", ""Senate Committee on Environment and Public Works"", ""Senate Committee on Health, Education, Labor, and Pensions"", ""Senate Committee on Small Business and Entrepreneurship"", ""Senate Special Committee on Aging""]","[""Agriculture, Rural Development, Food and Drug Administration, and Related Agencies"", ""Chemical Safety, Waste Management, Environmental Justice, and Regulatory Oversight"", ""Clean Air, Climate, and Nuclear Innovation and Safety"", ""Department of Interior, Environment, and Related Agencies"", ""Departments of Labor, Health and Human Services, and Education, and Related Agencies"", ""Education and the American Family"", ""Employment and Workplace Safety"", ""Financial Services and General Government"", ""Fisheries, Water, and Wildlife"", ""Legislative Branch"", ""Primary Health and Retirement Security"", ""State, Foreign Operations, and Related Programs""]",https://www.husted.senate.gov
O000174,Jon Ossoff,Senate,Democrat,GA,,"[""Cybersecurity"", ""Defense communications"", ""Defense electronics"", ""Electric utilities"", ""Electric-grid infrastructure"", ""Nuclear power"", ""Nuclear technology"", ""Satellite communications"", ""Solar energy"", ""Space systems"", ""Water infrastructure"", ""Wind energy""]","[""Classified intelligence"", ""Cyber intelligence"", ""Energy appropriations"", ""National security"", ""Water infrastructure funding""]","[""Senate Committee on Appropriations"", ""Senate Committee on Rules and Administration"", ""Senate Select Committee on Intelligence""]","[""Agriculture, Rural Development, Food and Drug Administration, and Related Agencies"", ""Department of Interior, Environment, and Related Agencies"", ""Energy and Water Development"", ""Legislative Branch"", ""Military Construction, Veterans Affairs, and Related Agencies""]",https://www.ossoff.senate.gov
E000295,Joni Ernst,Senate,Republican,IA,,"[""Aerospace & defense"", ""Agriculture"", ""Animal nutrition"", ""Artificial intelligence"", ""Bioenergy"", ""Biotechnology"", ""Broad commodities"", ""Cloud security"", ""Commercial banking"", ""Cybersecurity"", ""Defense software"", ""Defense systems"", ""Defense technology"", ""Electric utilities"", ""Farm supplies"", ""Forestry"", ""Military drones"", ""Packaged foods"", ""Robotics & AI"", ""Solar energy"", ""Specialty minerals"", ""Wind energy""]","[""Agricultural biotechnology"", ""Agricultural policy"", ""Conservation"", ""Cyber operations"", ""Defense cybersecurity"", ""Emerging defense technology"", ""Food policy"", ""Forestry policy"", ""Military procurement"", ""National defense"", ""Rural credit"", ""Rural development"", ""Rural energy"", ""Special operations""]","[""Senate Committee on Agriculture, Nutrition, and Forestry"", ""Senate Committee on Armed Services"", ""Senate Committee on Homeland Security and Governmental Affairs"", ""Senate Committee on Small Business and Entrepreneurship""]","[""Border Management, Federal Workforce, and Regulatory Affairs"", ""Conservation, Forestry, Natural Resources, and Biotechnology"", ""Cybersecurity"", ""Disaster Management, District of Columbia, and Census"", ""Emerging Threats and Capabilities"", ""Livestock, Dairy, Poultry, and Food Safety"", ""Personnel"", ""Rural Development, Energy, and Credit""]",https://www.ernst.senate.gov
H001089,Josh Hawley,Senate,Republican,MO,,"[""Asset management"", ""Benefits administration"", ""Biotechnology"", ""HR software"", ""Health insurance"", ""Healthcare services"", ""Medical devices"", ""Payroll services"", ""Pharmaceuticals""]","[""Labor policy"", ""Pensions"", ""Public health"", ""Retirement policy"", ""Workplace safety""]","[""Senate Committee on Health, Education, Labor, and Pensions"", ""Senate Committee on Homeland Security and Governmental Affairs"", ""Senate Committee on Small Business and Entrepreneurship"", ""Senate Committee on the Judiciary""]","[""Antitrust, Competition Policy, and Consumer Rights"", ""Crime and Counterterrorism"", ""Disaster Management, District of Columbia, and Census"", ""Employment and Workplace Safety"", ""Permanent Subcommittee on Investigations"", ""Primary Health and Retirement Security"", ""Privacy, Technology, and the Law"", ""the Constitution""]",https://www.hawley.senate.gov
B001319,Katie Boyd Britt,Senate,Republican,AL,,"[""Asset management"", ""Banking"", ""Brokerage"", ""Commercial banking"", ""Consumer banking"", ""Consumer finance"", ""Credit cards"", ""Electric utilities"", ""Electric-grid infrastructure"", ""Fintech"", ""Institutional investing"", ""Insurance"", ""Investment banking"", ""Mortgage technology"", ""Multifamily residential REIT"", ""Nuclear power"", ""Nuclear technology"", ""Regional banking"", ""Residential real estate"", ""Securities exchanges"", ""Solar energy"", ""Transportation infrastructure"", ""Water infrastructure"", ""Wind energy""]","[""Bank regulation"", ""Community development"", ""Consumer financial protection"", ""Energy appropriations"", ""Financial regulation"", ""Housing finance"", ""Housing policy"", ""Insurance policy"", ""Securities regulation"", ""Water infrastructure funding""]","[""Commission on Security and Cooperation in Europe"", ""Senate Committee on Appropriations"", ""Senate Committee on Banking, Housing, and Urban Affairs"", ""Senate Committee on Rules and Administration"", ""Senate Committee on the Judiciary""]","[""Antitrust, Competition Policy, and Consumer Rights"", ""Border Security and Immigration"", ""Commerce, Justice, Science, and Related Agencies"", ""Crime and Counterterrorism"", ""Department of Homeland Security"", ""Departments of Labor, Health and Human Services, and Education, and Related Agencies"", ""Energy and Water Development"", ""Financial Institutions and Consumer Protection"", ""Housing, Transportation, and Community Development"", ""Intellectual Property"", ""Securities, Insurance, and Investment"", ""State, Foreign Operations, and Related Programs"", ""Transportation, Housing and Urban Development, and Related Agencies""]",https://www.britt.senate.gov
C001096,Kevin Cramer,Senate,Republican,ND,,"[""Aerospace & defense"", ""Aircraft manufacturing"", ""Artificial intelligence"", ""Asset management"", ""Banking"", ""Brokerage"", ""Clean energy"", ""Commercial banking"", ""Consumer banking"", ""Consumer finance"", ""Credit cards"", ""Cybersecurity"", ""Defense aerospace"", ""Defense systems"", ""Defense technology"", ""Electric-grid infrastructure"", ""Fintech"", ""Hydrogen energy"", ""Industrial pollution control"", ""Infrastructure construction"", ""Institutional investing"", ""Insurance"", ""Investment banking"", ""Military drones"", ""Military systems"", ""Missile systems"", ""Mortgage technology"", ""Multifamily residential REIT"", ""Nuclear power"", ""Nuclear technology"", ""Regional banking"", ""Residential real estate"", ""Robotics & AI"", ""Securities exchanges"", ""Solar energy"", ""Space systems"", ""Transportation infrastructure"", ""Wind energy""]","[""Air quality"", ""Bank regulation"", ""Climate policy"", ""Community development"", ""Consumer financial protection"", ""Emerging defense technology"", ""Financial regulation"", ""Ground combat systems"", ""Housing finance"", ""Housing policy"", ""Infrastructure policy"", ""Insurance policy"", ""Military procurement"", ""Military space"", ""Missile defense"", ""National defense"", ""Nuclear deterrence"", ""Nuclear safety"", ""Securities regulation"", ""Special operations"", ""Tactical aviation"", ""Transportation policy""]","[""Senate Committee on Armed Services"", ""Senate Committee on Banking, Housing, and Urban Affairs"", ""Senate Committee on Environment and Public Works"", ""Senate Committee on Veterans' Affairs""]","[""Airland"", ""Clean Air, Climate, and Nuclear Innovation and Safety"", ""Emerging Threats and Capabilities"", ""Financial Institutions and Consumer Protection"", ""Fisheries, Water, and Wildlife"", ""Housing, Transportation, and Community Development"", ""Readiness and Management Support"", ""Securities, Insurance, and Investment"", ""Strategic Forces"", ""Transportation and Infrastructure""]",https://www.cramer.senate.gov
G000555,Kirsten E. Gillibrand,Senate,Democrat,NY,,"[""Aerospace & defense"", ""Artificial intelligence"", ""Cloud security"", ""Cybersecurity"", ""Defense communications"", ""Defense electronics"", ""Defense software"", ""Defense systems"", ""Defense technology"", ""Military drones"", ""Missile systems"", ""Nuclear technology"", ""Robotics & AI"", ""Satellite communications"", ""Space systems""]","[""Classified intelligence"", ""Cyber intelligence"", ""Cyber operations"", ""Defense cybersecurity"", ""Emerging defense technology"", ""Military procurement"", ""Military space"", ""Missile defense"", ""National defense"", ""National security"", ""Nuclear deterrence"", ""Special operations""]","[""Senate Committee on Appropriations"", ""Senate Committee on Armed Services"", ""Senate Select Committee on Intelligence"", ""Senate Special Committee on Aging""]","[""Agriculture, Rural Development, Food and Drug Administration, and Related Agencies"", ""Commerce, Justice, Science, and Related Agencies"", ""Cybersecurity"", ""Department of Interior, Environment, and Related Agencies"", ""Emerging Threats and Capabilities"", ""Military Construction, Veterans Affairs, and Related Agencies"", ""Strategic Forces"", ""Transportation, Housing and Urban Development, and Related Agencies""]",https://www.gillibrand.senate.gov
B001303,Lisa Blunt Rochester,Senate,Democrat,DE,,"[""Advanced materials"", ""Artificial intelligence"", ""Asset management"", ""Banking"", ""Biotechnology"", ""Broadband & cable"", ""Brokerage"", ""Clean energy"", ""Consumer electronics"", ""Consumer finance"", ""Cybersecurity"", ""Digital advertising"", ""Digital media"", ""E-commerce"", ""Electric-grid infrastructure"", ""Environmental services"", ""Fiber broadband"", ""Fintech"", ""Hazardous-waste services"", ""Health insurance"", ""Healthcare services"", ""Hydrogen energy"", ""Industrial manufacturing"", ""Industrial pollution control"", ""Infrastructure construction"", ""Institutional investing"", ""Insurance"", ""Investment banking"", ""Logistics"", ""Maritime transportation"", ""Media & entertainment"", ""Medical devices"", ""Mortgage technology"", ""Multifamily residential REIT"", ""Nuclear power"", ""Nuclear technology"", ""Pharmaceuticals"", ""Residential real estate"", ""Robotics & AI"", ""Satellite communications"", ""Securities exchanges"", ""Semiconductors"", ""Solar energy"", ""Specialty chemicals"", ""Telecommunications"", ""Transportation infrastructure"", ""Waste disposal"", ""Wind energy"", ""Wireless telecommunications""]","[""Air quality"", ""Chemical regulation"", ""Climate policy"", ""Coast Guard"", ""Community development"", ""Consumer protection"", ""Data privacy"", ""Environmental regulation"", ""Financial regulation"", ""Fisheries"", ""Housing finance"", ""Housing policy"", ""Infrastructure policy"", ""Insurance policy"", ""Manufacturing policy"", ""Maritime policy"", ""Media policy"", ""Nuclear safety"", ""Pensions"", ""Public health"", ""Retirement policy"", ""Science policy"", ""Securities regulation"", ""Spectrum policy"", ""Technology competitiveness"", ""Technology policy"", ""Telecommunications regulation"", ""Transportation policy"", ""Waste policy""]","[""Senate Committee on Banking, Housing, and Urban Affairs"", ""Senate Committee on Commerce, Science, and Transportation"", ""Senate Committee on Environment and Public Works"", ""Senate Committee on Health, Education, Labor, and Pensions""]","[""Chemical Safety, Waste Management, Environmental Justice, and Regulatory Oversight"", ""Clean Air, Climate, and Nuclear Innovation and Safety"", ""Coast Guard, Maritime, and Fisheries"", ""Consumer Protection, Technology, and Data Privacy"", ""Economic Policy"", ""Education and the American Family"", ""Housing, Transportation, and Community Development"", ""Primary Health and Retirement Security"", ""Science, Manufacturing, and Competitiveness"", ""Securities, Insurance, and Investment"", ""Telecommunications and Media"", ""Transportation and Infrastructure""]",https://www.bluntrochester.senate.gov
M001153,Lisa Murkowski,Senate,Republican,AK,,"[""Asset management"", ""Biotechnology"", ""Defense aerospace"", ""Defense electronics"", ""Defense systems"", ""Defense technology"", ""Electric utilities"", ""Electric-grid infrastructure"", ""Forestry"", ""Gold"", ""Health insurance"", ""Healthcare services"", ""Iron ore"", ""Medical devices"", ""Military drones"", ""Mining royalties"", ""Missile systems"", ""Natural-gas exploration & production"", ""Nuclear power"", ""Nuclear technology"", ""Oil exploration & production"", ""Pharmaceuticals"", ""Power generation"", ""Silver"", ""Solar energy"", ""Specialty minerals"", ""Water infrastructure"", ""Wind energy""]","[""Defense appropriations"", ""Energy appropriations"", ""Energy policy"", ""Forestry policy"", ""Military procurement"", ""Mining policy"", ""Natural resources"", ""Pensions"", ""Public health"", ""Public lands"", ""Retirement policy"", ""Water infrastructure funding""]","[""Senate Committee on Appropriations"", ""Senate Committee on Energy and Natural Resources"", ""Senate Committee on Health, Education, Labor, and Pensions"", ""Senate Committee on Indian Affairs""]","[""Commerce, Justice, Science, and Related Agencies"", ""Department of Defense"", ""Department of Homeland Security"", ""Department of Interior, Environment, and Related Agencies"", ""Education and the American Family"", ""Energy and Water Development"", ""Military Construction, Veterans Affairs, and Related Agencies"", ""National Parks"", ""Primary Health and Retirement Security"", ""Public Lands, Forests, and Mining""]",https://www.murkowski.senate.gov
H001076,Margaret Wood Hassan,Senate,Democrat,NH,,"[""Asset management"", ""Benefits administration"", ""Biotechnology"", ""Electric utilities"", ""HR software"", ""Health insurance"", ""Healthcare services"", ""Infrastructure construction"", ""Integrated oil & gas"", ""Managed care"", ""Medical devices"", ""Natural-gas exploration & production"", ""Nuclear power"", ""Payroll services"", ""Pharmaceuticals"", ""Solar energy"", ""Wind energy""]","[""Energy tax policy"", ""Health tax policy"", ""Infrastructure finance"", ""Labor policy"", ""Medicaid"", ""Medicare"", ""Pensions"", ""Public health"", ""Retirement policy"", ""Workplace safety""]","[""Joint Economic Committee"", ""Senate Committee on Finance"", ""Senate Committee on Health, Education, Labor, and Pensions"", ""Senate Committee on Homeland Security and Governmental Affairs"", ""Senate Committee on Veterans' Affairs""]","[""Border Management, Federal Workforce, and Regulatory Affairs"", ""Employment and Workplace Safety"", ""Energy, Natural Resources, and Infrastructure"", ""Health Care"", ""Permanent Subcommittee on Investigations"", ""Primary Health and Retirement Security"", ""Taxation and IRS Oversight""]",https://www.hassan.senate.gov
C000127,Maria Cantwell,Senate,Democrat,WA,,"[""Advanced materials"", ""Aircraft manufacturing"", ""Artificial intelligence"", ""Broadband & cable"", ""Commercial aerospace"", ""Consumer electronics"", ""Cybersecurity"", ""Digital advertising"", ""Digital media"", ""E-commerce"", ""Electric utilities"", ""Fiber broadband"", ""Freight logistics"", ""Industrial manufacturing"", ""Infrastructure construction"", ""Integrated oil & gas"", ""Logistics"", ""Maritime transportation"", ""Media & entertainment"", ""Natural-gas exploration & production"", ""Nuclear power"", ""Oil & gas pipelines"", ""Oil exploration & production"", ""Passenger airlines"", ""Pipeline construction"", ""Power generation"", ""Rail equipment"", ""Robotics & AI"", ""Satellite communications"", ""Semiconductors"", ""Solar energy"", ""Space launch"", ""Space systems"", ""Specialty minerals"", ""Telecommunications"", ""Transportation infrastructure"", ""Wind energy"", ""Wireless telecommunications""]","[""Aviation policy"", ""Coast Guard"", ""Commercial space policy"", ""Consumer protection"", ""Data privacy"", ""Energy policy"", ""Energy tax policy"", ""Fisheries"", ""Freight policy"", ""Infrastructure finance"", ""Manufacturing policy"", ""Maritime policy"", ""Media policy"", ""Natural resources"", ""Pipeline safety"", ""Science policy"", ""Spectrum policy"", ""Surface transportation"", ""Technology competitiveness"", ""Technology policy"", ""Telecommunications regulation""]","[""Joint Committee on Taxation"", ""Senate Committee on Commerce, Science, and Transportation"", ""Senate Committee on Energy and Natural Resources"", ""Senate Committee on Finance"", ""Senate Committee on Indian Affairs"", ""Senate Committee on Small Business and Entrepreneurship""]","[""Aviation, Space, and Innovation"", ""Coast Guard, Maritime, and Fisheries"", ""Consumer Protection, Technology, and Data Privacy"", ""Energy, Natural Resources, and Infrastructure"", ""Science, Manufacturing, and Competitiveness"", ""Surface Transportation, Freight, Pipelines, and Safety"", ""Telecommunications and Media""]",https://www.cantwell.senate.gov
K000377,Mark Kelly,Senate,Democrat,AZ,,"[""Aerospace & defense"", ""Aircraft manufacturing"", ""Artificial intelligence"", ""Clean energy"", ""Cybersecurity"", ""Defense aerospace"", ""Defense communications"", ""Defense electronics"", ""Defense systems"", ""Defense technology"", ""Electric-grid infrastructure"", ""Hydrogen energy"", ""Industrial pollution control"", ""Infrastructure construction"", ""Military drones"", ""Military systems"", ""Missile systems"", ""Nuclear power"", ""Nuclear technology"", ""Robotics & AI"", ""Satellite communications"", ""Solar energy"", ""Space systems"", ""Transportation infrastructure"", ""Wind energy""]","[""Air quality"", ""Classified intelligence"", ""Climate policy"", ""Cyber intelligence"", ""Emerging defense technology"", ""Ground combat systems"", ""Infrastructure policy"", ""Military procurement"", ""Military space"", ""Missile defense"", ""National defense"", ""National security"", ""Nuclear deterrence"", ""Nuclear safety"", ""Special operations"", ""Tactical aviation"", ""Transportation policy""]","[""Joint Economic Committee"", ""Senate Committee on Armed Services"", ""Senate Committee on Environment and Public Works"", ""Senate Select Committee on Intelligence"", ""Senate Special Committee on Aging""]","[""Airland"", ""Clean Air, Climate, and Nuclear Innovation and Safety"", ""Emerging Threats and Capabilities"", ""Fisheries, Water, and Wildlife"", ""Strategic Forces"", ""Transportation and Infrastructure""]",https://www.kelly.senate.gov
W000805,Mark R. Warner,Senate,Democrat,VA,,"[""Asset management"", ""Banking"", ""Biotechnology"", ""Blockchain financial services"", ""Brokerage"", ""Commercial banking"", ""Consumer banking"", ""Consumer finance"", ""Credit cards"", ""Cryptocurrency exchange"", ""Cybersecurity"", ""Defense communications"", ""Defense electronics"", ""Digital assets"", ""Digital payments"", ""Fintech"", ""Health insurance"", ""Healthcare services"", ""Institutional investing"", ""Insurance"", ""Investment banking"", ""Managed care"", ""Medical devices"", ""Pharmaceuticals"", ""Regional banking"", ""Satellite communications"", ""Securities exchanges"", ""Space systems""]","[""Bank regulation"", ""Classified intelligence"", ""Consumer financial protection"", ""Customs"", ""Cyber intelligence"", ""Digital asset regulation"", ""Financial regulation"", ""Health tax policy"", ""Housing finance"", ""Insurance policy"", ""International competitiveness"", ""Medicaid"", ""Medicare"", ""National security"", ""Securities regulation"", ""Tariffs"", ""Trade policy""]","[""Senate Committee on Banking, Housing, and Urban Affairs"", ""Senate Committee on Finance"", ""Senate Committee on Rules and Administration"", ""Senate Committee on the Budget"", ""Senate Select Committee on Intelligence""]","[""Digital Assets"", ""Financial Institutions and Consumer Protection"", ""Health Care"", ""International Trade, Customs, and Global Competitiveness"", ""Securities, Insurance, and Investment"", ""Taxation and IRS Oversight""]",https://www.warner.senate.gov
B001243,Marsha Blackburn,Senate,Republican,TN,,"[""Advanced materials"", ""Artificial intelligence"", ""Biotechnology"", ""Broadband & cable"", ""Consumer electronics"", ""Cybersecurity"", ""Digital advertising"", ""Digital media"", ""E-commerce"", ""Fiber broadband"", ""Health insurance"", ""Healthcare services"", ""Industrial manufacturing"", ""Managed care"", ""Media & entertainment"", ""Medical devices"", ""Pharmaceuticals"", ""Robotics & AI"", ""Satellite communications"", ""Semiconductors"", ""Telecommunications"", ""Wireless telecommunications""]","[""Consumer protection"", ""Data privacy"", ""Health tax policy"", ""Manufacturing policy"", ""Media policy"", ""Medicaid"", ""Medicare"", ""Science policy"", ""Spectrum policy"", ""Technology competitiveness"", ""Technology policy"", ""Telecommunications regulation""]","[""Joint Economic Committee"", ""Senate Committee on Commerce, Science, and Transportation"", ""Senate Committee on Finance"", ""Senate Committee on Veterans' Affairs"", ""Senate Committee on the Judiciary""]","[""Consumer Protection, Technology, and Data Privacy"", ""Crime and Counterterrorism"", ""Health Care"", ""Intellectual Property"", ""Privacy, Technology, and the Law"", ""Science, Manufacturing, and Competitiveness"", ""Social Security, Pensions, and Family Policy"", ""Taxation and IRS Oversight"", ""Telecommunications and Media"", ""the Constitution""]",https://www.blackburn.senate.gov
H001046,Martin Heinrich,Senate,Democrat,NM,,"[""Battery storage"", ""Cybersecurity"", ""Defense communications"", ""Defense electronics"", ""Electric utilities"", ""Electric-grid infrastructure"", ""Forestry"", ""Gold"", ""Hydrogen energy"", ""Integrated oil & gas"", ""Iron ore"", ""Mining royalties"", ""Natural-gas exploration & production"", ""Nuclear power"", ""Nuclear technology"", ""Oil exploration & production"", ""Power generation"", ""Power transmission"", ""Satellite communications"", ""Silver"", ""Solar energy"", ""Space systems"", ""Specialty minerals"", ""Water infrastructure"", ""Water utilities"", ""Wind energy""]","[""Classified intelligence"", ""Cyber intelligence"", ""Energy appropriations"", ""Energy policy"", ""Energy security"", ""Energy technology"", ""Federal power"", ""Forestry policy"", ""Grid policy"", ""Hydropower"", ""Mining policy"", ""National security"", ""Natural resources"", ""Public lands"", ""Water infrastructure funding"", ""Water policy""]","[""Joint Economic Committee"", ""Senate Committee on Appropriations"", ""Senate Committee on Energy and Natural Resources"", ""Senate Select Committee on Intelligence""]","[""Agriculture, Rural Development, Food and Drug Administration, and Related Agencies"", ""Department of Interior, Environment, and Related Agencies"", ""Energy"", ""Energy and Water Development"", ""Legislative Branch"", ""Military Construction, Veterans Affairs, and Related Agencies"", ""National Parks"", ""Public Lands, Forests, and Mining"", ""Water and Power""]",https://www.heinrich.senate.gov
H001042,Mazie K. Hirono,Senate,Democrat,HI,,"[""Aerospace & defense"", ""Battery storage"", ""Defense systems"", ""Defense technology"", ""Electric utilities"", ""Forestry"", ""Gold"", ""Hydrogen energy"", ""Integrated oil & gas"", ""Iron ore"", ""Mining royalties"", ""Natural-gas exploration & production"", ""Naval nuclear propulsion"", ""Nuclear power"", ""Oil exploration & production"", ""Power generation"", ""Power transmission"", ""Silver"", ""Solar energy"", ""Specialty minerals"", ""Wind energy""]","[""Energy policy"", ""Energy security"", ""Energy technology"", ""Forestry policy"", ""Grid policy"", ""Military procurement"", ""Mining policy"", ""National defense"", ""Natural resources"", ""Naval procurement"", ""Public lands"", ""Shipbuilding""]","[""Senate Committee on Armed Services"", ""Senate Committee on Energy and Natural Resources"", ""Senate Committee on Small Business and Entrepreneurship"", ""Senate Committee on Veterans' Affairs"", ""Senate Committee on the Judiciary""]","[""Border Security and Immigration"", ""Energy"", ""Federal Courts, Oversight, Agency Action, and Federal Rights"", ""Intellectual Property"", ""National Parks"", ""Personnel"", ""Public Lands, Forests, and Mining"", ""Readiness and Management Support"", ""Seapower"", ""the Constitution""]",https://www.hirono.senate.gov
B001267,Michael F. Bennet,Senate,Democrat,CO,,"[""Agriculture"", ""Animal nutrition"", ""Bioenergy"", ""Biotechnology"", ""Broad commodities"", ""Commercial banking"", ""Cybersecurity"", ""Defense communications"", ""Defense electronics"", ""Electric utilities"", ""Farm supplies"", ""Forestry"", ""Infrastructure construction"", ""Integrated oil & gas"", ""Natural-gas exploration & production"", ""Nuclear power"", ""Packaged foods"", ""Satellite communications"", ""Solar energy"", ""Space systems"", ""Specialty minerals"", ""Wind energy""]","[""Agricultural biotechnology"", ""Agricultural policy"", ""Classified intelligence"", ""Conservation"", ""Customs"", ""Cyber intelligence"", ""Energy tax policy"", ""Food policy"", ""Forestry policy"", ""Infrastructure finance"", ""International competitiveness"", ""National security"", ""Rural credit"", ""Rural development"", ""Rural energy"", ""Tariffs"", ""Trade policy""]","[""Senate Committee on Agriculture, Nutrition, and Forestry"", ""Senate Committee on Finance"", ""Senate Committee on Rules and Administration"", ""Senate Select Committee on Intelligence""]","[""Conservation, Forestry, Natural Resources, and Biotechnology"", ""Energy, Natural Resources, and Infrastructure"", ""International Trade, Customs, and Global Competitiveness"", ""Rural Development, Energy, and Credit"", ""Taxation and IRS Oversight""]",https://www.bennet.senate.gov
C000880,Mike Crapo,Senate,Republican,ID,,"[""Asset management"", ""Banking"", ""Biotechnology"", ""Brokerage"", ""Commercial banking"", ""Consumer banking"", ""Consumer finance"", ""Credit cards"", ""Electric utilities"", ""Fintech"", ""Health insurance"", ""Healthcare services"", ""Infrastructure construction"", ""Institutional investing"", ""Insurance"", ""Integrated oil & gas"", ""Investment banking"", ""Managed care"", ""Medical devices"", ""Mortgage technology"", ""Multifamily residential REIT"", ""Natural-gas exploration & production"", ""Nuclear power"", ""Pharmaceuticals"", ""Regional banking"", ""Residential real estate"", ""Securities exchanges"", ""Solar energy"", ""Transportation infrastructure"", ""Wind energy""]","[""Bank regulation"", ""Community development"", ""Consumer financial protection"", ""Customs"", ""Energy tax policy"", ""Financial regulation"", ""Health tax policy"", ""Housing finance"", ""Housing policy"", ""Infrastructure finance"", ""Insurance policy"", ""International competitiveness"", ""Medicaid"", ""Medicare"", ""Securities regulation"", ""Tariffs"", ""Trade policy""]","[""Joint Committee on Taxation"", ""Senate Committee on Banking, Housing, and Urban Affairs"", ""Senate Committee on Finance"", ""Senate Committee on the Budget""]","[""Energy, Natural Resources, and Infrastructure"", ""Financial Institutions and Consumer Protection"", ""Fiscal Responsibility and Economic Growth"", ""Health Care"", ""Housing, Transportation, and Community Development"", ""International Trade, Customs, and Global Competitiveness"", ""Securities, Insurance, and Investment"", ""Social Security, Pensions, and Family Policy"", ""Taxation and IRS Oversight""]",https://www.crapo.senate.gov
L000577,Mike Lee,Senate,Republican,UT,,"[""Battery storage"", ""Electric utilities"", ""Forestry"", ""Gold"", ""Hydrogen energy"", ""Integrated oil & gas"", ""Iron ore"", ""Mining royalties"", ""Natural-gas exploration & production"", ""Nuclear power"", ""Oil exploration & production"", ""Power generation"", ""Power transmission"", ""Silver"", ""Solar energy"", ""Specialty minerals"", ""Water infrastructure"", ""Water utilities"", ""Wind energy""]","[""Energy policy"", ""Energy security"", ""Energy technology"", ""Federal power"", ""Forestry policy"", ""Grid policy"", ""Hydropower"", ""Mining policy"", ""Natural resources"", ""Public lands"", ""Water policy""]","[""Senate Committee on Energy and Natural Resources"", ""Senate Committee on Foreign Relations"", ""Senate Committee on the Budget"", ""Senate Committee on the Judiciary""]","[""Antitrust, Competition Policy, and Consumer Rights"", ""East Asia, the Pacific, and International Cybersecurity Policy"", ""Energy"", ""Federal Courts, Oversight, Agency Action, and Federal Rights"", ""Intellectual Property"", ""Multilateral International Development, Multilateral Institutions, and International Economic, Energy, and Environmental Policy"", ""National Parks"", ""Near East, South Asia, Central Asia, and Counterterrorism"", ""Public Lands, Forests, and Mining"", ""Water and Power"", ""the Constitution""]",https://www.lee.senate.gov
R000605,Mike Rounds,Senate,Republican,SD,,"[""Aerospace & defense"", ""Artificial intelligence"", ""Asset management"", ""Banking"", ""Brokerage"", ""Cloud security"", ""Consumer finance"", ""Cybersecurity"", ""Defense communications"", ""Defense electronics"", ""Defense software"", ""Defense systems"", ""Defense technology"", ""Electric utilities"", ""Electric-grid infrastructure"", ""Fintech"", ""Institutional investing"", ""Insurance"", ""Investment banking"", ""Military drones"", ""Missile systems"", ""Mortgage technology"", ""Multifamily residential REIT"", ""Nuclear power"", ""Nuclear technology"", ""Residential real estate"", ""Robotics & AI"", ""Satellite communications"", ""Securities exchanges"", ""Solar energy"", ""Space systems"", ""Transportation infrastructure"", ""Water infrastructure"", ""Wind energy""]","[""Classified intelligence"", ""Community development"", ""Cyber intelligence"", ""Cyber operations"", ""Defense cybersecurity"", ""Emerging defense technology"", ""Energy appropriations"", ""Financial regulation"", ""Housing finance"", ""Housing policy"", ""Insurance policy"", ""Military procurement"", ""Military space"", ""Missile defense"", ""National defense"", ""National security"", ""Nuclear deterrence"", ""Securities regulation"", ""Special operations"", ""Water infrastructure funding""]","[""Commission on Security and Cooperation in Europe"", ""Senate Committee on Appropriations"", ""Senate Committee on Armed Services"", ""Senate Committee on Banking, Housing, and Urban Affairs"", ""Senate Committee on Indian Affairs"", ""Senate Select Committee on Intelligence""]","[""Agriculture, Rural Development, Food and Drug Administration, and Related Agencies"", ""Cybersecurity"", ""Department of Interior, Environment, and Related Agencies"", ""Departments of Labor, Health and Human Services, and Education, and Related Agencies"", ""Economic Policy"", ""Emerging Threats and Capabilities"", ""Energy and Water Development"", ""Housing, Transportation, and Community Development"", ""Legislative Branch"", ""Military Construction, Veterans Affairs, and Related Agencies"", ""Securities, Insurance, and Investment"", ""Strategic Forces""]",https://www.rounds.senate.gov
M000355,Mitch McConnell,Senate,Republican,KY,,"[""Agriculture"", ""Animal nutrition"", ""Bioenergy"", ""Broad commodities"", ""Commercial banking"", ""Defense aerospace"", ""Defense electronics"", ""Defense systems"", ""Defense technology"", ""Derivatives"", ""Electric utilities"", ""Electric-grid infrastructure"", ""Farm supplies"", ""Food brands"", ""Futures-based commodity exposure"", ""Military drones"", ""Missile systems"", ""Natural & organic foods"", ""Nuclear power"", ""Nuclear technology"", ""Packaged foods"", ""Risk management"", ""Solar energy"", ""Water infrastructure"", ""Wind energy""]","[""Agricultural policy"", ""Agricultural research"", ""Agricultural trade"", ""Commodity markets"", ""Defense appropriations"", ""Energy appropriations"", ""Food policy"", ""Military procurement"", ""Nutrition policy"", ""Rural credit"", ""Rural development"", ""Rural energy"", ""Water infrastructure funding""]","[""Joint Committee of Congress on the Library"", ""Joint Committee on Printing"", ""Senate Committee on Agriculture, Nutrition, and Forestry"", ""Senate Committee on Appropriations"", ""Senate Committee on Rules and Administration""]","[""Agriculture, Rural Development, Food and Drug Administration, and Related Agencies"", ""Commodities, Derivatives, Risk Management, and Trade"", ""Department of Defense"", ""Department of Interior, Environment, and Related Agencies"", ""Energy and Water Development"", ""Food and Nutrition, Specialty Crops, Organics, and Research"", ""Military Construction, Veterans Affairs, and Related Agencies"", ""Rural Development, Energy, and Credit"", ""State, Foreign Operations, and Related Programs""]",https://www.mcconnell.senate.gov
M001111,Patty Murray,Senate,Democrat,WA,,"[""Asset management"", ""Biotechnology"", ""Defense aerospace"", ""Defense electronics"", ""Defense systems"", ""Defense technology"", ""Electric utilities"", ""Electric-grid infrastructure"", ""Health insurance"", ""Healthcare services"", ""Medical devices"", ""Military drones"", ""Missile systems"", ""Nuclear power"", ""Nuclear technology"", ""Pharmaceuticals"", ""Solar energy"", ""Water infrastructure"", ""Wind energy""]","[""Defense appropriations"", ""Energy appropriations"", ""Military procurement"", ""Pensions"", ""Public health"", ""Retirement policy"", ""Water infrastructure funding""]","[""Senate Committee on Appropriations"", ""Senate Committee on Health, Education, Labor, and Pensions"", ""Senate Committee on Veterans' Affairs"", ""Senate Committee on the Budget""]","[""Agriculture, Rural Development, Food and Drug Administration, and Related Agencies"", ""Commerce, Justice, Science, and Related Agencies"", ""Department of Defense"", ""Department of Homeland Security"", ""Department of Interior, Environment, and Related Agencies"", ""Departments of Labor, Health and Human Services, and Education, and Related Agencies"", ""Education and the American Family"", ""Energy and Water Development"", ""Financial Services and General Government"", ""Legislative Branch"", ""Military Construction, Veterans Affairs, and Related Agencies"", ""Primary Health and Retirement Security"", ""State, Foreign Operations, and Related Programs"", ""Transportation, Housing and Urban Development, and Related Agencies""]",https://www.murray.senate.gov
R000618,Pete Ricketts,Senate,Republican,NE,,"[""Asset management"", ""Banking"", ""Clean energy"", ""Commercial banking"", ""Consumer banking"", ""Consumer finance"", ""Credit cards"", ""Cross-border payments"", ""Electric-grid infrastructure"", ""Fintech"", ""Hydrogen energy"", ""Industrial pollution control"", ""Infrastructure construction"", ""Insurance"", ""Investment banking"", ""Nuclear power"", ""Nuclear technology"", ""Regional banking"", ""Securities exchanges"", ""Solar energy"", ""Transportation infrastructure"", ""Wind energy""]","[""Air quality"", ""Bank regulation"", ""Climate policy"", ""Consumer financial protection"", ""Financial regulation"", ""Housing finance"", ""Infrastructure policy"", ""International finance"", ""Nuclear safety"", ""Sanctions"", ""Trade finance"", ""Transportation policy""]","[""Senate Committee on Banking, Housing, and Urban Affairs"", ""Senate Committee on Environment and Public Works"", ""Senate Committee on Foreign Relations"", ""Senate Committee on the Budget""]","[""Clean Air, Climate, and Nuclear Innovation and Safety"", ""East Asia, the Pacific, and International Cybersecurity Policy"", ""Economic Policy"", ""Europe and Regional Security Cooperation"", ""Financial Institutions and Consumer Protection"", ""Fisheries, Water, and Wildlife"", ""National Security and International Trade and Finance"", ""State Department and USAID Management, International Operations, and Bilateral International Development"", ""Transportation and Infrastructure""]",https://www.ricketts.senate.gov
W000800,Peter Welch,Senate,Democrat,VT,,"[""Agriculture"", ""Animal nutrition"", ""Bioenergy"", ""Biotechnology"", ""Broad commodities"", ""Commercial banking"", ""Electric utilities"", ""Farm supplies"", ""Forestry"", ""Health insurance"", ""Healthcare services"", ""Infrastructure construction"", ""Integrated oil & gas"", ""Managed care"", ""Medical devices"", ""Natural-gas exploration & production"", ""Nuclear power"", ""Packaged foods"", ""Pharmaceuticals"", ""Solar energy"", ""Specialty minerals"", ""Wind energy""]","[""Agricultural biotechnology"", ""Agricultural policy"", ""Conservation"", ""Energy tax policy"", ""Food policy"", ""Forestry policy"", ""Health tax policy"", ""Infrastructure finance"", ""Medicaid"", ""Medicare"", ""Rural credit"", ""Rural development"", ""Rural energy""]","[""Senate Committee on Agriculture, Nutrition, and Forestry"", ""Senate Committee on Finance"", ""Senate Committee on Rules and Administration"", ""Senate Committee on the Judiciary""]","[""Antitrust, Competition Policy, and Consumer Rights"", ""Conservation, Forestry, Natural Resources, and Biotechnology"", ""Energy, Natural Resources, and Infrastructure"", ""Federal Courts, Oversight, Agency Action, and Federal Rights"", ""Health Care"", ""Intellectual Property"", ""Livestock, Dairy, Poultry, and Food Safety"", ""Rural Development, Energy, and Credit"", ""the Constitution""]",https://www.welch.senate.gov
P000603,Rand Paul,Senate,Republican,KY,,"[""Asset management"", ""Biotechnology"", ""Health insurance"", ""Healthcare services"", ""Medical devices"", ""Pharmaceuticals""]","[""Pensions"", ""Public health"", ""Retirement policy""]","[""Senate Committee on Foreign Relations"", ""Senate Committee on Health, Education, Labor, and Pensions"", ""Senate Committee on Homeland Security and Governmental Affairs"", ""Senate Committee on Small Business and Entrepreneurship""]","[""Africa and Global Health Policy"", ""Border Management, Federal Workforce, and Regulatory Affairs"", ""Disaster Management, District of Columbia, and Census"", ""Education and the American Family"", ""Europe and Regional Security Cooperation"", ""Multilateral International Development, Multilateral Institutions, and International Economic, Energy, and Environmental Policy"", ""Permanent Subcommittee on Investigations"", ""Primary Health and Retirement Security"", ""State Department and USAID Management, International Operations, and Bilateral International Development""]",https://www.paul.senate.gov
W000790,Raphael G. Warnock,Senate,Democrat,GA,,"[""Agriculture"", ""Animal nutrition"", ""Asset management"", ""Banking"", ""Bioenergy"", ""Biotechnology"", ""Broad commodities"", ""Brokerage"", ""Commercial banking"", ""Consumer banking"", ""Consumer finance"", ""Credit cards"", ""Electric utilities"", ""Farm supplies"", ""Fintech"", ""Food brands"", ""Forestry"", ""Health insurance"", ""Healthcare services"", ""Institutional investing"", ""Insurance"", ""Investment banking"", ""Managed care"", ""Medical devices"", ""Natural & organic foods"", ""Packaged foods"", ""Pharmaceuticals"", ""Regional banking"", ""Securities exchanges"", ""Solar energy"", ""Specialty minerals"", ""Wind energy""]","[""Agricultural biotechnology"", ""Agricultural policy"", ""Agricultural research"", ""Bank regulation"", ""Conservation"", ""Consumer financial protection"", ""Customs"", ""Financial regulation"", ""Food policy"", ""Forestry policy"", ""Health tax policy"", ""Housing finance"", ""Insurance policy"", ""International competitiveness"", ""Medicaid"", ""Medicare"", ""Nutrition policy"", ""Rural credit"", ""Rural development"", ""Rural energy"", ""Securities regulation"", ""Tariffs"", ""Trade policy""]","[""Senate Committee on Agriculture, Nutrition, and Forestry"", ""Senate Committee on Banking, Housing, and Urban Affairs"", ""Senate Committee on Finance"", ""Senate Special Committee on Aging""]","[""Conservation, Forestry, Natural Resources, and Biotechnology"", ""Economic Policy"", ""Financial Institutions and Consumer Protection"", ""Food and Nutrition, Specialty Crops, Organics, and Research"", ""Health Care"", ""International Trade, Customs, and Global Competitiveness"", ""Rural Development, Energy, and Credit"", ""Securities, Insurance, and Investment"", ""Taxation and IRS Oversight""]",https://www.warnock.senate.gov
B001277,Richard Blumenthal,Senate,Democrat,CT,,"[""Aerospace & defense"", ""Aircraft manufacturing"", ""Defense aerospace"", ""Defense systems"", ""Defense technology"", ""Military drones"", ""Military systems"", ""Naval nuclear propulsion""]","[""Ground combat systems"", ""Military procurement"", ""National defense"", ""Naval procurement"", ""Shipbuilding"", ""Tactical aviation""]","[""Senate Committee on Armed Services"", ""Senate Committee on Homeland Security and Governmental Affairs"", ""Senate Committee on Veterans' Affairs"", ""Senate Committee on the Judiciary"", ""United States Senate Caucus on International Narcotics Control""]","[""Airland"", ""Antitrust, Competition Policy, and Consumer Rights"", ""Crime and Counterterrorism"", ""Disaster Management, District of Columbia, and Census"", ""Federal Courts, Oversight, Agency Action, and Federal Rights"", ""Permanent Subcommittee on Investigations"", ""Personnel"", ""Privacy, Technology, and the Law"", ""Seapower""]",https://www.blumenthal.senate.gov
D000563,Richard J. Durbin,Senate,Democrat,IL,,"[""Agriculture"", ""Animal nutrition"", ""Broad commodities"", ""Defense aerospace"", ""Defense electronics"", ""Defense systems"", ""Defense technology"", ""Derivatives"", ""Electric utilities"", ""Electric-grid infrastructure"", ""Farm supplies"", ""Futures-based commodity exposure"", ""Military drones"", ""Missile systems"", ""Nuclear power"", ""Nuclear technology"", ""Packaged foods"", ""Risk management"", ""Solar energy"", ""Water infrastructure"", ""Wind energy""]","[""Agricultural policy"", ""Agricultural trade"", ""Commodity markets"", ""Defense appropriations"", ""Energy appropriations"", ""Food policy"", ""Military procurement"", ""Rural development"", ""Water infrastructure funding""]","[""Senate Committee on Agriculture, Nutrition, and Forestry"", ""Senate Committee on Appropriations"", ""Senate Committee on the Judiciary""]","[""Commodities, Derivatives, Risk Management, and Trade"", ""Crime and Counterterrorism"", ""Department of Defense"", ""Departments of Labor, Health and Human Services, and Education, and Related Agencies"", ""Energy and Water Development"", ""Financial Services and General Government"", ""Livestock, Dairy, Poultry, and Food Safety"", ""State, Foreign Operations, and Related Programs"", ""Transportation, Housing and Urban Development, and Related Agencies""]",https://www.durbin.senate.gov
S001217,Rick Scott,Senate,Republican,FL,,"[""Aerospace & defense"", ""Defense systems"", ""Defense technology"", ""Naval nuclear propulsion""]","[""Military procurement"", ""National defense"", ""Naval procurement"", ""Shipbuilding""]","[""Senate Committee on Armed Services"", ""Senate Committee on Foreign Relations"", ""Senate Committee on Homeland Security and Governmental Affairs"", ""Senate Committee on the Budget"", ""Senate Special Committee on Aging""]","[""Disaster Management, District of Columbia, and Census"", ""Near East, South Asia, Central Asia, and Counterterrorism"", ""Permanent Subcommittee on Investigations"", ""Personnel"", ""Readiness and Management Support"", ""Seapower"", ""State Department and USAID Management, International Operations, and Bilateral International Development"", ""Western Hemisphere, Transnational Crime, Civilian Security, Democracy, Human Rights, and Global Women's Issues""]",https://www.rickscott.senate.gov
W000437,Roger F. Wicker,Senate,Republican,MS,,"[""Aerospace & defense"", ""Aircraft manufacturing"", ""Artificial intelligence"", ""Broadband & cable"", ""Clean energy"", ""Cloud security"", ""Cybersecurity"", ""Defense aerospace"", ""Defense communications"", ""Defense electronics"", ""Defense software"", ""Defense systems"", ""Defense technology"", ""Digital media"", ""Electric-grid infrastructure"", ""Environmental services"", ""Fiber broadband"", ""Freight logistics"", ""Hazardous-waste services"", ""Hydrogen energy"", ""Industrial pollution control"", ""Infrastructure construction"", ""Logistics"", ""Maritime transportation"", ""Media & entertainment"", ""Military drones"", ""Military systems"", ""Missile systems"", ""Naval nuclear propulsion"", ""Nuclear power"", ""Nuclear technology"", ""Oil & gas pipelines"", ""Pipeline construction"", ""Rail equipment"", ""Robotics & AI"", ""Satellite communications"", ""Solar energy"", ""Space systems"", ""Specialty chemicals"", ""Telecommunications"", ""Transportation infrastructure"", ""Waste disposal"", ""Wind energy"", ""Wireless telecommunications""]","[""Air quality"", ""Chemical regulation"", ""Classified intelligence"", ""Climate policy"", ""Coast Guard"", ""Cyber intelligence"", ""Cyber operations"", ""Defense cybersecurity"", ""Emerging defense technology"", ""Environmental regulation"", ""Fisheries"", ""Freight policy"", ""Ground combat systems"", ""Infrastructure policy"", ""Maritime policy"", ""Media policy"", ""Military procurement"", ""Military space"", ""Missile defense"", ""National defense"", ""National security"", ""Naval procurement"", ""Nuclear deterrence"", ""Nuclear safety"", ""Pipeline safety"", ""Shipbuilding"", ""Special operations"", ""Spectrum policy"", ""Surface transportation"", ""Tactical aviation"", ""Telecommunications regulation"", ""Transportation policy"", ""Waste policy""]","[""Commission on Security and Cooperation in Europe"", ""Senate Committee on Armed Services"", ""Senate Committee on Commerce, Science, and Transportation"", ""Senate Committee on Environment and Public Works"", ""Senate Committee on Rules and Administration"", ""Senate Select Committee on Intelligence""]","[""Airland"", ""Chemical Safety, Waste Management, Environmental Justice, and Regulatory Oversight"", ""Clean Air, Climate, and Nuclear Innovation and Safety"", ""Coast Guard, Maritime, and Fisheries"", ""Cybersecurity"", ""Emerging Threats and Capabilities"", ""Personnel"", ""Readiness and Management Support"", ""Seapower"", ""Strategic Forces"", ""Surface Transportation, Freight, Pipelines, and Safety"", ""Telecommunications and Media"", ""Transportation and Infrastructure""]",https://www.wicker.senate.gov
M001198,Roger Marshall,Senate,Republican,KS,,"[""Agriculture"", ""Animal nutrition"", ""Asset management"", ""Benefits administration"", ""Biotechnology"", ""Broad commodities"", ""Electric utilities"", ""Farm supplies"", ""Food brands"", ""Forestry"", ""HR software"", ""Health insurance"", ""Healthcare services"", ""Infrastructure construction"", ""Integrated oil & gas"", ""Managed care"", ""Medical devices"", ""Natural & organic foods"", ""Natural-gas exploration & production"", ""Nuclear power"", ""Packaged foods"", ""Payroll services"", ""Pharmaceuticals"", ""Solar energy"", ""Specialty minerals"", ""Wind energy""]","[""Agricultural biotechnology"", ""Agricultural policy"", ""Agricultural research"", ""Conservation"", ""Customs"", ""Energy tax policy"", ""Food policy"", ""Forestry policy"", ""Health tax policy"", ""Infrastructure finance"", ""International competitiveness"", ""Labor policy"", ""Medicaid"", ""Medicare"", ""Nutrition policy"", ""Pensions"", ""Public health"", ""Retirement policy"", ""Rural development"", ""Tariffs"", ""Trade policy"", ""Workplace safety""]","[""Senate Committee on Agriculture, Nutrition, and Forestry"", ""Senate Committee on Finance"", ""Senate Committee on Health, Education, Labor, and Pensions"", ""Senate Committee on the Budget""]","[""Conservation, Forestry, Natural Resources, and Biotechnology"", ""Employment and Workplace Safety"", ""Energy, Natural Resources, and Infrastructure"", ""Food and Nutrition, Specialty Crops, Organics, and Research"", ""Health Care"", ""International Trade, Customs, and Global Competitiveness"", ""Primary Health and Retirement Security""]",https://www.marshall.senate.gov
J000293,Ron Johnson,Senate,Republican,WI,,"[""Biotechnology"", ""Health insurance"", ""Healthcare services"", ""Managed care"", ""Medical devices"", ""Pharmaceuticals""]","[""Health tax policy"", ""Medicaid"", ""Medicare""]","[""Senate Committee on Finance"", ""Senate Committee on Homeland Security and Governmental Affairs"", ""Senate Committee on the Budget"", ""Senate Special Committee on Aging""]","[""Border Management, Federal Workforce, and Regulatory Affairs"", ""Fiscal Responsibility and Economic Growth"", ""Health Care"", ""Permanent Subcommittee on Investigations"", ""Taxation and IRS Oversight""]",https://www.ronjohnson.senate.gov
W000779,Ron Wyden,Senate,Democrat,OR,,"[""Battery storage"", ""Biotechnology"", ""Cybersecurity"", ""Defense communications"", ""Defense electronics"", ""Electric utilities"", ""Forestry"", ""Gold"", ""Health insurance"", ""Healthcare services"", ""Hydrogen energy"", ""Infrastructure construction"", ""Integrated oil & gas"", ""Iron ore"", ""Managed care"", ""Medical devices"", ""Mining royalties"", ""Natural-gas exploration & production"", ""Nuclear power"", ""Oil exploration & production"", ""Pharmaceuticals"", ""Power generation"", ""Power transmission"", ""Satellite communications"", ""Silver"", ""Solar energy"", ""Space systems"", ""Specialty minerals"", ""Water infrastructure"", ""Water utilities"", ""Wind energy""]","[""Classified intelligence"", ""Customs"", ""Cyber intelligence"", ""Energy policy"", ""Energy security"", ""Energy tax policy"", ""Energy technology"", ""Federal power"", ""Forestry policy"", ""Grid policy"", ""Health tax policy"", ""Hydropower"", ""Infrastructure finance"", ""International competitiveness"", ""Medicaid"", ""Medicare"", ""Mining policy"", ""National security"", ""Natural resources"", ""Public lands"", ""Tariffs"", ""Trade policy"", ""Water policy""]","[""Joint Committee on Taxation"", ""Senate Committee on Energy and Natural Resources"", ""Senate Committee on Finance"", ""Senate Committee on the Budget"", ""Senate Select Committee on Intelligence""]","[""Energy"", ""Energy, Natural Resources, and Infrastructure"", ""Fiscal Responsibility and Economic Growth"", ""Health Care"", ""International Trade, Customs, and Global Competitiveness"", ""Public Lands, Forests, and Mining"", ""Social Security, Pensions, and Family Policy"", ""Taxation and IRS Oversight"", ""Water and Power""]",https://www.wyden.senate.gov
G000574,Ruben Gallego,Senate,Democrat,AZ,,"[""Asset management"", ""Banking"", ""Battery storage"", ""Blockchain financial services"", ""Commercial banking"", ""Consumer banking"", ""Consumer finance"", ""Credit cards"", ""Cryptocurrency exchange"", ""Digital assets"", ""Digital payments"", ""Electric utilities"", ""Fintech"", ""Hydrogen energy"", ""Insurance"", ""Integrated oil & gas"", ""Mortgage technology"", ""Multifamily residential REIT"", ""Natural-gas exploration & production"", ""Nuclear power"", ""Oil exploration & production"", ""Power generation"", ""Power transmission"", ""Regional banking"", ""Residential real estate"", ""Securities exchanges"", ""Solar energy"", ""Specialty minerals"", ""Transportation infrastructure"", ""Water infrastructure"", ""Water utilities"", ""Wind energy""]","[""Bank regulation"", ""Community development"", ""Consumer financial protection"", ""Digital asset regulation"", ""Energy policy"", ""Energy security"", ""Energy technology"", ""Federal power"", ""Financial regulation"", ""Grid policy"", ""Housing finance"", ""Housing policy"", ""Hydropower"", ""Natural resources"", ""Water policy""]","[""Commission on Security and Cooperation in Europe"", ""Senate Committee on Banking, Housing, and Urban Affairs"", ""Senate Committee on Energy and Natural Resources"", ""Senate Committee on Homeland Security and Governmental Affairs"", ""Senate Committee on Veterans' Affairs""]","[""Border Management, Federal Workforce, and Regulatory Affairs"", ""Digital Assets"", ""Energy"", ""Financial Institutions and Consumer Protection"", ""Housing, Transportation, and Community Development"", ""National Parks"", ""Water and Power""]",https://www.gallego.senate.gov
W000802,Sheldon Whitehouse,Senate,Democrat,RI,,"[""Biotechnology"", ""Clean energy"", ""Electric-grid infrastructure"", ""Environmental services"", ""Hazardous-waste services"", ""Health insurance"", ""Healthcare services"", ""Hydrogen energy"", ""Industrial pollution control"", ""Infrastructure construction"", ""Managed care"", ""Medical devices"", ""Nuclear power"", ""Nuclear technology"", ""Pharmaceuticals"", ""Solar energy"", ""Specialty chemicals"", ""Transportation infrastructure"", ""Waste disposal"", ""Wind energy""]","[""Air quality"", ""Chemical regulation"", ""Climate policy"", ""Customs"", ""Environmental regulation"", ""Health tax policy"", ""Infrastructure policy"", ""International competitiveness"", ""Medicaid"", ""Medicare"", ""Nuclear safety"", ""Tariffs"", ""Trade policy"", ""Transportation policy"", ""Waste policy""]","[""Commission on Security and Cooperation in Europe"", ""Senate Committee on Environment and Public Works"", ""Senate Committee on Finance"", ""Senate Committee on the Budget"", ""Senate Committee on the Judiciary"", ""United States Senate Caucus on International Narcotics Control""]","[""Border Security and Immigration"", ""Chemical Safety, Waste Management, Environmental Justice, and Regulatory Oversight"", ""Clean Air, Climate, and Nuclear Innovation and Safety"", ""Federal Courts, Oversight, Agency Action, and Federal Rights"", ""Fisheries, Water, and Wildlife"", ""Health Care"", ""Intellectual Property"", ""International Trade, Customs, and Global Competitiveness"", ""Taxation and IRS Oversight"", ""Transportation and Infrastructure"", ""the Constitution""]",https://www.whitehouse.senate.gov
C001047,Shelley Moore Capito,Senate,Republican,WV,,"[""Aircraft manufacturing"", ""Artificial intelligence"", ""Broadband & cable"", ""Clean energy"", ""Commercial aerospace"", ""Consumer electronics"", ""Cybersecurity"", ""Defense aerospace"", ""Defense electronics"", ""Defense systems"", ""Defense technology"", ""Digital advertising"", ""Digital media"", ""E-commerce"", ""Electric-grid infrastructure"", ""Environmental services"", ""Fiber broadband"", ""Freight logistics"", ""Hazardous-waste services"", ""Hydrogen energy"", ""Industrial pollution control"", ""Infrastructure construction"", ""Media & entertainment"", ""Military drones"", ""Missile systems"", ""Nuclear power"", ""Nuclear technology"", ""Oil & gas pipelines"", ""Passenger airlines"", ""Pipeline construction"", ""Rail equipment"", ""Satellite communications"", ""Solar energy"", ""Space launch"", ""Space systems"", ""Specialty chemicals"", ""Telecommunications"", ""Transportation infrastructure"", ""Waste disposal"", ""Wind energy"", ""Wireless telecommunications""]","[""Air quality"", ""Aviation policy"", ""Chemical regulation"", ""Climate policy"", ""Commercial space policy"", ""Consumer protection"", ""Data privacy"", ""Defense appropriations"", ""Environmental regulation"", ""Freight policy"", ""Infrastructure policy"", ""Media policy"", ""Military procurement"", ""Nuclear safety"", ""Pipeline safety"", ""Spectrum policy"", ""Surface transportation"", ""Technology policy"", ""Telecommunications regulation"", ""Transportation policy"", ""Waste policy""]","[""Senate Committee on Appropriations"", ""Senate Committee on Commerce, Science, and Transportation"", ""Senate Committee on Environment and Public Works"", ""Senate Committee on Rules and Administration""]","[""Aviation, Space, and Innovation"", ""Chemical Safety, Waste Management, Environmental Justice, and Regulatory Oversight"", ""Clean Air, Climate, and Nuclear Innovation and Safety"", ""Commerce, Justice, Science, and Related Agencies"", ""Consumer Protection, Technology, and Data Privacy"", ""Department of Defense"", ""Department of Homeland Security"", ""Department of Interior, Environment, and Related Agencies"", ""Departments of Labor, Health and Human Services, and Education, and Related Agencies"", ""Fisheries, Water, and Wildlife"", ""Surface Transportation, Freight, Pipelines, and Safety"", ""Telecommunications and Media"", ""Transportation and Infrastructure"", ""Transportation, Housing and Urban Development, and Related Agencies""]",https://www.capito.senate.gov
D000618,Steve Daines,Senate,Republican,MT,,"[""Biotechnology"", ""Electric utilities"", ""Forestry"", ""Gold"", ""Health insurance"", ""Healthcare services"", ""Infrastructure construction"", ""Integrated oil & gas"", ""Iron ore"", ""Managed care"", ""Medical devices"", ""Mining royalties"", ""Natural-gas exploration & production"", ""Nuclear power"", ""Oil exploration & production"", ""Pharmaceuticals"", ""Power generation"", ""Power transmission"", ""Silver"", ""Solar energy"", ""Specialty minerals"", ""Water infrastructure"", ""Water utilities"", ""Wind energy""]","[""Customs"", ""Energy policy"", ""Energy tax policy"", ""Federal power"", ""Forestry policy"", ""Health tax policy"", ""Hydropower"", ""Infrastructure finance"", ""International competitiveness"", ""Medicaid"", ""Medicare"", ""Mining policy"", ""Natural resources"", ""Public lands"", ""Tariffs"", ""Trade policy"", ""Water policy""]","[""Senate Committee on Energy and Natural Resources"", ""Senate Committee on Finance"", ""Senate Committee on Foreign Relations"", ""Senate Committee on Indian Affairs""]","[""Africa and Global Health Policy"", ""Energy, Natural Resources, and Infrastructure"", ""Europe and Regional Security Cooperation"", ""Health Care"", ""International Trade, Customs, and Global Competitiveness"", ""National Parks"", ""Near East, South Asia, Central Asia, and Counterterrorism"", ""Public Lands, Forests, and Mining"", ""Water and Power""]",https://www.daines.senate.gov
C001035,Susan M. Collins,Senate,Republican,ME,,"[""Asset management"", ""Biotechnology"", ""Cybersecurity"", ""Defense aerospace"", ""Defense communications"", ""Defense electronics"", ""Defense systems"", ""Defense technology"", ""Electric utilities"", ""Electric-grid infrastructure"", ""Health insurance"", ""Healthcare services"", ""Medical devices"", ""Military drones"", ""Missile systems"", ""Nuclear power"", ""Nuclear technology"", ""Pharmaceuticals"", ""Satellite communications"", ""Solar energy"", ""Space systems"", ""Water infrastructure"", ""Wind energy""]","[""Classified intelligence"", ""Cyber intelligence"", ""Defense appropriations"", ""Energy appropriations"", ""Military procurement"", ""National security"", ""Pensions"", ""Public health"", ""Retirement policy"", ""Water infrastructure funding""]","[""Senate Committee on Appropriations"", ""Senate Committee on Health, Education, Labor, and Pensions"", ""Senate Select Committee on Intelligence""]","[""Agriculture, Rural Development, Food and Drug Administration, and Related Agencies"", ""Commerce, Justice, Science, and Related Agencies"", ""Department of Defense"", ""Department of Homeland Security"", ""Department of Interior, Environment, and Related Agencies"", ""Departments of Labor, Health and Human Services, and Education, and Related Agencies"", ""Energy and Water Development"", ""Financial Services and General Government"", ""Legislative Branch"", ""Military Construction, Veterans Affairs, and Related Agencies"", ""Primary Health and Retirement Security"", ""State, Foreign Operations, and Related Programs"", ""Transportation, Housing and Urban Development, and Related Agencies""]",https://www.collins.senate.gov
B001230,Tammy Baldwin,Senate,Democrat,WI,,"[""Advanced materials"", ""Artificial intelligence"", ""Asset management"", ""Benefits administration"", ""Biotechnology"", ""Broadband & cable"", ""Consumer electronics"", ""Cybersecurity"", ""Defense aerospace"", ""Defense electronics"", ""Defense systems"", ""Defense technology"", ""Digital advertising"", ""Digital media"", ""E-commerce"", ""Electric utilities"", ""Electric-grid infrastructure"", ""Fiber broadband"", ""HR software"", ""Health insurance"", ""Healthcare services"", ""Industrial manufacturing"", ""Logistics"", ""Maritime transportation"", ""Media & entertainment"", ""Medical devices"", ""Military drones"", ""Missile systems"", ""Nuclear power"", ""Nuclear technology"", ""Payroll services"", ""Pharmaceuticals"", ""Robotics & AI"", ""Satellite communications"", ""Semiconductors"", ""Solar energy"", ""Telecommunications"", ""Water infrastructure"", ""Wind energy"", ""Wireless telecommunications""]","[""Coast Guard"", ""Consumer protection"", ""Data privacy"", ""Defense appropriations"", ""Energy appropriations"", ""Fisheries"", ""Labor policy"", ""Manufacturing policy"", ""Maritime policy"", ""Media policy"", ""Military procurement"", ""Pensions"", ""Public health"", ""Retirement policy"", ""Science policy"", ""Spectrum policy"", ""Technology competitiveness"", ""Technology policy"", ""Telecommunications regulation"", ""Water infrastructure funding"", ""Workplace safety""]","[""Senate Committee on Appropriations"", ""Senate Committee on Commerce, Science, and Transportation"", ""Senate Committee on Health, Education, Labor, and Pensions""]","[""Agriculture, Rural Development, Food and Drug Administration, and Related Agencies"", ""Coast Guard, Maritime, and Fisheries"", ""Consumer Protection, Technology, and Data Privacy"", ""Department of Defense"", ""Department of Interior, Environment, and Related Agencies"", ""Departments of Labor, Health and Human Services, and Education, and Related Agencies"", ""Employment and Workplace Safety"", ""Energy and Water Development"", ""Military Construction, Veterans Affairs, and Related Agencies"", ""Primary Health and Retirement Security"", ""Science, Manufacturing, and Competitiveness"", ""Telecommunications and Media""]",https://www.baldwin.senate.gov
D000622,Tammy Duckworth,Senate,Democrat,IL,,"[""Aerospace & defense"", ""Aircraft manufacturing"", ""Broadband & cable"", ""Commercial aerospace"", ""Defense aerospace"", ""Defense systems"", ""Defense technology"", ""Digital media"", ""Fiber broadband"", ""Freight logistics"", ""Media & entertainment"", ""Military drones"", ""Military systems"", ""Oil & gas pipelines"", ""Passenger airlines"", ""Pipeline construction"", ""Rail equipment"", ""Satellite communications"", ""Space launch"", ""Space systems"", ""Telecommunications"", ""Transportation infrastructure"", ""Wireless telecommunications""]","[""Aviation policy"", ""Commercial space policy"", ""Freight policy"", ""Ground combat systems"", ""Media policy"", ""Military procurement"", ""National defense"", ""Pipeline safety"", ""Spectrum policy"", ""Surface transportation"", ""Tactical aviation"", ""Telecommunications regulation""]","[""Senate Committee on Armed Services"", ""Senate Committee on Commerce, Science, and Transportation"", ""Senate Committee on Foreign Relations"", ""Senate Committee on Veterans' Affairs""]","[""Airland"", ""Aviation, Space, and Innovation"", ""Europe and Regional Security Cooperation"", ""Multilateral International Development, Multilateral Institutions, and International Economic, Energy, and Environmental Policy"", ""Personnel"", ""Readiness and Management Support"", ""State Department and USAID Management, International Operations, and Bilateral International Development"", ""Surface Transportation, Freight, Pipelines, and Safety"", ""Telecommunications and Media""]",https://www.duckworth.senate.gov
B001305,Ted Budd,Senate,Republican,NC,,"[""Advanced materials"", ""Aerospace & defense"", ""Aircraft manufacturing"", ""Artificial intelligence"", ""Broadband & cable"", ""Cloud security"", ""Commercial aerospace"", ""Cybersecurity"", ""Defense aerospace"", ""Defense communications"", ""Defense electronics"", ""Defense software"", ""Defense systems"", ""Defense technology"", ""Digital media"", ""Fiber broadband"", ""Industrial manufacturing"", ""Media & entertainment"", ""Military drones"", ""Military systems"", ""Passenger airlines"", ""Robotics & AI"", ""Satellite communications"", ""Semiconductors"", ""Space launch"", ""Space systems"", ""Telecommunications"", ""Wireless telecommunications""]","[""Aviation policy"", ""Classified intelligence"", ""Commercial space policy"", ""Cyber intelligence"", ""Cyber operations"", ""Defense cybersecurity"", ""Emerging defense technology"", ""Ground combat systems"", ""Manufacturing policy"", ""Media policy"", ""Military procurement"", ""National defense"", ""National security"", ""Science policy"", ""Special operations"", ""Spectrum policy"", ""Tactical aviation"", ""Technology competitiveness"", ""Telecommunications regulation""]","[""Joint Economic Committee"", ""Senate Committee on Armed Services"", ""Senate Committee on Commerce, Science, and Transportation"", ""Senate Committee on Small Business and Entrepreneurship"", ""Senate Select Committee on Intelligence""]","[""Airland"", ""Aviation, Space, and Innovation"", ""Cybersecurity"", ""Emerging Threats and Capabilities"", ""Personnel"", ""Science, Manufacturing, and Competitiveness"", ""Telecommunications and Media""]",https://www.budd.senate.gov
C001098,Ted Cruz,Senate,Republican,TX,,"[""Advanced materials"", ""Aircraft manufacturing"", ""Artificial intelligence"", ""Broadband & cable"", ""Commercial aerospace"", ""Consumer electronics"", ""Cybersecurity"", ""Digital advertising"", ""Digital media"", ""E-commerce"", ""Fiber broadband"", ""Freight logistics"", ""Industrial manufacturing"", ""Logistics"", ""Maritime transportation"", ""Media & entertainment"", ""Oil & gas pipelines"", ""Passenger airlines"", ""Pipeline construction"", ""Rail equipment"", ""Robotics & AI"", ""Satellite communications"", ""Semiconductors"", ""Space launch"", ""Space systems"", ""Telecommunications"", ""Transportation infrastructure"", ""Wireless telecommunications""]","[""Aviation policy"", ""Coast Guard"", ""Commercial space policy"", ""Consumer protection"", ""Data privacy"", ""Fisheries"", ""Freight policy"", ""Manufacturing policy"", ""Maritime policy"", ""Media policy"", ""Pipeline safety"", ""Science policy"", ""Spectrum policy"", ""Surface transportation"", ""Technology competitiveness"", ""Technology policy"", ""Telecommunications regulation""]","[""Senate Committee on Commerce, Science, and Transportation"", ""Senate Committee on Foreign Relations"", ""Senate Committee on Rules and Administration"", ""Senate Committee on the Judiciary""]","[""Africa and Global Health Policy"", ""Aviation, Space, and Innovation"", ""Border Security and Immigration"", ""Coast Guard, Maritime, and Fisheries"", ""Consumer Protection, Technology, and Data Privacy"", ""Crime and Counterterrorism"", ""Federal Courts, Oversight, Agency Action, and Federal Rights"", ""Near East, South Asia, Central Asia, and Counterterrorism"", ""Science, Manufacturing, and Competitiveness"", ""Surface Transportation, Freight, Pipelines, and Safety"", ""Telecommunications and Media"", ""Western Hemisphere, Transnational Crime, Civilian Security, Democracy, Human Rights, and Global Women's Issues"", ""the Constitution""]",https://www.cruz.senate.gov
T000476,Thom Tillis,Senate,Republican,NC,,"[""Asset management"", ""Banking"", ""Biotechnology"", ""Blockchain financial services"", ""Commercial banking"", ""Consumer banking"", ""Consumer finance"", ""Credit cards"", ""Cryptocurrency exchange"", ""Digital assets"", ""Digital payments"", ""Fintech"", ""Health insurance"", ""Healthcare services"", ""Insurance"", ""Managed care"", ""Medical devices"", ""Pharmaceuticals"", ""Regional banking"", ""Securities exchanges""]","[""Bank regulation"", ""Consumer financial protection"", ""Customs"", ""Digital asset regulation"", ""Financial regulation"", ""Health tax policy"", ""Housing finance"", ""International competitiveness"", ""Medicaid"", ""Medicare"", ""Tariffs"", ""Trade policy""]","[""Commission on Security and Cooperation in Europe"", ""Senate Committee on Banking, Housing, and Urban Affairs"", ""Senate Committee on Finance"", ""Senate Committee on Veterans' Affairs"", ""Senate Committee on the Judiciary""]","[""Antitrust, Competition Policy, and Consumer Rights"", ""Border Security and Immigration"", ""Digital Assets"", ""Economic Policy"", ""Federal Courts, Oversight, Agency Action, and Federal Rights"", ""Financial Institutions and Consumer Protection"", ""Health Care"", ""Intellectual Property"", ""International Trade, Customs, and Global Competitiveness"", ""Taxation and IRS Oversight""]",https://www.tillis.senate.gov
K000384,Tim Kaine,Senate,Democrat,VA,,"[""Aerospace & defense"", ""Artificial intelligence"", ""Benefits administration"", ""Cybersecurity"", ""Defense systems"", ""Defense technology"", ""HR software"", ""Military drones"", ""Naval nuclear propulsion"", ""Payroll services"", ""Robotics & AI""]","[""Emerging defense technology"", ""Labor policy"", ""Military procurement"", ""National defense"", ""Naval procurement"", ""Shipbuilding"", ""Special operations"", ""Workplace safety""]","[""Senate Committee on Armed Services"", ""Senate Committee on Foreign Relations"", ""Senate Committee on Health, Education, Labor, and Pensions"", ""Senate Committee on the Budget""]","[""Education and the American Family"", ""Emerging Threats and Capabilities"", ""Employment and Workplace Safety"", ""Near East, South Asia, Central Asia, and Counterterrorism"", ""Readiness and Management Support"", ""Seapower"", ""State Department and USAID Management, International Operations, and Bilateral International Development"", ""Western Hemisphere, Transnational Crime, Civilian Security, Democracy, Human Rights, and Global Women's Issues""]",https://www.kaine.senate.gov
S001184,Tim Scott,Senate,Republican,SC,,"[""Asset management"", ""Banking"", ""Benefits administration"", ""Biotechnology"", ""Blockchain financial services"", ""Brokerage"", ""Commercial banking"", ""Consumer banking"", ""Consumer finance"", ""Credit cards"", ""Cross-border payments"", ""Cryptocurrency exchange"", ""Digital assets"", ""Digital payments"", ""Electric utilities"", ""Fintech"", ""HR software"", ""Health insurance"", ""Healthcare services"", ""Infrastructure construction"", ""Institutional investing"", ""Insurance"", ""Integrated oil & gas"", ""Investment banking"", ""Managed care"", ""Medical devices"", ""Mortgage technology"", ""Multifamily residential REIT"", ""Natural-gas exploration & production"", ""Nuclear power"", ""Payroll services"", ""Pharmaceuticals"", ""Regional banking"", ""Residential real estate"", ""Securities exchanges"", ""Solar energy"", ""Transportation infrastructure"", ""Wind energy""]","[""Bank regulation"", ""Community development"", ""Consumer financial protection"", ""Customs"", ""Digital asset regulation"", ""Energy tax policy"", ""Financial regulation"", ""Health tax policy"", ""Housing finance"", ""Housing policy"", ""Infrastructure finance"", ""Insurance policy"", ""International competitiveness"", ""International finance"", ""Labor policy"", ""Medicaid"", ""Medicare"", ""Sanctions"", ""Securities regulation"", ""Tariffs"", ""Trade finance"", ""Trade policy"", ""Workplace safety""]","[""Senate Committee on Banking, Housing, and Urban Affairs"", ""Senate Committee on Finance"", ""Senate Committee on Health, Education, Labor, and Pensions"", ""Senate Committee on Small Business and Entrepreneurship""]","[""Digital Assets"", ""Economic Policy"", ""Education and the American Family"", ""Employment and Workplace Safety"", ""Energy, Natural Resources, and Infrastructure"", ""Financial Institutions and Consumer Protection"", ""Health Care"", ""Housing, Transportation, and Community Development"", ""International Trade, Customs, and Global Competitiveness"", ""National Security and International Trade and Finance"", ""Securities, Insurance, and Investment""]",https://www.scott.senate.gov
S001232,Tim Sheehy,Senate,Republican,MT,,"[""Aerospace & defense"", ""Aircraft manufacturing"", ""Artificial intelligence"", ""Broadband & cable"", ""Commercial aerospace"", ""Cybersecurity"", ""Defense systems"", ""Defense technology"", ""Digital media"", ""Fiber broadband"", ""Logistics"", ""Maritime transportation"", ""Media & entertainment"", ""Military drones"", ""Naval nuclear propulsion"", ""Passenger airlines"", ""Robotics & AI"", ""Satellite communications"", ""Space launch"", ""Space systems"", ""Telecommunications"", ""Wireless telecommunications""]","[""Aviation policy"", ""Coast Guard"", ""Commercial space policy"", ""Emerging defense technology"", ""Fisheries"", ""Maritime policy"", ""Media policy"", ""Military procurement"", ""National defense"", ""Naval procurement"", ""Shipbuilding"", ""Special operations"", ""Spectrum policy"", ""Telecommunications regulation""]","[""Senate Committee on Armed Services"", ""Senate Committee on Commerce, Science, and Transportation"", ""Senate Committee on Veterans' Affairs""]","[""Aviation, Space, and Innovation"", ""Coast Guard, Maritime, and Fisheries"", ""Emerging Threats and Capabilities"", ""Readiness and Management Support"", ""Seapower"", ""Telecommunications and Media""]",https://www.sheehy.senate.gov
S001203,Tina Smith,Senate,Democrat,MN,,"[""Agriculture"", ""Animal nutrition"", ""Asset management"", ""Banking"", ""Bioenergy"", ""Biotechnology"", ""Blockchain financial services"", ""Broad commodities"", ""Commercial banking"", ""Consumer finance"", ""Cryptocurrency exchange"", ""Digital assets"", ""Digital payments"", ""Electric utilities"", ""Farm supplies"", ""Fintech"", ""Food brands"", ""Health insurance"", ""Healthcare services"", ""Insurance"", ""Managed care"", ""Medical devices"", ""Mortgage technology"", ""Multifamily residential REIT"", ""Natural & organic foods"", ""Packaged foods"", ""Pharmaceuticals"", ""Residential real estate"", ""Securities exchanges"", ""Solar energy"", ""Transportation infrastructure"", ""Wind energy""]","[""Agricultural policy"", ""Agricultural research"", ""Community development"", ""Customs"", ""Digital asset regulation"", ""Financial regulation"", ""Food policy"", ""Health tax policy"", ""Housing finance"", ""Housing policy"", ""International competitiveness"", ""Medicaid"", ""Medicare"", ""Nutrition policy"", ""Rural credit"", ""Rural development"", ""Rural energy"", ""Tariffs"", ""Trade policy""]","[""Senate Committee on Agriculture, Nutrition, and Forestry"", ""Senate Committee on Banking, Housing, and Urban Affairs"", ""Senate Committee on Finance"", ""Senate Committee on Indian Affairs""]","[""Digital Assets"", ""Economic Policy"", ""Fiscal Responsibility and Economic Growth"", ""Food and Nutrition, Specialty Crops, Organics, and Research"", ""Health Care"", ""Housing, Transportation, and Community Development"", ""International Trade, Customs, and Global Competitiveness"", ""Livestock, Dairy, Poultry, and Food Safety"", ""Rural Development, Energy, and Credit""]",https://www.smith.senate.gov
Y000064,Todd Young,Senate,Republican,IN,,"[""Advanced materials"", ""Artificial intelligence"", ""Biotechnology"", ""Broadband & cable"", ""Consumer electronics"", ""Cybersecurity"", ""Defense communications"", ""Defense electronics"", ""Digital advertising"", ""Digital media"", ""E-commerce"", ""Fiber broadband"", ""Freight logistics"", ""Health insurance"", ""Healthcare services"", ""Industrial manufacturing"", ""Managed care"", ""Media & entertainment"", ""Medical devices"", ""Oil & gas pipelines"", ""Pharmaceuticals"", ""Pipeline construction"", ""Rail equipment"", ""Robotics & AI"", ""Satellite communications"", ""Semiconductors"", ""Space systems"", ""Telecommunications"", ""Transportation infrastructure"", ""Wireless telecommunications""]","[""Classified intelligence"", ""Consumer protection"", ""Customs"", ""Cyber intelligence"", ""Data privacy"", ""Freight policy"", ""Health tax policy"", ""International competitiveness"", ""Manufacturing policy"", ""Media policy"", ""Medicaid"", ""Medicare"", ""National security"", ""Pipeline safety"", ""Science policy"", ""Spectrum policy"", ""Surface transportation"", ""Tariffs"", ""Technology competitiveness"", ""Technology policy"", ""Telecommunications regulation"", ""Trade policy""]","[""Senate Committee on Commerce, Science, and Transportation"", ""Senate Committee on Finance"", ""Senate Committee on Small Business and Entrepreneurship"", ""Senate Select Committee on Intelligence""]","[""Consumer Protection, Technology, and Data Privacy"", ""Health Care"", ""International Trade, Customs, and Global Competitiveness"", ""Science, Manufacturing, and Competitiveness"", ""Social Security, Pensions, and Family Policy"", ""Surface Transportation, Freight, Pipelines, and Safety"", ""Telecommunications and Media""]",https://www.young.senate.gov
C001095,Tom Cotton,Senate,Republican,AR,,"[""Aerospace & defense"", ""Aircraft manufacturing"", ""Artificial intelligence"", ""Battery storage"", ""Cloud security"", ""Cybersecurity"", ""Defense aerospace"", ""Defense communications"", ""Defense electronics"", ""Defense software"", ""Defense systems"", ""Defense technology"", ""Electric utilities"", ""Forestry"", ""Gold"", ""Hydrogen energy"", ""Integrated oil & gas"", ""Iron ore"", ""Military drones"", ""Military systems"", ""Mining royalties"", ""Missile systems"", ""Natural-gas exploration & production"", ""Nuclear power"", ""Nuclear technology"", ""Oil exploration & production"", ""Power generation"", ""Power transmission"", ""Robotics & AI"", ""Satellite communications"", ""Silver"", ""Solar energy"", ""Space systems"", ""Specialty minerals"", ""Wind energy""]","[""Classified intelligence"", ""Cyber intelligence"", ""Cyber operations"", ""Defense cybersecurity"", ""Emerging defense technology"", ""Energy policy"", ""Energy security"", ""Energy technology"", ""Forestry policy"", ""Grid policy"", ""Ground combat systems"", ""Military procurement"", ""Military space"", ""Mining policy"", ""Missile defense"", ""National defense"", ""National security"", ""Natural resources"", ""Nuclear deterrence"", ""Public lands"", ""Special operations"", ""Tactical aviation""]","[""Joint Economic Committee"", ""Senate Committee on Armed Services"", ""Senate Committee on Energy and Natural Resources"", ""Senate Select Committee on Intelligence""]","[""Airland"", ""Cybersecurity"", ""Emerging Threats and Capabilities"", ""Energy"", ""Public Lands, Forests, and Mining"", ""Strategic Forces""]",https://www.cotton.senate.gov
T000278,Tommy Tuberville,Senate,Republican,AL,,"[""Aerospace & defense"", ""Agriculture"", ""Animal nutrition"", ""Benefits administration"", ""Bioenergy"", ""Broad commodities"", ""Commercial banking"", ""Defense systems"", ""Defense technology"", ""Derivatives"", ""Electric utilities"", ""Farm supplies"", ""Food brands"", ""Futures-based commodity exposure"", ""HR software"", ""Missile systems"", ""Natural & organic foods"", ""Naval nuclear propulsion"", ""Nuclear technology"", ""Packaged foods"", ""Payroll services"", ""Risk management"", ""Solar energy"", ""Space systems"", ""Wind energy""]","[""Agricultural policy"", ""Agricultural research"", ""Agricultural trade"", ""Commodity markets"", ""Food policy"", ""Labor policy"", ""Military procurement"", ""Military space"", ""Missile defense"", ""National defense"", ""Naval procurement"", ""Nuclear deterrence"", ""Nutrition policy"", ""Rural credit"", ""Rural development"", ""Rural energy"", ""Shipbuilding"", ""Workplace safety""]","[""Senate Committee on Agriculture, Nutrition, and Forestry"", ""Senate Committee on Armed Services"", ""Senate Committee on Health, Education, Labor, and Pensions"", ""Senate Committee on Veterans' Affairs"", ""Senate Special Committee on Aging""]","[""Commodities, Derivatives, Risk Management, and Trade"", ""Education and the American Family"", ""Employment and Workplace Safety"", ""Food and Nutrition, Specialty Crops, Organics, and Research"", ""Personnel"", ""Rural Development, Energy, and Credit"", ""Seapower"", ""Strategic Forces""]",https://www.tuberville.senate.gov
